{
  "No direct optim ancestor": "None",
  "umap1": 0.4757721354485336,
  "umap2": 0.7937456749601989
}