{
  "No direct optim ancestor": "None",
  "umap1": 0.8991312705281502,
  "umap2": 0.9925092408147832
}