{
  "No direct optim ancestor": "None",
  "umap1": 0.7071157045488242,
  "umap2": 0.4074426254243346
}