{
  "No direct optim ancestor": "None",
  "umap1": 0.3860942623578172,
  "umap2": 0.8850664496801729
}