{
  "No direct optim ancestor": "None",
  "umap1": 0.02036066391767133,
  "umap2": 0.03600570745482656
}