{
  "No direct optim ancestor": "None",
  "umap1": 0.777325738187759,
  "umap2": 0.9015530462792947
}