{
  "No direct optim ancestor": "None",
  "umap1": 0.5475470728812768,
  "umap2": 0.8856273577964907
}