{
  "No direct optim ancestor": "None",
  "umap1": 0.656172310253798,
  "umap2": 0.1286345241918868
}