{
  "No direct optim ancestor": "None",
  "umap1": 0.8732026939427491,
  "umap2": 0.8294265231325308
}