{
  "No direct optim ancestor": "None",
  "umap1": 0.19672910551875666,
  "umap2": 0.36416511768147175
}