{
  "No direct optim ancestor": "None",
  "umap1": 0.9932528030883546,
  "umap2": 0.5023507085642656
}