{
  "No direct optim ancestor": "None",
  "umap1": 0.6989763899756354,
  "umap2": 0.19577004040108037
}