{
  "No direct optim ancestor": "None",
  "umap1": 0.011796501826730088,
  "umap2": 0.6372055959030405
}