{
  "No direct optim ancestor": "None",
  "umap1": 0.16180302282909853,
  "umap2": 0.23499042291581518
}