{
  "No direct optim ancestor": "None",
  "umap1": 0.12723574676650784,
  "umap2": 0.10332730185415229
}