{
  "Ancestor's direct optim goal": "a photo of a red salamander with green spots and blue gills",
  "umap1": 0.057419456210946795,
  "umap2": 0.1414732981700504
}