{
  "No direct optim ancestor": "None",
  "umap1": 0.211283184981632,
  "umap2": 0.6501006923169924
}