{
  "No direct optim ancestor": "None",
  "umap1": 0.8656614980111653,
  "umap2": 0.4058934582115229
}