{
  "No direct optim ancestor": "None",
  "umap1": 0.6316705814601129,
  "umap2": 0.6878121449017112
}