{
  "No direct optim ancestor": "None",
  "umap1": 0.7675683100913511,
  "umap2": 0.30423007177280315
}