{
  "No direct optim ancestor": "None",
  "umap1": 0.11149171841778882,
  "umap2": 0.17774151390959492
}