{
  "No direct optim ancestor": "None",
  "umap1": 0.5331571843467807,
  "umap2": 0.39315043259137517
}