{
  "No direct optim ancestor": "None",
  "umap1": 0.8611784963560918,
  "umap2": 0.15555504589947333
}