{
  "No direct optim ancestor": "None",
  "umap1": 0.88617255332911,
  "umap2": 0.7712916546327018
}