{
  "No direct optim ancestor": "None",
  "umap1": 0.4724890372788816,
  "umap2": 0.7378155931463695
}