{
  "No direct optim ancestor": "None",
  "umap1": 0.6919384146857153,
  "umap2": 0.9140764630976757
}