{
  "No direct optim ancestor": "None",
  "umap1": 0.8845446191082317,
  "umap2": 0.677816122363282
}