{
  "No direct optim ancestor": "None",
  "umap1": 0.40810491336057764,
  "umap2": 0.9826227839777604
}