{
  "No direct optim ancestor": "None",
  "umap1": 0.4277678476677359,
  "umap2": 0.29124862374963967
}