{
  "No direct optim ancestor": "None",
  "umap1": 0.6485419184812188,
  "umap2": 0.10326310926008841
}