{
  "No direct optim ancestor": "None",
  "umap1": 0.046631570865559246,
  "umap2": 0.9374994851814467
}