{
  "No direct optim ancestor": "None",
  "umap1": 0.6089621587531742,
  "umap2": 0.5135863307676823
}