{
  "No direct optim ancestor": "None",
  "umap1": 0.22599981679998005,
  "umap2": 0.3487211368986416
}