{
  "No direct optim ancestor": "None",
  "umap1": 0.5431098480572728,
  "umap2": 0.561545881776643
}