{
  "No direct optim ancestor": "None",
  "umap1": 0.16345822491994255,
  "umap2": 0.9153000739697894
}