{
  "No direct optim ancestor": "None",
  "umap1": 0.11545238121081758,
  "umap2": 0.2209638417323042
}