{
  "No direct optim ancestor": "None",
  "umap1": 0.8754587228917493,
  "umap2": 0.9350921318811041
}