{
  "No direct optim ancestor": "None",
  "umap1": 0.045730202930568065,
  "umap2": 0.17841951249446408
}