{
  "No direct optim ancestor": "None",
  "umap1": 0.9708295184275612,
  "umap2": 0.4471200386273808
}