{
  "No direct optim ancestor": "None",
  "umap1": 0.9647106171428328,
  "umap2": 0.4122442679775712
}