{
  "No direct optim ancestor": "None",
  "umap1": 0.26652619457463145,
  "umap2": 0.7242899518257953
}