{
  "No direct optim ancestor": "None",
  "umap1": 0.9732021496416382,
  "umap2": 0.9542249693934994
}