{
  "No direct optim ancestor": "None",
  "umap1": 0.7862081558057302,
  "umap2": 0.10681083200994712
}