{
  "No direct optim ancestor": "None",
  "umap1": 0.8839807864401122,
  "umap2": 0.8405609284771399
}