{
  "No direct optim ancestor": "None",
  "umap1": 0.38466285631097685,
  "umap2": 0.6638735750591469
}