{
  "No direct optim ancestor": "None",
  "umap1": 0.14204894765748843,
  "umap2": 0.8661554648861528
}