{
  "No direct optim ancestor": "None",
  "umap1": 0.33331003431580497,
  "umap2": 0.8165292626682259
}