{
  "No direct optim ancestor": "None",
  "umap1": 0.042172791148941347,
  "umap2": 0.66911168558802
}