{
  "No direct optim ancestor": "None",
  "umap1": 0.8009865960293283,
  "umap2": 0.1940850201213259
}