{
  "No direct optim ancestor": "None",
  "umap1": 0.4846291208682939,
  "umap2": 0.44841830397101823
}