{
  "No direct optim ancestor": "None",
  "umap1": 0.39657368982372976,
  "umap2": 0.35836808109959883
}