{
  "No direct optim ancestor": "None",
  "umap1": 0.6195753408557187,
  "umap2": 0.5336842514325598
}