{
  "No direct optim ancestor": "None",
  "umap1": 0.6985298851520452,
  "umap2": 0.1485494619312301
}