{
  "No direct optim ancestor": "None",
  "umap1": 0.58085059557458,
  "umap2": 0.3251418837178066
}