{
  "No direct optim ancestor": "None",
  "umap1": 0.3643959659004429,
  "umap2": 0.7275913315621159
}