{
  "No direct optim ancestor": "None",
  "umap1": 0.32761221910159055,
  "umap2": 0.5174845498713752
}