{
  "No direct optim ancestor": "None",
  "umap1": 0.3583480894527229,
  "umap2": 0.6404104739101573
}