{
  "No direct optim ancestor": "None",
  "umap1": 0.8079246870817604,
  "umap2": 0.12808659659551314
}