{
  "No direct optim ancestor": "None",
  "umap1": 0.5110456818740139,
  "umap2": 0.602815489743551
}