{
  "Direct optim goal": "a red six-petaled flower with green spots and blue center",
  "umap1": 0.9353001421846302,
  "umap2": 0.8308843787737011
}