{
  "No direct optim ancestor": "None",
  "umap1": 0.808308127881662,
  "umap2": 0.9796203089333967
}