{
  "No direct optim ancestor": "None",
  "umap1": 0.4485141851503114,
  "umap2": 0.7279148139868908
}