{
  "No direct optim ancestor": "None",
  "umap1": 0.8663710011849896,
  "umap2": 0.12253394777459614
}