{
  "No direct optim ancestor": "None",
  "umap1": 0.43384553361696465,
  "umap2": 0.9374248778542352
}