{
  "No direct optim ancestor": "None",
  "umap1": 0.251384397521329,
  "umap2": 0.5173331577520573
}