{
  "No direct optim ancestor": "None",
  "umap1": 0.7757491888777496,
  "umap2": 0.5296509798925692
}