{
  "No direct optim ancestor": "None",
  "umap1": 0.5775510771916393,
  "umap2": 0.5784558149495495
}