{
  "No direct optim ancestor": "None",
  "umap1": 0.09310433822001052,
  "umap2": 0.4458055186215959
}