{
  "No direct optim ancestor": "None",
  "umap1": 0.37529675098159654,
  "umap2": 0.15316720028408004
}