{
  "No direct optim ancestor": "None",
  "umap1": 0.025905940928724558,
  "umap2": 0.5581912591393303
}