{
  "No direct optim ancestor": "None",
  "umap1": 0.3538480618155456,
  "umap2": 0.8825802432952427
}