{
  "No direct optim ancestor": "None",
  "umap1": 0.767789989824419,
  "umap2": 0.4881256457625429
}