{
  "No direct optim ancestor": "None",
  "umap1": 0.9428177211912696,
  "umap2": 0.055044541159759874
}