{
  "No direct optim ancestor": "None",
  "umap1": 0.3676220906389709,
  "umap2": 0.6779596476353544
}