{
  "No direct optim ancestor": "None",
  "umap1": 0.9409628603466451,
  "umap2": 0.14635045581116457
}