{
  "No direct optim ancestor": "None",
  "umap1": 0.5621824958328351,
  "umap2": 0.29760327583558144
}