{
  "No direct optim ancestor": "None",
  "umap1": 0.2562747066433957,
  "umap2": 0.6805814015079453
}