{
  "No direct optim ancestor": "None",
  "umap1": 0.7594251455167419,
  "umap2": 0.1915715764529654
}