{
  "No direct optim ancestor": "None",
  "umap1": 0.387675035362551,
  "umap2": 0.215697784787503
}