{
  "No direct optim ancestor": "None",
  "umap1": 0.4012924968864877,
  "umap2": 0.38120061755514323
}