{
  "No direct optim ancestor": "None",
  "umap1": 0.9680933355411245,
  "umap2": 0.5996838532828385
}