{
  "No direct optim ancestor": "None",
  "umap1": 0.2910679337307708,
  "umap2": 0.4108734053557873
}