{
  "No direct optim ancestor": "None",
  "umap1": 0.45819420566752134,
  "umap2": 0.2687787397597905
}