{
  "No direct optim ancestor": "None",
  "umap1": 0.5411588059883807,
  "umap2": 0.05731920067717555
}