{
  "No direct optim ancestor": "None",
  "umap1": 0.800442154296835,
  "umap2": 0.7495879878273013
}