{
  "No direct optim ancestor": "None",
  "umap1": 0.5674313751359827,
  "umap2": 0.45256989811179726
}