{
  "No direct optim ancestor": "None",
  "umap1": 0.6988933103440638,
  "umap2": 0.5669649110798772
}