{
  "Ancestor's direct optim goal": "a photo of a red crab with green claws and blue legs",
  "umap1": 0.910212799049409,
  "umap2": 0.4725174030969004
}