{
  "No direct optim ancestor": "None",
  "umap1": 0.6025339896300571,
  "umap2": 0.031200884635581794
}