{
  "No direct optim ancestor": "None",
  "umap1": 0.01514572167173367,
  "umap2": 0.544136349669006
}