{
  "No direct optim ancestor": "None",
  "umap1": 0.024222221793344323,
  "umap2": 0.7660831173333279
}