{
  "No direct optim ancestor": "None",
  "umap1": 0.3144479146358783,
  "umap2": 0.6358724576791758
}