{
  "No direct optim ancestor": "None",
  "umap1": 0.21770093964206527,
  "umap2": 0.855424465472984
}