{
  "No direct optim ancestor": "None",
  "umap1": 0.1852946070334046,
  "umap2": 0.8240087962259288
}