{
  "No direct optim ancestor": "None",
  "umap1": 0.08844436071381123,
  "umap2": 0.8302199759423615
}