{
  "No direct optim ancestor": "None",
  "umap1": 0.6833705436664702,
  "umap2": 0.19556920125895372
}