{
  "No direct optim ancestor": "None",
  "umap1": 0.983505695242028,
  "umap2": 0.5222627502894566
}