{
  "No direct optim ancestor": "None",
  "umap1": 0.8082881955708822,
  "umap2": 0.7162344519481296
}