{
  "No direct optim ancestor": "None",
  "umap1": 0.705373246530665,
  "umap2": 0.04488077488557074
}