{
  "No direct optim ancestor": "None",
  "umap1": 0.9280019909217029,
  "umap2": 0.6742818276939604
}