{
  "No direct optim ancestor": "None",
  "umap1": 0.9871088177830815,
  "umap2": 0.11226140453289724
}