{
  "No direct optim ancestor": "None",
  "umap1": 0.9472288645846518,
  "umap2": 0.4416731783440707
}