{
  "No direct optim ancestor": "None",
  "umap1": 0.18819909835956206,
  "umap2": 0.5846411861912046
}