{
  "No direct optim ancestor": "None",
  "umap1": 0.7693674502482197,
  "umap2": 0.6425629280239549
}