{
  "No direct optim ancestor": "None",
  "umap1": 0.007164701822983677,
  "umap2": 0.2284481712443458
}