{
  "No direct optim ancestor": "None",
  "umap1": 0.32459923226234155,
  "umap2": 0.14079825271661928
}