{
  "No direct optim ancestor": "None",
  "umap1": 0.46556600011835003,
  "umap2": 0.20368854045482754
}