{
  "No direct optim ancestor": "None",
  "umap1": 0.09387000317549055,
  "umap2": 0.06053541647402838
}