{
  "No direct optim ancestor": "None",
  "umap1": 0.7180582503329453,
  "umap2": 0.5061593123652623
}