{
  "No direct optim ancestor": "None",
  "umap1": 0.12344207883656988,
  "umap2": 0.7248163517259756
}