{
  "No direct optim ancestor": "None",
  "umap1": 0.9986119757132186,
  "umap2": 0.2509850564663788
}