{
  "No direct optim ancestor": "None",
  "umap1": 0.9699428096211588,
  "umap2": 0.07288755250463219
}