{
  "No direct optim ancestor": "None",
  "umap1": 0.7806027310194443,
  "umap2": 0.05725399256411501
}