{
  "No direct optim ancestor": "None",
  "umap1": 0.20753579126937738,
  "umap2": 0.14292722626729049
}