{
  "No direct optim ancestor": "None",
  "umap1": 0.44049604658487307,
  "umap2": 0.5027068498506607
}