{
  "No direct optim ancestor": "None",
  "umap1": 0.20665146746642116,
  "umap2": 0.9751377493065335
}