{
  "No direct optim ancestor": "None",
  "umap1": 0.8538194383506725,
  "umap2": 0.5002714149028162
}