{
  "No direct optim ancestor": "None",
  "umap1": 0.621084032962358,
  "umap2": 0.4594988659941599
}