{
  "No direct optim ancestor": "None",
  "umap1": 0.08524284445073971,
  "umap2": 0.25507488310058635
}