{
  "No direct optim ancestor": "None",
  "umap1": 0.007688120720794833,
  "umap2": 0.16851605847223106
}