{
  "No direct optim ancestor": "None",
  "umap1": 0.6729600675232504,
  "umap2": 0.892347116117204
}