{
  "No direct optim ancestor": "None",
  "umap1": 0.5952327576706941,
  "umap2": 0.8154426833733438
}