{
  "No direct optim ancestor": "None",
  "umap1": 0.652236626239109,
  "umap2": 0.8972358378026513
}