{
  "No direct optim ancestor": "None",
  "umap1": 0.025454834228733514,
  "umap2": 0.08598102585376421
}