{
  "No direct optim ancestor": "None",
  "umap1": 0.43142780232305666,
  "umap2": 0.99583432670049
}