{
  "No direct optim ancestor": "None",
  "umap1": 0.46849811596319346,
  "umap2": 0.12370500982405197
}