{
  "No direct optim ancestor": "None",
  "umap1": 0.6249940531200386,
  "umap2": 0.33770756759873244
}