{
  "No direct optim ancestor": "None",
  "umap1": 0.9433276251791993,
  "umap2": 0.33576045206289973
}