{
  "No direct optim ancestor": "None",
  "umap1": 0.7286754766983324,
  "umap2": 0.5883892991563302
}