{
  "No direct optim ancestor": "None",
  "umap1": 0.6740626360941598,
  "umap2": 0.9494505041473779
}