{
  "No direct optim ancestor": "None",
  "umap1": 0.14097664883736905,
  "umap2": 0.1393860513613434
}