{
  "No direct optim ancestor": "None",
  "umap1": 0.4548113772920155,
  "umap2": 0.5959528096891547
}