{
  "No direct optim ancestor": "None",
  "umap1": 0.19784495392040657,
  "umap2": 0.38578308364302993
}