{
  "No direct optim ancestor": "None",
  "umap1": 0.492987636141057,
  "umap2": 0.2834351220366824
}