{
  "No direct optim ancestor": "None",
  "umap1": 0.6621586308203895,
  "umap2": 0.016525724872408665
}