{
  "No direct optim ancestor": "None",
  "umap1": 0.13932193695068118,
  "umap2": 0.039148464771714075
}