{
  "No direct optim ancestor": "None",
  "umap1": 0.5892859452092092,
  "umap2": 0.9357888318735978
}