{
  "No direct optim ancestor": "None",
  "umap1": 0.5307660753870389,
  "umap2": 0.5099551608901353
}