{
  "No direct optim ancestor": "None",
  "umap1": 0.6339054037927454,
  "umap2": 0.3290363742063781
}