{
  "No direct optim ancestor": "None",
  "umap1": 0.01673719038477184,
  "umap2": 0.1290199746008064
}