{
  "No direct optim ancestor": "None",
  "umap1": 0.9967620699288893,
  "umap2": 0.9857505021477201
}