{
  "No direct optim ancestor": "None",
  "umap1": 0.40054871205402576,
  "umap2": 0.732942169873063
}