{
  "No direct optim ancestor": "None",
  "umap1": 0.4432199182645157,
  "umap2": 0.40552891286544523
}