{
  "No direct optim ancestor": "None",
  "umap1": 0.9457223595861619,
  "umap2": 0.24497464484065457
}