{
  "No direct optim ancestor": "None",
  "umap1": 0.5333104779346471,
  "umap2": 0.46776707245699733
}