{
  "No direct optim ancestor": "None",
  "umap1": 0.026720082470276352,
  "umap2": 0.6158334199089911
}