{
  "No direct optim ancestor": "None",
  "umap1": 0.5433340102444608,
  "umap2": 0.6329037772820081
}