{
  "No direct optim ancestor": "None",
  "umap1": 0.1043097974031525,
  "umap2": 0.19272162857224107
}