{
  "No direct optim ancestor": "None",
  "umap1": 0.6219332742674395,
  "umap2": 0.4505363564398057
}