{
  "No direct optim ancestor": "None",
  "umap1": 0.13473742422482138,
  "umap2": 0.6218944952034055
}