{
  "No direct optim ancestor": "None",
  "umap1": 0.5732124172449827,
  "umap2": 0.5583850110328119
}