{
  "No direct optim ancestor": "None",
  "umap1": 0.32972197136786296,
  "umap2": 0.8517288359227891
}