{
  "No direct optim ancestor": "None",
  "umap1": 0.5040725117620733,
  "umap2": 0.33806998263421817
}