{
  "No direct optim ancestor": "None",
  "umap1": 0.4190215998522272,
  "umap2": 0.11846093895246113
}