{
  "No direct optim ancestor": "None",
  "umap1": 0.6990985517414345,
  "umap2": 0.9395954476268531
}