{
  "No direct optim ancestor": "None",
  "umap1": 0.25092318549141146,
  "umap2": 0.992151011640713
}