{
  "No direct optim ancestor": "None",
  "umap1": 0.024095157583108873,
  "umap2": 0.28428941301109456
}