{
  "No direct optim ancestor": "None",
  "umap1": 0.8262170505261498,
  "umap2": 0.761090055729063
}