{
  "No direct optim ancestor": "None",
  "umap1": 0.4754780788274562,
  "umap2": 0.295267240982671
}