{
  "No direct optim ancestor": "None",
  "umap1": 0.5203960181446754,
  "umap2": 0.6870756469053819
}