{
  "No direct optim ancestor": "None",
  "umap1": 0.17110596230279462,
  "umap2": 0.9737113640268941
}