{
  "No direct optim ancestor": "None",
  "umap1": 0.28854396075764643,
  "umap2": 0.19373430106516265
}