{
  "No direct optim ancestor": "None",
  "umap1": 0.13549049243978317,
  "umap2": 0.249701981918805
}