{
  "No direct optim ancestor": "None",
  "umap1": 0.8134547485359255,
  "umap2": 0.3241663161684136
}