{
  "No direct optim ancestor": "None",
  "umap1": 0.27231032702429037,
  "umap2": 0.3503791674815254
}