{
  "No direct optim ancestor": "None",
  "umap1": 0.4192111687565996,
  "umap2": 0.6294498508181148
}