{
  "No direct optim ancestor": "None",
  "umap1": 0.15659689928610443,
  "umap2": 0.5929448645754499
}