{
  "No direct optim ancestor": "None",
  "umap1": 0.9343974911189386,
  "umap2": 0.6701378655114295
}