{
  "No direct optim ancestor": "None",
  "umap1": 0.419143101701816,
  "umap2": 0.31735274098867394
}