{
  "No direct optim ancestor": "None",
  "umap1": 0.6739233126652967,
  "umap2": 0.6917578472957223
}