{
  "No direct optim ancestor": "None",
  "umap1": 0.26368691790437193,
  "umap2": 0.2892313748511198
}