{
  "No direct optim ancestor": "None",
  "umap1": 0.32563086856176315,
  "umap2": 0.399209036525212
}