{
  "Direct optim goal": "a photo of a watermelon slice with red flesh, green rind, and blue seeds",
  "umap1": 0.30647671329864723,
  "umap2": 0.5498788822659066
}