{
  "No direct optim ancestor": "None",
  "umap1": 0.43614399582148833,
  "umap2": 0.9286179904077956
}