{
  "No direct optim ancestor": "None",
  "umap1": 0.9337057382556586,
  "umap2": 0.9743158245625162
}