{
  "No direct optim ancestor": "None",
  "umap1": 0.6472057755290065,
  "umap2": 0.326784820307095
}