{
  "No direct optim ancestor": "None",
  "umap1": 0.335281148723207,
  "umap2": 0.7920855789715661
}