{
  "No direct optim ancestor": "None",
  "umap1": 0.17972298674025788,
  "umap2": 0.10164028203070741
}