{
  "No direct optim ancestor": "None",
  "umap1": 0.4492029739925554,
  "umap2": 0.5883467744645715
}