{
  "No direct optim ancestor": "None",
  "umap1": 0.5242825118884995,
  "umap2": 0.723951337378639
}