{
  "No direct optim ancestor": "None",
  "umap1": 0.9915891735998038,
  "umap2": 0.1546124440066885
}