{
  "No direct optim ancestor": "None",
  "umap1": 0.01836528838016427,
  "umap2": 0.8863941027100781
}