{
  "No direct optim ancestor": "None",
  "umap1": 0.24508291708909935,
  "umap2": 0.5206997938432449
}