{
  "No direct optim ancestor": "None",
  "umap1": 0.23766033595999836,
  "umap2": 0.7937454805487819
}