{
  "No direct optim ancestor": "None",
  "umap1": 0.18328030911826143,
  "umap2": 0.5076109664275035
}