{
  "No direct optim ancestor": "None",
  "umap1": 0.12600757103180127,
  "umap2": 0.563229329220704
}