{
  "No direct optim ancestor": "None",
  "umap1": 0.0024538244818665955,
  "umap2": 0.6752476197615693
}