{
  "No direct optim ancestor": "None",
  "umap1": 0.14205907815969032,
  "umap2": 0.25204952839016104
}