{
  "No direct optim ancestor": "None",
  "umap1": 0.5347693774517553,
  "umap2": 0.41414604952972234
}