{
  "No direct optim ancestor": "None",
  "umap1": 0.3746276607484105,
  "umap2": 0.8448923811391086
}