{
  "No direct optim ancestor": "None",
  "umap1": 0.6830273409529805,
  "umap2": 0.44800586521861774
}