{
  "No direct optim ancestor": "None",
  "umap1": 0.29212362160875605,
  "umap2": 0.412524256082597
}