{
  "No direct optim ancestor": "None",
  "umap1": 0.05655731380122142,
  "umap2": 0.054700641222888535
}