{
  "No direct optim ancestor": "None",
  "umap1": 0.5620905097843686,
  "umap2": 0.9648394055873009
}