{
  "No direct optim ancestor": "None",
  "umap1": 0.39239223058818584,
  "umap2": 0.24665420803443683
}