{
  "No direct optim ancestor": "None",
  "umap1": 0.6494976092492123,
  "umap2": 0.8644011582668467
}