{
  "No direct optim ancestor": "None",
  "umap1": 0.1801927868623523,
  "umap2": 0.12248800835969953
}