{
  "No direct optim ancestor": "None",
  "umap1": 0.5504543413431858,
  "umap2": 0.46484833246651214
}