{
  "No direct optim ancestor": "None",
  "umap1": 0.6040081418540995,
  "umap2": 0.08309958412216922
}