{
  "No direct optim ancestor": "None",
  "umap1": 0.21475536371313486,
  "umap2": 0.8938642769979361
}