{
  "No direct optim ancestor": "None",
  "umap1": 0.9487982972652826,
  "umap2": 0.24179021248622845
}