{
  "No direct optim ancestor": "None",
  "umap1": 0.712388315024036,
  "umap2": 0.593497552967633
}