{
  "No direct optim ancestor": "None",
  "umap1": 0.21558335241029536,
  "umap2": 0.42955693821897156
}