{
  "No direct optim ancestor": "None",
  "umap1": 0.2413303501307159,
  "umap2": 0.7002878741811053
}