{
  "No direct optim ancestor": "None",
  "umap1": 0.3160779264868314,
  "umap2": 0.3450100945162694
}