{
  "No direct optim ancestor": "None",
  "umap1": 0.5465432983969571,
  "umap2": 0.44518195786738424
}