{
  "No direct optim ancestor": "None",
  "umap1": 0.911503547050041,
  "umap2": 0.21838741160120367
}