{
  "No direct optim ancestor": "None",
  "umap1": 0.029867822506713826,
  "umap2": 0.24494932627827148
}