{
  "No direct optim ancestor": "None",
  "umap1": 0.23833188033058195,
  "umap2": 0.6433590391230757
}