{
  "No direct optim ancestor": "None",
  "umap1": 0.6724844480632893,
  "umap2": 0.7235835240233957
}