{
  "No direct optim ancestor": "None",
  "umap1": 0.7451929770214558,
  "umap2": 0.08116445481185164
}