{
  "No direct optim ancestor": "None",
  "umap1": 0.7056846866249453,
  "umap2": 0.989125513113113
}