{
  "No direct optim ancestor": "None",
  "umap1": 0.39809598045693817,
  "umap2": 0.16631423767852427
}