{
  "No direct optim ancestor": "None",
  "umap1": 0.6723865788418517,
  "umap2": 0.5753060877811286
}