{
  "No direct optim ancestor": "None",
  "umap1": 0.7393819392080141,
  "umap2": 0.5371132183938035
}