{
  "No direct optim ancestor": "None",
  "umap1": 0.9465879424181863,
  "umap2": 0.5268645668685118
}