{
  "No direct optim ancestor": "None",
  "umap1": 0.3017756696778068,
  "umap2": 0.061164130055274435
}