{
  "No direct optim ancestor": "None",
  "umap1": 0.7710546446830383,
  "umap2": 0.10280620611561886
}