{
  "No direct optim ancestor": "None",
  "umap1": 0.3739307143210431,
  "umap2": 0.057869668992364565
}