{
  "No direct optim ancestor": "None",
  "umap1": 0.48578682381403393,
  "umap2": 0.4176128791544004
}