{
  "No direct optim ancestor": "None",
  "umap1": 0.7241982511125252,
  "umap2": 0.26843767626229453
}