{
  "No direct optim ancestor": "None",
  "umap1": 0.9386942547633979,
  "umap2": 0.6093033881501284
}