{
  "No direct optim ancestor": "None",
  "umap1": 0.8231045566115932,
  "umap2": 0.08215588301123511
}