{
  "No direct optim ancestor": "None",
  "umap1": 0.6190729401591035,
  "umap2": 0.8426221701994554
}