{
  "No direct optim ancestor": "None",
  "umap1": 0.06183341745990212,
  "umap2": 0.4292324712138893
}