{
  "No direct optim ancestor": "None",
  "umap1": 0.2712341084590255,
  "umap2": 0.7730591080575508
}