{
  "No direct optim ancestor": "None",
  "umap1": 0.8721560935144059,
  "umap2": 0.2059157680769388
}