{
  "No direct optim ancestor": "None",
  "umap1": 0.14233094665285606,
  "umap2": 0.04838027336525996
}