{
  "No direct optim ancestor": "None",
  "umap1": 0.1661165145735053,
  "umap2": 0.5970719378821966
}