{
  "No direct optim ancestor": "None",
  "umap1": 0.6850818314524953,
  "umap2": 0.42754646305178046
}