{
  "No direct optim ancestor": "None",
  "umap1": 0.21096976224842812,
  "umap2": 0.7890390887271305
}