{
  "No direct optim ancestor": "None",
  "umap1": 0.5469559092619486,
  "umap2": 0.08674151596218493
}