{
  "No direct optim ancestor": "None",
  "umap1": 0.9872588736174269,
  "umap2": 0.8918436362803316
}