{
  "No direct optim ancestor": "None",
  "umap1": 0.7879312422994804,
  "umap2": 0.7067789156241098
}