{
  "No direct optim ancestor": "None",
  "umap1": 0.6199748681624426,
  "umap2": 0.675291379812022
}