{
  "No direct optim ancestor": "None",
  "umap1": 0.3481881887178192,
  "umap2": 0.3712157109594466
}