{
  "No direct optim ancestor": "None",
  "umap1": 0.3169032400164652,
  "umap2": 0.43263787379458785
}