{
  "No direct optim ancestor": "None",
  "umap1": 0.5366576442736378,
  "umap2": 0.992369641878637
}