{
  "No direct optim ancestor": "None",
  "umap1": 0.8138653217561208,
  "umap2": 0.8065252813725711
}