{
  "No direct optim ancestor": "None",
  "umap1": 0.57280770223718,
  "umap2": 0.04810791038995044
}