{
  "No direct optim ancestor": "None",
  "umap1": 0.5244878048077868,
  "umap2": 0.8931777568326889
}