{
  "No direct optim ancestor": "None",
  "umap1": 0.012187857190337659,
  "umap2": 0.725591982920213
}