{
  "No direct optim ancestor": "None",
  "umap1": 0.9171138186609848,
  "umap2": 0.9421847187520264
}