{
  "No direct optim ancestor": "None",
  "umap1": 0.5638103721471124,
  "umap2": 0.9243106734027211
}