{
  "No direct optim ancestor": "None",
  "umap1": 0.5765139410620979,
  "umap2": 0.796218820930581
}