{
  "No direct optim ancestor": "None",
  "umap1": 0.5335164439074125,
  "umap2": 0.6323491930388153
}