{
  "No direct optim ancestor": "None",
  "umap1": 0.6050804345922659,
  "umap2": 0.613661821834338
}