{
  "No direct optim ancestor": "None",
  "umap1": 0.5093775925900601,
  "umap2": 0.006851765129696541
}