{
  "No direct optim ancestor": "None",
  "umap1": 0.382909783028213,
  "umap2": 0.1927483714644409
}