{
  "No direct optim ancestor": "None",
  "umap1": 0.27907912513580335,
  "umap2": 0.7594627611108077
}