{
  "No direct optim ancestor": "None",
  "umap1": 0.23215213436946802,
  "umap2": 0.3921215302277429
}