{
  "No direct optim ancestor": "None",
  "umap1": 0.7820223326989245,
  "umap2": 0.7670253930664038
}