{
  "No direct optim ancestor": "None",
  "umap1": 0.5673353407449284,
  "umap2": 0.8802151377800931
}