{
  "No direct optim ancestor": "None",
  "umap1": 0.9605257287121727,
  "umap2": 0.5263654395676043
}