{
  "No direct optim ancestor": "None",
  "umap1": 0.5638234976190654,
  "umap2": 0.44334951550021884
}