{
  "No direct optim ancestor": "None",
  "umap1": 0.4836604423039841,
  "umap2": 0.2652284344249054
}