{
  "No direct optim ancestor": "None",
  "umap1": 0.7270271022397716,
  "umap2": 0.4535175902387326
}