{
  "No direct optim ancestor": "None",
  "umap1": 0.9266614302896325,
  "umap2": 0.3532108504626178
}