{
  "No direct optim ancestor": "None",
  "umap1": 0.22444606758455277,
  "umap2": 0.9410195348022995
}