{
  "No direct optim ancestor": "None",
  "umap1": 0.9069009455788708,
  "umap2": 0.678002988089181
}