{
  "No direct optim ancestor": "None",
  "umap1": 0.7471900775596206,
  "umap2": 0.08366347106292937
}