{
  "No direct optim ancestor": "None",
  "umap1": 0.41343712242044284,
  "umap2": 0.2304158067873312
}