{
  "No direct optim ancestor": "None",
  "umap1": 0.7479917881181382,
  "umap2": 0.8253931610128278
}