{
  "No direct optim ancestor": "None",
  "umap1": 0.2854582213634409,
  "umap2": 0.18531929115254198
}