{
  "No direct optim ancestor": "None",
  "umap1": 0.875081919038751,
  "umap2": 0.7614299522737648
}