{
  "No direct optim ancestor": "None",
  "umap1": 0.7057142232387335,
  "umap2": 0.5334954022115309
}