{
  "No direct optim ancestor": "None",
  "umap1": 0.03834336485422962,
  "umap2": 0.3924428979122989
}