{
  "No direct optim ancestor": "None",
  "umap1": 0.236792132721665,
  "umap2": 0.058447980322735016
}