{
  "No direct optim ancestor": "None",
  "umap1": 0.2766537655258198,
  "umap2": 0.5760001750179247
}