{
  "No direct optim ancestor": "None",
  "umap1": 0.44539488797337456,
  "umap2": 0.9228850555647432
}