{
  "No direct optim ancestor": "None",
  "umap1": 0.1551618180977299,
  "umap2": 0.8788051582400523
}