{
  "No direct optim ancestor": "None",
  "umap1": 0.7325299605328153,
  "umap2": 0.7243363735993433
}