{
  "No direct optim ancestor": "None",
  "umap1": 0.610988227999661,
  "umap2": 0.7779584781187974
}