{
  "No direct optim ancestor": "None",
  "umap1": 0.375392855093282,
  "umap2": 0.015764473395988743
}