{
  "No direct optim ancestor": "None",
  "umap1": 0.20192549267265292,
  "umap2": 0.5512033029524337
}