{
  "No direct optim ancestor": "None",
  "umap1": 0.23672486720546493,
  "umap2": 0.9046153763897552
}