{
  "No direct optim ancestor": "None",
  "umap1": 0.9668379961380238,
  "umap2": 0.7345574519822624
}