{
  "No direct optim ancestor": "None",
  "umap1": 0.9871105055842958,
  "umap2": 0.7510529882105269
}