{
  "No direct optim ancestor": "None",
  "umap1": 0.6383871744525113,
  "umap2": 0.7051354303796257
}