{
  "No direct optim ancestor": "None",
  "umap1": 0.28515073467354,
  "umap2": 0.7611501031122073
}