{
  "No direct optim ancestor": "None",
  "umap1": 0.7762652776994747,
  "umap2": 0.8133994619928403
}