{
  "No direct optim ancestor": "None",
  "umap1": 0.36872361270439935,
  "umap2": 0.6280292477942688
}