{
  "No direct optim ancestor": "None",
  "umap1": 0.03507394456008417,
  "umap2": 0.4821398375748204
}