{
  "No direct optim ancestor": "None",
  "umap1": 0.3708024718264473,
  "umap2": 0.48913434436510794
}