{
  "No direct optim ancestor": "None",
  "umap1": 0.8620775996370181,
  "umap2": 0.6994289908418652
}