{
  "No direct optim ancestor": "None",
  "umap1": 0.06486238506256725,
  "umap2": 0.31073550806115346
}