{
  "No direct optim ancestor": "None",
  "umap1": 0.7580736315167741,
  "umap2": 0.28825753515957475
}