{
  "No direct optim ancestor": "None",
  "umap1": 0.09911188415428906,
  "umap2": 0.05484966414487624
}