{
  "No direct optim ancestor": "None",
  "umap1": 0.09163318237970686,
  "umap2": 0.6516726868601079
}