{
  "No direct optim ancestor": "None",
  "umap1": 0.9037016564728136,
  "umap2": 0.9031198566530444
}