{
  "No direct optim ancestor": "None",
  "umap1": 0.8889992898602392,
  "umap2": 0.9294962923699998
}