{
  "No direct optim ancestor": "None",
  "umap1": 0.22544605605809032,
  "umap2": 0.3403841356902938
}