{
  "No direct optim ancestor": "None",
  "umap1": 0.06814755824202146,
  "umap2": 0.6554165722543303
}