{
  "No direct optim ancestor": "None",
  "umap1": 0.016848825060691075,
  "umap2": 0.696152201642022
}