{
  "No direct optim ancestor": "None",
  "umap1": 0.5753762503506393,
  "umap2": 0.33873231013396443
}