{
  "No direct optim ancestor": "None",
  "umap1": 0.4214881819262555,
  "umap2": 0.5674382178533567
}