{
  "No direct optim ancestor": "None",
  "umap1": 0.5789122499085362,
  "umap2": 0.15908605951449717
}