{
  "No direct optim ancestor": "None",
  "umap1": 0.895603654723952,
  "umap2": 0.7494382919601409
}