{
  "No direct optim ancestor": "None",
  "umap1": 0.8561163381687856,
  "umap2": 0.22110163880220135
}