{
  "No direct optim ancestor": "None",
  "umap1": 0.17666281254256133,
  "umap2": 0.19776143504569033
}