{
  "No direct optim ancestor": "None",
  "umap1": 0.3096858232636839,
  "umap2": 0.46844975335385897
}