{
  "No direct optim ancestor": "None",
  "umap1": 0.5029741682036639,
  "umap2": 0.14561943031888402
}