{
  "No direct optim ancestor": "None",
  "umap1": 0.09827263079639903,
  "umap2": 0.14707770454197366
}