{
  "No direct optim ancestor": "None",
  "umap1": 0.5816912192861559,
  "umap2": 0.16080531706518353
}