{
  "No direct optim ancestor": "None",
  "umap1": 0.7730529078803255,
  "umap2": 0.4149593345022442
}