{
  "No direct optim ancestor": "None",
  "umap1": 0.3512967671787237,
  "umap2": 0.41879841606703005
}