{
  "No direct optim ancestor": "None",
  "umap1": 0.5552187553254062,
  "umap2": 0.645636374100289
}