{
  "No direct optim ancestor": "None",
  "umap1": 0.6437636402716839,
  "umap2": 0.3891926986187866
}