{
  "No direct optim ancestor": "None",
  "umap1": 0.8221638179846683,
  "umap2": 0.3714908501772325
}