{
  "No direct optim ancestor": "None",
  "umap1": 0.962265535092622,
  "umap2": 0.6456124898989414
}