{
  "No direct optim ancestor": "None",
  "umap1": 0.14118623250271045,
  "umap2": 0.5984486695078304
}