{
  "No direct optim ancestor": "None",
  "umap1": 0.06913911458095368,
  "umap2": 0.9027498879638203
}