{
  "No direct optim ancestor": "None",
  "umap1": 0.6703447983793127,
  "umap2": 0.6677620407353498
}