{
  "No direct optim ancestor": "None",
  "umap1": 0.9480565395274001,
  "umap2": 0.30171372029147925
}