{
  "No direct optim ancestor": "None",
  "umap1": 0.8394920488717046,
  "umap2": 0.44325276416586157
}