{
  "No direct optim ancestor": "None",
  "umap1": 0.15931354830332112,
  "umap2": 0.8877828780434787
}