{
  "No direct optim ancestor": "None",
  "umap1": 0.3161157172995116,
  "umap2": 0.8144445419188693
}