{
  "No direct optim ancestor": "None",
  "umap1": 0.19895146317263768,
  "umap2": 0.7462073198776493
}