{
  "No direct optim ancestor": "None",
  "umap1": 0.4981946587972932,
  "umap2": 0.15901036380913258
}