{
  "No direct optim ancestor": "None",
  "umap1": 0.5811919276633507,
  "umap2": 0.22051069320366445
}