{
  "No direct optim ancestor": "None",
  "umap1": 0.05218582500439317,
  "umap2": 0.6537839534481485
}