{
  "No direct optim ancestor": "None",
  "umap1": 0.9671317203246013,
  "umap2": 0.25230975698999203
}