{
  "No direct optim ancestor": "None",
  "umap1": 0.7047801367866354,
  "umap2": 0.028956072932464716
}