{
  "No direct optim ancestor": "None",
  "umap1": 0.4683924591136952,
  "umap2": 0.2945826647153901
}