{
  "No direct optim ancestor": "None",
  "umap1": 0.5429777586526011,
  "umap2": 0.8683711227833439
}