{
  "No direct optim ancestor": "None",
  "umap1": 0.17342387792489156,
  "umap2": 0.21032397393985736
}