{
  "No direct optim ancestor": "None",
  "umap1": 0.5712406723006168,
  "umap2": 0.22456348983938035
}