{
  "No direct optim ancestor": "None",
  "umap1": 0.9829911647332854,
  "umap2": 0.6770990627294932
}