{
  "No direct optim ancestor": "None",
  "umap1": 0.5357383643751754,
  "umap2": 0.9026984710033773
}