{
  "No direct optim ancestor": "None",
  "umap1": 0.7760658600870457,
  "umap2": 0.7343929520413316
}