{
  "No direct optim ancestor": "None",
  "umap1": 0.47669421752061736,
  "umap2": 0.04243583969956155
}