{
  "No direct optim ancestor": "None",
  "umap1": 0.5700733334774191,
  "umap2": 0.726878118565287
}