{
  "No direct optim ancestor": "None",
  "umap1": 0.011170411059840735,
  "umap2": 0.31103004329234973
}