{
  "No direct optim ancestor": "None",
  "umap1": 0.5757707318655764,
  "umap2": 0.27478560522987827
}