{
  "No direct optim ancestor": "None",
  "umap1": 0.24941877365525167,
  "umap2": 0.05000485522502973
}