{
  "No direct optim ancestor": "None",
  "umap1": 0.14542727208411055,
  "umap2": 0.2829396753650225
}