{
  "No direct optim ancestor": "None",
  "umap1": 0.9274968315897545,
  "umap2": 0.4996147464153675
}