{
  "No direct optim ancestor": "None",
  "umap1": 0.6604959248942035,
  "umap2": 0.9131631892461822
}