{
  "No direct optim ancestor": "None",
  "umap1": 0.09641071076284291,
  "umap2": 0.4786136213443234
}