{
  "No direct optim ancestor": "None",
  "umap1": 0.30935103588246393,
  "umap2": 0.5474773200110165
}