{
  "No direct optim ancestor": "None",
  "umap1": 0.8297174506817842,
  "umap2": 0.8006226312546548
}