{
  "No direct optim ancestor": "None",
  "umap1": 0.755404756404633,
  "umap2": 0.024915195877330376
}