{
  "No direct optim ancestor": "None",
  "umap1": 0.4931297090193155,
  "umap2": 0.43772737142353324
}