{
  "No direct optim ancestor": "None",
  "umap1": 0.3639489732706308,
  "umap2": 0.11157246122946285
}