{
  "No direct optim ancestor": "None",
  "umap1": 0.7820747395965948,
  "umap2": 0.8991497271755989
}