{
  "No direct optim ancestor": "None",
  "umap1": 0.9047452953256564,
  "umap2": 0.5189078873276389
}