{
  "No direct optim ancestor": "None",
  "umap1": 0.497745645318596,
  "umap2": 0.04311198358195156
}