{
  "No direct optim ancestor": "None",
  "umap1": 0.6838344176383435,
  "umap2": 0.5951889816815626
}