{
  "No direct optim ancestor": "None",
  "umap1": 0.4774568598541509,
  "umap2": 0.22460456554932318
}