{
  "No direct optim ancestor": "None",
  "umap1": 0.1301461906581861,
  "umap2": 0.1844948344451789
}