{
  "No direct optim ancestor": "None",
  "umap1": 0.3508754689012229,
  "umap2": 0.07100436649058595
}