{
  "No direct optim ancestor": "None",
  "umap1": 0.79912934957327,
  "umap2": 0.3155603450867791
}