{
  "No direct optim ancestor": "None",
  "umap1": 0.9238320356685679,
  "umap2": 0.4078944908880996
}