{
  "No direct optim ancestor": "None",
  "umap1": 0.7143745264142305,
  "umap2": 0.994623968679646
}