{
  "No direct optim ancestor": "None",
  "umap1": 0.7341317890676726,
  "umap2": 0.6263402652630536
}