{
  "No direct optim ancestor": "None",
  "umap1": 0.7592947375623439,
  "umap2": 0.49567255218152684
}