{
  "No direct optim ancestor": "None",
  "umap1": 0.2745597176115421,
  "umap2": 0.7966063196125989
}