{
  "No direct optim ancestor": "None",
  "umap1": 0.5050271124962623,
  "umap2": 0.618879112892158
}