{
  "No direct optim ancestor": "None",
  "umap1": 0.38802492243108355,
  "umap2": 0.9414519442405935
}