{
  "No direct optim ancestor": "None",
  "umap1": 0.45537434758752615,
  "umap2": 0.7118170900742266
}