{
  "No direct optim ancestor": "None",
  "umap1": 0.35753931402308037,
  "umap2": 0.5303202114216518
}