{
  "No direct optim ancestor": "None",
  "umap1": 0.03514028434182048,
  "umap2": 0.7709777594312682
}