{
  "No direct optim ancestor": "None",
  "umap1": 0.6354226640587178,
  "umap2": 0.036213000253896954
}