{
  "No direct optim ancestor": "None",
  "umap1": 0.17102356147709796,
  "umap2": 0.2909075200176948
}