{
  "No direct optim ancestor": "None",
  "umap1": 0.819310013180308,
  "umap2": 0.5298734685246732
}