{
  "No direct optim ancestor": "None",
  "umap1": 0.30763105160916404,
  "umap2": 0.8808802820829708
}