{
  "No direct optim ancestor": "None",
  "umap1": 0.12746598256106922,
  "umap2": 0.9634043032144549
}