{
  "No direct optim ancestor": "None",
  "umap1": 0.7499196825770522,
  "umap2": 0.38513664519223934
}