{
  "No direct optim ancestor": "None",
  "umap1": 0.0872842418457167,
  "umap2": 0.9354548306635424
}