{
  "No direct optim ancestor": "None",
  "umap1": 0.6659412502554503,
  "umap2": 0.7508185802736111
}