{
  "No direct optim ancestor": "None",
  "umap1": 0.3366484094678859,
  "umap2": 0.7449644128680969
}