{
  "No direct optim ancestor": "None",
  "umap1": 0.11182129268010721,
  "umap2": 0.18545809663125823
}