{
  "No direct optim ancestor": "None",
  "umap1": 0.5643792616997987,
  "umap2": 0.9856172399339188
}