{
  "No direct optim ancestor": "None",
  "umap1": 0.3772617263815071,
  "umap2": 0.17810635142848452
}