{
  "No direct optim ancestor": "None",
  "umap1": 0.7296589777198538,
  "umap2": 0.7997221430362366
}