{
  "No direct optim ancestor": "None",
  "umap1": 0.578163822534603,
  "umap2": 0.37916042692881957
}