{
  "No direct optim ancestor": "None",
  "umap1": 0.1247440902025796,
  "umap2": 0.3513461498576882
}