{
  "No direct optim ancestor": "None",
  "umap1": 0.5363775332495615,
  "umap2": 0.49722071958550396
}