{
  "No direct optim ancestor": "None",
  "umap1": 0.6630444016831718,
  "umap2": 0.23598141395904082
}