{
  "No direct optim ancestor": "None",
  "umap1": 0.8747404725538588,
  "umap2": 0.22566586973883596
}