{
  "No direct optim ancestor": "None",
  "umap1": 0.36415621150692623,
  "umap2": 0.31056095545833484
}