{
  "No direct optim ancestor": "None",
  "umap1": 0.009976019286750959,
  "umap2": 0.3020920180765637
}