{
  "No direct optim ancestor": "None",
  "umap1": 0.9643411917552898,
  "umap2": 0.5594912395476015
}