{
  "No direct optim ancestor": "None",
  "umap1": 0.6753636944640794,
  "umap2": 0.3614028710572966
}