{
  "No direct optim ancestor": "None",
  "umap1": 0.8037041051844096,
  "umap2": 0.2634320591166712
}