{
  "No direct optim ancestor": "None",
  "umap1": 0.4285666771839952,
  "umap2": 0.3536070302332124
}