{
  "No direct optim ancestor": "None",
  "umap1": 0.7151879354887177,
  "umap2": 0.5788936606242389
}