{
  "No direct optim ancestor": "None",
  "umap1": 0.9380233848860701,
  "umap2": 0.017886834228098003
}