{
  "No direct optim ancestor": "None",
  "umap1": 0.9582875903372176,
  "umap2": 0.6188444943186314
}