{
  "No direct optim ancestor": "None",
  "umap1": 0.33229876133525793,
  "umap2": 0.031382284516872416
}