{
  "No direct optim ancestor": "None",
  "umap1": 0.05771247183277295,
  "umap2": 0.577469338180649
}