{
  "No direct optim ancestor": "None",
  "umap1": 0.8424628199537055,
  "umap2": 0.8146754752005999
}