{
  "No direct optim ancestor": "None",
  "umap1": 0.07187874048926834,
  "umap2": 0.8389013642058795
}