{
  "No direct optim ancestor": "None",
  "umap1": 0.6622389780091178,
  "umap2": 0.6369313731575209
}