{
  "No direct optim ancestor": "None",
  "umap1": 0.7961614298448197,
  "umap2": 0.8763190974195277
}