{
  "No direct optim ancestor": "None",
  "umap1": 0.6307703144755135,
  "umap2": 0.031204433643793328
}