{
  "No direct optim ancestor": "None",
  "umap1": 0.0337646818689924,
  "umap2": 0.2905151199060233
}