{
  "No direct optim ancestor": "None",
  "umap1": 0.5944270075270836,
  "umap2": 0.44980173982895544
}