{
  "No direct optim ancestor": "None",
  "umap1": 0.07157921456829941,
  "umap2": 0.29115130794424227
}