{
  "No direct optim ancestor": "None",
  "umap1": 0.27917967022879675,
  "umap2": 0.8571403842089699
}