{
  "No direct optim ancestor": "None",
  "umap1": 0.3262030846942725,
  "umap2": 0.8429055998437329
}