{
  "No direct optim ancestor": "None",
  "umap1": 0.6724267342007345,
  "umap2": 0.42611327167294777
}