{
  "No direct optim ancestor": "None",
  "umap1": 0.8434968705427566,
  "umap2": 0.46827936938096637
}