{
  "No direct optim ancestor": "None",
  "umap1": 0.026324563263370626,
  "umap2": 0.6387239614985418
}