{
  "No direct optim ancestor": "None",
  "umap1": 0.33616329813288226,
  "umap2": 0.044064750776410255
}