{
  "No direct optim ancestor": "None",
  "umap1": 0.6901721451202231,
  "umap2": 0.5010343745452203
}