{
  "No direct optim ancestor": "None",
  "umap1": 0.12097112538502619,
  "umap2": 0.8192158398309024
}