{
  "No direct optim ancestor": "None",
  "umap1": 0.5850993986062093,
  "umap2": 0.3251417780798448
}