{
  "No direct optim ancestor": "None",
  "umap1": 0.32063754908097464,
  "umap2": 0.9326771731751056
}