{
  "No direct optim ancestor": "None",
  "umap1": 0.2324905423782454,
  "umap2": 0.9547405128722044
}