{
  "No direct optim ancestor": "None",
  "umap1": 0.6938779975482253,
  "umap2": 0.7788290112559811
}