{
  "No direct optim ancestor": "None",
  "umap1": 0.9919689732902948,
  "umap2": 0.669330277595014
}