{
  "No direct optim ancestor": "None",
  "umap1": 0.4458348162888276,
  "umap2": 0.7219685224267017
}