{
  "No direct optim ancestor": "None",
  "umap1": 0.5454250009411553,
  "umap2": 0.9374543095781855
}