{
  "No direct optim ancestor": "None",
  "umap1": 0.5541460993726388,
  "umap2": 0.5803805054461543
}