{
  "No direct optim ancestor": "None",
  "umap1": 0.441913342970483,
  "umap2": 0.12797268664362893
}