{
  "No direct optim ancestor": "None",
  "umap1": 0.7656987668279434,
  "umap2": 0.9551300695974192
}