{
  "No direct optim ancestor": "None",
  "umap1": 0.39685705699442997,
  "umap2": 0.9966403603491538
}