{
  "No direct optim ancestor": "None",
  "umap1": 0.6728715576749775,
  "umap2": 0.62142740524071
}