{
  "No direct optim ancestor": "None",
  "umap1": 0.6122315512576202,
  "umap2": 0.5273967060816712
}