{
  "No direct optim ancestor": "None",
  "umap1": 0.1787442366498666,
  "umap2": 0.3761849249885145
}