{
  "No direct optim ancestor": "None",
  "umap1": 0.24245789993293065,
  "umap2": 0.5825048090769595
}