{
  "No direct optim ancestor": "None",
  "umap1": 0.6348544166501875,
  "umap2": 0.20197985758420367
}