{
  "No direct optim ancestor": "None",
  "umap1": 0.1213735424472645,
  "umap2": 0.21035269865127482
}