{
  "No direct optim ancestor": "None",
  "umap1": 0.22981252702988064,
  "umap2": 0.5406667307008499
}