{
  "No direct optim ancestor": "None",
  "umap1": 0.43401897407391377,
  "umap2": 0.6947577931249466
}