{
  "No direct optim ancestor": "None",
  "umap1": 0.28160280563913553,
  "umap2": 0.4140343560336903
}