{
  "No direct optim ancestor": "None",
  "umap1": 0.6641669202910098,
  "umap2": 0.9104745189176653
}