{
  "No direct optim ancestor": "None",
  "umap1": 0.7168958968032351,
  "umap2": 0.8111989442700555
}