{
  "No direct optim ancestor": "None",
  "umap1": 0.30258481637017587,
  "umap2": 0.9552003650026928
}