{
  "No direct optim ancestor": "None",
  "umap1": 0.6011422663207728,
  "umap2": 0.986093540706736
}