{
  "No direct optim ancestor": "None",
  "umap1": 0.3819386379224736,
  "umap2": 0.8204810703241127
}