{
  "No direct optim ancestor": "None",
  "umap1": 0.9667408431084655,
  "umap2": 0.5123727935208535
}