{
  "No direct optim ancestor": "None",
  "umap1": 0.4061665881150085,
  "umap2": 0.03957664247001458
}