{
  "No direct optim ancestor": "None",
  "umap1": 0.7973830744730747,
  "umap2": 0.004511356057713245
}