{
  "No direct optim ancestor": "None",
  "umap1": 0.9868176007830152,
  "umap2": 0.45068839226340507
}