{
  "No direct optim ancestor": "None",
  "umap1": 0.38508132041806553,
  "umap2": 0.025406100763236017
}