{
  "No direct optim ancestor": "None",
  "umap1": 0.37135387737517567,
  "umap2": 0.12533893237012317
}