{
  "No direct optim ancestor": "None",
  "umap1": 0.7656763838104568,
  "umap2": 0.6912344936035694
}