{
  "No direct optim ancestor": "None",
  "umap1": 0.3713126906807338,
  "umap2": 0.8826237685324448
}