{
  "No direct optim ancestor": "None",
  "umap1": 0.549176135506656,
  "umap2": 0.4968442855673948
}