{
  "No direct optim ancestor": "None",
  "umap1": 0.16592684843428507,
  "umap2": 0.3071606741233761
}