{
  "No direct optim ancestor": "None",
  "umap1": 0.27245999929229503,
  "umap2": 0.9102583445127025
}