{
  "No direct optim ancestor": "None",
  "umap1": 0.49726388053933535,
  "umap2": 0.9139133796997292
}