{
  "No direct optim ancestor": "None",
  "umap1": 0.5494214391482668,
  "umap2": 0.9930312430646319
}