{
  "No direct optim ancestor": "None",
  "umap1": 0.742612241402032,
  "umap2": 0.30988684196960015
}