{
  "Direct optim goal": "a close-up photo of a ladybug with red shell and green spots",
  "umap1": 0.2716217258475244,
  "umap2": 0.9245332814921075
}