{
  "No direct optim ancestor": "None",
  "umap1": 0.41300546625892853,
  "umap2": 0.4232017145676906
}