{
  "Ancestor's direct optim goal": "a photo of a red centipede with green legs",
  "umap1": 0.9924734525166603,
  "umap2": 0.8664811343482811
}