{
  "No direct optim ancestor": "None",
  "umap1": 0.706031167419363,
  "umap2": 0.1717698219164696
}