{
  "No direct optim ancestor": "None",
  "umap1": 0.7825790420301023,
  "umap2": 0.3094583219708257
}