{
  "No direct optim ancestor": "None",
  "umap1": 0.8936442125652294,
  "umap2": 0.7265221739334122
}