{
  "No direct optim ancestor": "None",
  "umap1": 0.3441755336271777,
  "umap2": 0.48134411644284214
}