{
  "No direct optim ancestor": "None",
  "umap1": 0.7342154493071726,
  "umap2": 0.11442348902954202
}