{
  "No direct optim ancestor": "None",
  "umap1": 0.16058130190055653,
  "umap2": 0.4301905319970313
}