{
  "No direct optim ancestor": "None",
  "umap1": 0.8402078747831438,
  "umap2": 0.7664536116575978
}