{
  "No direct optim ancestor": "None",
  "umap1": 0.4147490375169529,
  "umap2": 0.8976740539179097
}