{
  "No direct optim ancestor": "None",
  "umap1": 0.6154153125504285,
  "umap2": 0.4704313095978194
}