{
  "No direct optim ancestor": "None",
  "umap1": 0.7355764785704767,
  "umap2": 0.2690852812015133
}