{
  "No direct optim ancestor": "None",
  "umap1": 0.6649650229156715,
  "umap2": 0.7076646666082617
}