{
  "No direct optim ancestor": "None",
  "umap1": 0.2767399727374137,
  "umap2": 0.14794555995557812
}