{
  "No direct optim ancestor": "None",
  "umap1": 0.3322514158496541,
  "umap2": 0.9907335543903882
}