{
  "No direct optim ancestor": "None",
  "umap1": 0.14197596609271723,
  "umap2": 0.07438026400703546
}