{
  "No direct optim ancestor": "None",
  "umap1": 0.42931852487704936,
  "umap2": 0.1858676993029248
}