{
  "No direct optim ancestor": "None",
  "umap1": 0.9552821835720517,
  "umap2": 0.13851016937584704
}