{
  "No direct optim ancestor": "None",
  "umap1": 0.8406515797809028,
  "umap2": 0.47587371948387813
}