{
  "No direct optim ancestor": "None",
  "umap1": 0.2509081812862398,
  "umap2": 0.4824801718077367
}