{
  "No direct optim ancestor": "None",
  "umap1": 0.31741771962975784,
  "umap2": 0.41467414518205237
}