{
  "No direct optim ancestor": "None",
  "umap1": 0.39636173419831555,
  "umap2": 0.6684640043887665
}