{
  "No direct optim ancestor": "None",
  "umap1": 0.8036723808760172,
  "umap2": 0.17690459749291843
}