{
  "No direct optim ancestor": "None",
  "umap1": 0.9756259149845781,
  "umap2": 0.9424640187959067
}