{
  "No direct optim ancestor": "None",
  "umap1": 0.08423621289622085,
  "umap2": 0.9547997910253038
}