{
  "No direct optim ancestor": "None",
  "umap1": 0.8581865127128755,
  "umap2": 0.8638624679615314
}