{
  "No direct optim ancestor": "None",
  "umap1": 0.1410818136274733,
  "umap2": 0.5246969357892385
}