{
  "No direct optim ancestor": "None",
  "umap1": 0.8286850148290997,
  "umap2": 0.436427024909557
}