{
  "No direct optim ancestor": "None",
  "umap1": 0.5394705388772335,
  "umap2": 0.2016269278425824
}