{
  "No direct optim ancestor": "None",
  "umap1": 0.07750226410197214,
  "umap2": 0.3940193265803902
}