{
  "No direct optim ancestor": "None",
  "umap1": 0.584688395673175,
  "umap2": 0.7567590199270839
}