{
  "No direct optim ancestor": "None",
  "umap1": 0.5500156453512505,
  "umap2": 0.20409179930398558
}