{
  "No direct optim ancestor": "None",
  "umap1": 0.03220351330228299,
  "umap2": 0.14221638655461755
}