{
  "No direct optim ancestor": "None",
  "umap1": 0.37109587005753386,
  "umap2": 0.21604228871035913
}