{
  "No direct optim ancestor": "None",
  "umap1": 0.3941560979862577,
  "umap2": 0.4736785969063966
}