{
  "No direct optim ancestor": "None",
  "umap1": 0.027594048749715827,
  "umap2": 0.06187500551015812
}