{
  "No direct optim ancestor": "None",
  "umap1": 0.4859351066367923,
  "umap2": 0.6968791759489044
}