{
  "No direct optim ancestor": "None",
  "umap1": 0.4704047857257575,
  "umap2": 0.6389852748842773
}