{
  "No direct optim ancestor": "None",
  "umap1": 0.16806853921176523,
  "umap2": 0.21506099685637892
}