{
  "No direct optim ancestor": "None",
  "umap1": 0.19580656479809178,
  "umap2": 0.6670628020109636
}