{
  "No direct optim ancestor": "None",
  "umap1": 0.5553788220294077,
  "umap2": 0.9327155922466793
}