{
  "No direct optim ancestor": "None",
  "umap1": 0.8925109552116943,
  "umap2": 0.7496322296064702
}