{
  "No direct optim ancestor": "None",
  "umap1": 0.9705899835574979,
  "umap2": 0.9279003740569435
}