{
  "No direct optim ancestor": "None",
  "umap1": 0.17584720802293907,
  "umap2": 0.7681766515936587
}