{
  "No direct optim ancestor": "None",
  "umap1": 0.898749288117572,
  "umap2": 0.24514623819614634
}