{
  "No direct optim ancestor": "None",
  "umap1": 0.5555269975734604,
  "umap2": 0.7509017966679005
}