{
  "No direct optim ancestor": "None",
  "umap1": 0.0651737312185301,
  "umap2": 0.6072887053994901
}