{
  "No direct optim ancestor": "None",
  "umap1": 0.9940143054464902,
  "umap2": 0.31465572073770187
}