{
  "No direct optim ancestor": "None",
  "umap1": 0.19252849687048623,
  "umap2": 0.2746760741363147
}