{
  "No direct optim ancestor": "None",
  "umap1": 0.08183414969542191,
  "umap2": 0.36133289276227454
}