{
  "No direct optim ancestor": "None",
  "umap1": 0.8283134072447313,
  "umap2": 0.19107213196133077
}