{
  "No direct optim ancestor": "None",
  "umap1": 0.46146111232127984,
  "umap2": 0.1217913642025481
}