{
  "No direct optim ancestor": "None",
  "umap1": 0.5712444924329271,
  "umap2": 0.1981103387817741
}