{
  "No direct optim ancestor": "None",
  "umap1": 0.7147198977381123,
  "umap2": 0.42886537090172305
}