{
  "No direct optim ancestor": "None",
  "umap1": 0.05219501703958296,
  "umap2": 0.29454602283627274
}