{
  "No direct optim ancestor": "None",
  "umap1": 0.9168235334844214,
  "umap2": 0.6445758625388305
}