{
  "No direct optim ancestor": "None",
  "umap1": 0.5979668725791842,
  "umap2": 0.6209391264715015
}