{
  "No direct optim ancestor": "None",
  "umap1": 0.7603470422841806,
  "umap2": 0.9952776544907187
}