{
  "No direct optim ancestor": "None",
  "umap1": 0.5074414522719757,
  "umap2": 0.9020786559903474
}