{
  "No direct optim ancestor": "None",
  "umap1": 0.3555345036364892,
  "umap2": 0.3924615180956913
}