{
  "No direct optim ancestor": "None",
  "umap1": 0.9568726722830384,
  "umap2": 0.33246900198575513
}