{
  "No direct optim ancestor": "None",
  "umap1": 0.027840659170084603,
  "umap2": 0.056711953423650985
}