{
  "No direct optim ancestor": "None",
  "umap1": 0.7980626884900327,
  "umap2": 0.20732672596134727
}