{
  "No direct optim ancestor": "None",
  "umap1": 0.4768276337749099,
  "umap2": 0.8163231059702938
}