{
  "No direct optim ancestor": "None",
  "umap1": 0.042935018762860655,
  "umap2": 0.9966749022173729
}