{
  "No direct optim ancestor": "None",
  "umap1": 0.7453967299690467,
  "umap2": 0.8374020698079768
}