{
  "No direct optim ancestor": "None",
  "umap1": 0.5815522322602931,
  "umap2": 0.06176093130836391
}