{
  "No direct optim ancestor": "None",
  "umap1": 0.4331274786649214,
  "umap2": 0.6438913206957787
}