{
  "No direct optim ancestor": "None",
  "umap1": 0.6650112390799027,
  "umap2": 0.4177319678994139
}