{
  "Direct optim goal": "a photo of a hexagonal honeycomb with red cells and green borders",
  "umap1": 0.5271638254190968,
  "umap2": 0.7537938204981005
}