{
  "No direct optim ancestor": "None",
  "umap1": 0.32269605346883834,
  "umap2": 0.10540839313041062
}