{
  "No direct optim ancestor": "None",
  "umap1": 0.46406235647654925,
  "umap2": 0.2707828762798168
}