{
  "No direct optim ancestor": "None",
  "umap1": 0.48460942021424436,
  "umap2": 0.5854382408527278
}