{
  "No direct optim ancestor": "None",
  "umap1": 0.7819987879897142,
  "umap2": 0.9520597306761533
}