{
  "No direct optim ancestor": "None",
  "umap1": 0.8359795593446302,
  "umap2": 0.4546926714349313
}