{
  "No direct optim ancestor": "None",
  "umap1": 0.6042422377131458,
  "umap2": 0.10250585841352067
}