{
  "No direct optim ancestor": "None",
  "umap1": 0.8233242159574826,
  "umap2": 0.8344383158670557
}