{
  "No direct optim ancestor": "None",
  "umap1": 0.8505306287205581,
  "umap2": 0.9839558231344832
}