{
  "No direct optim ancestor": "None",
  "umap1": 0.39538072058062057,
  "umap2": 0.0549470121219251
}