{
  "No direct optim ancestor": "None",
  "umap1": 0.949782862231856,
  "umap2": 0.9159890067885141
}