{
  "No direct optim ancestor": "None",
  "umap1": 0.9548533116831779,
  "umap2": 0.21346006842542664
}