{
  "No direct optim ancestor": "None",
  "umap1": 0.40571855581566996,
  "umap2": 0.5947574647840418
}