{
  "No direct optim ancestor": "None",
  "umap1": 0.6872265912728548,
  "umap2": 0.4493880901441939
}