{
  "No direct optim ancestor": "None",
  "umap1": 0.7876337129931833,
  "umap2": 0.8049026407820992
}