{
  "No direct optim ancestor": "None",
  "umap1": 0.6465227611992258,
  "umap2": 0.4453271211608383
}