{
  "No direct optim ancestor": "None",
  "umap1": 0.176416684730337,
  "umap2": 0.39704088993287157
}