{
  "No direct optim ancestor": "None",
  "umap1": 0.7208521848399733,
  "umap2": 0.938821359474326
}