{
  "No direct optim ancestor": "None",
  "umap1": 0.3583940290734865,
  "umap2": 0.395799590375866
}