{
  "No direct optim ancestor": "None",
  "umap1": 0.32854636914007773,
  "umap2": 0.7509330813043226
}