{
  "No direct optim ancestor": "None",
  "umap1": 0.3484790677939714,
  "umap2": 0.04081750531282724
}