{
  "No direct optim ancestor": "None",
  "umap1": 0.1798727043754097,
  "umap2": 0.7796363873934457
}