{
  "No direct optim ancestor": "None",
  "umap1": 0.26477489080344574,
  "umap2": 0.09608027940368224
}