{
  "No direct optim ancestor": "None",
  "umap1": 0.6020454918270686,
  "umap2": 0.8447004673300355
}