{
  "No direct optim ancestor": "None",
  "umap1": 0.8064285128415849,
  "umap2": 0.3706549013780849
}