{
  "No direct optim ancestor": "None",
  "umap1": 0.3984813030745096,
  "umap2": 0.252864547814713
}