{
  "No direct optim ancestor": "None",
  "umap1": 0.32296641508646695,
  "umap2": 0.0032922300457808307
}