{
  "No direct optim ancestor": "None",
  "umap1": 0.5593223560929179,
  "umap2": 0.6603727732926893
}