{
  "No direct optim ancestor": "None",
  "umap1": 0.8588215516289396,
  "umap2": 0.1980460366407958
}