{
  "No direct optim ancestor": "None",
  "umap1": 0.6999182478334695,
  "umap2": 0.8508112254669661
}