{
  "No direct optim ancestor": "None",
  "umap1": 0.5968777139844159,
  "umap2": 0.06265837405904628
}