{
  "No direct optim ancestor": "None",
  "umap1": 0.14843574705597629,
  "umap2": 0.7173117232263839
}