{
  "No direct optim ancestor": "None",
  "umap1": 0.05658686193141482,
  "umap2": 0.5097904625649835
}