{
  "No direct optim ancestor": "None",
  "umap1": 0.4267376597822029,
  "umap2": 0.7247225283020348
}