{
  "No direct optim ancestor": "None",
  "umap1": 0.9136221794916733,
  "umap2": 0.09709599733212737
}