{
  "No direct optim ancestor": "None",
  "umap1": 0.7570614209562804,
  "umap2": 0.4048751649341693
}