{
  "No direct optim ancestor": "None",
  "umap1": 0.6326577897256511,
  "umap2": 0.593360448307014
}