{
  "No direct optim ancestor": "None",
  "umap1": 0.04843200754163701,
  "umap2": 0.8869277879359937
}