{
  "No direct optim ancestor": "None",
  "umap1": 0.27182370042311965,
  "umap2": 0.6148250814467631
}