{
  "No direct optim ancestor": "None",
  "umap1": 0.3839566819547755,
  "umap2": 0.8731072578188739
}