{
  "No direct optim ancestor": "None",
  "umap1": 0.7612232540366664,
  "umap2": 0.188689780904421
}