{
  "No direct optim ancestor": "None",
  "umap1": 0.9244897501736118,
  "umap2": 0.5426984946836441
}