{
  "No direct optim ancestor": "None",
  "umap1": 0.6476405849427449,
  "umap2": 0.5556899034549152
}