{
  "No direct optim ancestor": "None",
  "umap1": 0.9562807989633473,
  "umap2": 0.8200585849858952
}