{
  "No direct optim ancestor": "None",
  "umap1": 0.857112927992871,
  "umap2": 0.6108829948098544
}