{
  "No direct optim ancestor": "None",
  "umap1": 0.9648095205858517,
  "umap2": 0.852145811022463
}