{
  "No direct optim ancestor": "None",
  "umap1": 0.06542392066663527,
  "umap2": 0.1171975515756557
}