{
  "No direct optim ancestor": "None",
  "umap1": 0.12638249485349728,
  "umap2": 0.6697580898091017
}