{
  "No direct optim ancestor": "None",
  "umap1": 0.1850289746815461,
  "umap2": 0.6085678103821414
}