{
  "No direct optim ancestor": "None",
  "umap1": 0.543408071885583,
  "umap2": 0.2713090852597938
}