{
  "No direct optim ancestor": "None",
  "umap1": 0.3251830667818991,
  "umap2": 0.9797991964750912
}