{
  "No direct optim ancestor": "None",
  "umap1": 0.7078305923479629,
  "umap2": 0.3977390836393172
}