{
  "No direct optim ancestor": "None",
  "umap1": 0.6887530784733635,
  "umap2": 0.9146616167771955
}