{
  "No direct optim ancestor": "None",
  "umap1": 0.13453986700731957,
  "umap2": 0.7229114204763415
}