{
  "No direct optim ancestor": "None",
  "umap1": 0.6803528956976548,
  "umap2": 0.8651445542337602
}