{
  "No direct optim ancestor": "None",
  "umap1": 0.7688992938111376,
  "umap2": 0.10199165203322502
}