{
  "No direct optim ancestor": "None",
  "umap1": 0.02760035425606222,
  "umap2": 0.22776829372114205
}