{
  "No direct optim ancestor": "None",
  "umap1": 0.5607680903490894,
  "umap2": 0.7283194808261557
}