{
  "No direct optim ancestor": "None",
  "umap1": 0.2407253861460671,
  "umap2": 0.9414593184515256
}