{
  "No direct optim ancestor": "None",
  "umap1": 0.8878102286331948,
  "umap2": 0.1486348298093505
}