{
  "No direct optim ancestor": "None",
  "umap1": 0.5162235787075244,
  "umap2": 0.8160594611024886
}