{
  "No direct optim ancestor": "None",
  "umap1": 0.10489844388911684,
  "umap2": 0.44878635605641737
}