{
  "No direct optim ancestor": "None",
  "umap1": 0.48507537732595263,
  "umap2": 0.8897954442620872
}