{
  "No direct optim ancestor": "None",
  "umap1": 0.8647354381683711,
  "umap2": 0.8580904689443732
}