{
  "No direct optim ancestor": "None",
  "umap1": 0.44096667353653973,
  "umap2": 0.6982662208279549
}