{
  "No direct optim ancestor": "None",
  "umap1": 0.4895086775102736,
  "umap2": 0.6392167572788946
}