{
  "No direct optim ancestor": "None",
  "umap1": 0.30466200871715066,
  "umap2": 0.12274429443650059
}