{
  "No direct optim ancestor": "None",
  "umap1": 0.1893651048928121,
  "umap2": 0.7770761117629438
}