{
  "No direct optim ancestor": "None",
  "umap1": 0.47644523140232053,
  "umap2": 0.348100565265546
}