{
  "No direct optim ancestor": "None",
  "umap1": 0.6747382007043269,
  "umap2": 0.4478678156360375
}