{
  "No direct optim ancestor": "None",
  "umap1": 0.7505400917570035,
  "umap2": 0.98282438975329
}