{
  "No direct optim ancestor": "None",
  "umap1": 0.3774933344288356,
  "umap2": 0.8808946273454059
}