{
  "No direct optim ancestor": "None",
  "umap1": 0.3024376740552337,
  "umap2": 0.49867858361645767
}