{
  "No direct optim ancestor": "None",
  "umap1": 0.3323235637726294,
  "umap2": 0.36514290635400737
}