{
  "No direct optim ancestor": "None",
  "umap1": 0.9998183440863108,
  "umap2": 0.37360380809363813
}