{
  "No direct optim ancestor": "None",
  "umap1": 0.6081618686955679,
  "umap2": 0.48285352854447405
}