{
  "No direct optim ancestor": "None",
  "umap1": 0.461481212177389,
  "umap2": 0.726254143594368
}