{
  "No direct optim ancestor": "None",
  "umap1": 0.8850539145985639,
  "umap2": 0.9200680249856976
}