{
  "No direct optim ancestor": "None",
  "umap1": 0.989551257457592,
  "umap2": 0.588205490592666
}