{
  "No direct optim ancestor": "None",
  "umap1": 0.9649560440206059,
  "umap2": 0.08625139168130014
}