{
  "No direct optim ancestor": "None",
  "umap1": 0.045449355094152266,
  "umap2": 0.2500473685585213
}