{
  "No direct optim ancestor": "None",
  "umap1": 0.7345457857020663,
  "umap2": 0.9489144986774578
}