{
  "No direct optim ancestor": "None",
  "umap1": 0.5770733788145237,
  "umap2": 0.3120604765774333
}