{
  "No direct optim ancestor": "None",
  "umap1": 0.33113920929288154,
  "umap2": 0.9356702713167563
}