{
  "No direct optim ancestor": "None",
  "umap1": 0.8508060610592435,
  "umap2": 0.3241225144406773
}