{
  "No direct optim ancestor": "None",
  "umap1": 0.11685795304863167,
  "umap2": 0.8920568459336431
}