{
  "No direct optim ancestor": "None",
  "umap1": 0.960202004900671,
  "umap2": 0.2542247228829819
}