{
  "No direct optim ancestor": "None",
  "umap1": 0.7106003991291282,
  "umap2": 0.8420903903471388
}