{
  "Direct optim goal": "a photo of a red spiral snail shell with green ridges and blue highlights",
  "umap1": 0.8237984015262537,
  "umap2": 0.7505562041881128
}