{
  "No direct optim ancestor": "None",
  "umap1": 0.5991177257418975,
  "umap2": 0.1717843244110866
}