{
  "No direct optim ancestor": "None",
  "umap1": 0.9710577959062517,
  "umap2": 0.7604868572034947
}