{
  "No direct optim ancestor": "None",
  "umap1": 0.9875592247346503,
  "umap2": 0.7425517957528178
}