{
  "No direct optim ancestor": "None",
  "umap1": 0.8597363926857488,
  "umap2": 0.7346276665626488
}