{
  "No direct optim ancestor": "None",
  "umap1": 0.5963504661615692,
  "umap2": 0.442966605074138
}