{
  "No direct optim ancestor": "None",
  "umap1": 0.4643042283598344,
  "umap2": 0.9669834639652689
}