{
  "No direct optim ancestor": "None",
  "umap1": 0.5016265375601311,
  "umap2": 0.30307982755303164
}