{
  "No direct optim ancestor": "None",
  "umap1": 0.550316058778424,
  "umap2": 0.2606102453393817
}