{
  "No direct optim ancestor": "None",
  "umap1": 0.5207215073770192,
  "umap2": 0.7864032546393136
}