{
  "No direct optim ancestor": "None",
  "umap1": 0.8763842233618503,
  "umap2": 0.7006473600963495
}