{
  "No direct optim ancestor": "None",
  "umap1": 0.6204213906772943,
  "umap2": 0.5671749999308953
}