{
  "No direct optim ancestor": "None",
  "umap1": 0.8472000768707746,
  "umap2": 0.19919789586558545
}