{
  "No direct optim ancestor": "None",
  "umap1": 0.11232634001901465,
  "umap2": 0.9438695433497912
}