{
  "No direct optim ancestor": "None",
  "umap1": 0.15100240425872347,
  "umap2": 0.2911452176507727
}