{
  "No direct optim ancestor": "None",
  "umap1": 0.11037065012425518,
  "umap2": 0.9711948691252902
}