{
  "No direct optim ancestor": "None",
  "umap1": 0.9016269220328744,
  "umap2": 0.7593320554318556
}