{
  "No direct optim ancestor": "None",
  "umap1": 0.5229096328406471,
  "umap2": 0.7014112212243447
}