{
  "No direct optim ancestor": "None",
  "umap1": 0.015375866925502635,
  "umap2": 0.24107915638126443
}