{
  "No direct optim ancestor": "None",
  "umap1": 0.3369660108960768,
  "umap2": 0.05608830929674469
}