{
  "No direct optim ancestor": "None",
  "umap1": 0.029796970339258877,
  "umap2": 0.9863254578989157
}