{
  "No direct optim ancestor": "None",
  "umap1": 0.8210405782146947,
  "umap2": 0.17192300244207492
}