{
  "No direct optim ancestor": "None",
  "umap1": 0.6710201992038132,
  "umap2": 0.30580507475459284
}