{
  "No direct optim ancestor": "None",
  "umap1": 0.210693023687068,
  "umap2": 0.9186397590496124
}