{
  "No direct optim ancestor": "None",
  "umap1": 0.2653038946269709,
  "umap2": 0.07843689350599381
}