{
  "No direct optim ancestor": "None",
  "umap1": 0.21085746022975593,
  "umap2": 0.9828096754487003
}