{
  "No direct optim ancestor": "None",
  "umap1": 0.5102255156983005,
  "umap2": 0.26424606609051293
}