{
  "No direct optim ancestor": "None",
  "umap1": 0.015250766503890567,
  "umap2": 0.10392639622570832
}