{
  "No direct optim ancestor": "None",
  "umap1": 0.2010772609602106,
  "umap2": 0.7738110701490948
}