{
  "No direct optim ancestor": "None",
  "umap1": 0.913754720237997,
  "umap2": 0.94365407604059
}