{
  "No direct optim ancestor": "None",
  "umap1": 0.39771400176796756,
  "umap2": 0.9995965158508624
}