{
  "No direct optim ancestor": "None",
  "umap1": 0.5491310101174759,
  "umap2": 0.15415343713914453
}