{
  "No direct optim ancestor": "None",
  "umap1": 0.08572424530275491,
  "umap2": 0.6194499414145266
}