{
  "No direct optim ancestor": "None",
  "umap1": 0.597158391905558,
  "umap2": 0.3908113010540516
}