{
  "No direct optim ancestor": "None",
  "umap1": 0.24260878579300327,
  "umap2": 0.3212915529505145
}