{
  "No direct optim ancestor": "None",
  "umap1": 0.3428430896394209,
  "umap2": 0.2614550979088116
}