{
  "No direct optim ancestor": "None",
  "umap1": 0.007701608091289058,
  "umap2": 0.6015363579754754
}