{
  "No direct optim ancestor": "None",
  "umap1": 0.9238034432046374,
  "umap2": 0.7666339838223597
}