{
  "No direct optim ancestor": "None",
  "umap1": 0.12973578976665523,
  "umap2": 0.06554536020305968
}