{
  "No direct optim ancestor": "None",
  "umap1": 0.8889747341585692,
  "umap2": 0.35034141097474947
}