{
  "Ancestor's direct optim goal": "a photo of brain coral with red valleys and green ridges",
  "umap1": 0.09617647344853963,
  "umap2": 0.9485737954271096
}