{
  "No direct optim ancestor": "None",
  "umap1": 0.9392229112827731,
  "umap2": 0.3456154718556663
}