{
  "No direct optim ancestor": "None",
  "umap1": 0.24948339229981698,
  "umap2": 0.019745713934332443
}