{
  "No direct optim ancestor": "None",
  "umap1": 0.0028757319868324416,
  "umap2": 0.12708189420548077
}