{
  "No direct optim ancestor": "None",
  "umap1": 0.5434369162808039,
  "umap2": 0.5588701967554841
}