{
  "No direct optim ancestor": "None",
  "umap1": 0.3672362424457597,
  "umap2": 0.41263477825598427
}