{
  "No direct optim ancestor": "None",
  "umap1": 0.8359488903570964,
  "umap2": 0.21980602361124757
}