{
  "No direct optim ancestor": "None",
  "umap1": 0.7349224920418234,
  "umap2": 0.11272681004400276
}