{
  "No direct optim ancestor": "None",
  "umap1": 0.07353849668766688,
  "umap2": 0.13754356584852967
}