{
  "No direct optim ancestor": "None",
  "umap1": 0.5064325694289898,
  "umap2": 0.42586334616940147
}