{
  "No direct optim ancestor": "None",
  "umap1": 0.0588696794524417,
  "umap2": 0.9281953810336262
}