{
  "No direct optim ancestor": "None",
  "umap1": 0.5490028763396765,
  "umap2": 0.40543329564682073
}