{
  "No direct optim ancestor": "None",
  "umap1": 0.48372060842950837,
  "umap2": 0.09451878076570797
}