{
  "No direct optim ancestor": "None",
  "umap1": 0.7468680287377562,
  "umap2": 0.06371338529910753
}