{
  "No direct optim ancestor": "None",
  "umap1": 0.8831279678326049,
  "umap2": 0.0275257167983457
}