{
  "No direct optim ancestor": "None",
  "umap1": 0.9535346978462006,
  "umap2": 0.8810967720223196
}