{
  "No direct optim ancestor": "None",
  "umap1": 0.2787689311695778,
  "umap2": 0.8737396126717253
}