{
  "No direct optim ancestor": "None",
  "umap1": 0.7095610473148918,
  "umap2": 0.397050379642936
}