{
  "No direct optim ancestor": "None",
  "umap1": 0.6216928698889177,
  "umap2": 0.804267318804132
}