{
  "No direct optim ancestor": "None",
  "umap1": 0.3892703539963097,
  "umap2": 0.4329591028588192
}