{
  "No direct optim ancestor": "None",
  "umap1": 0.2071148681950028,
  "umap2": 0.47310403017761105
}