{
  "No direct optim ancestor": "None",
  "umap1": 0.6533521621503638,
  "umap2": 0.4456268598771298
}