{
  "No direct optim ancestor": "None",
  "umap1": 0.3266171723419248,
  "umap2": 0.8385689121615625
}