{
  "No direct optim ancestor": "None",
  "umap1": 0.518735583777092,
  "umap2": 0.615587058614054
}