{
  "No direct optim ancestor": "None",
  "umap1": 0.7170150990295291,
  "umap2": 0.024251059340953396
}