{
  "No direct optim ancestor": "None",
  "umap1": 0.8702786318875616,
  "umap2": 0.20831985327157498
}