{
  "No direct optim ancestor": "None",
  "umap1": 0.07324478731385742,
  "umap2": 0.9645242513860475
}