{
  "No direct optim ancestor": "None",
  "umap1": 0.37944121525783503,
  "umap2": 0.3448497157929651
}