{
  "No direct optim ancestor": "None",
  "umap1": 0.08661702351800749,
  "umap2": 0.17631448923015447
}