{
  "No direct optim ancestor": "None",
  "umap1": 0.5487725902777121,
  "umap2": 0.7577455987502091
}