{
  "No direct optim ancestor": "None",
  "umap1": 0.8907914425730116,
  "umap2": 0.3311960673008483
}