{
  "No direct optim ancestor": "None",
  "umap1": 0.05408055633391595,
  "umap2": 0.8544495033711595
}