{
  "Ancestor's direct optim goal": "a pepperoni pizza",
  "umap1": 0.446573501030725,
  "umap2": 0.8695555197436763
}