{
  "No direct optim ancestor": "None",
  "umap1": 0.20634955540144373,
  "umap2": 0.511825738297784
}