{
  "No direct optim ancestor": "None",
  "umap1": 0.7716002676074343,
  "umap2": 0.22755571797494178
}