{
  "No direct optim ancestor": "None",
  "umap1": 0.9666388378353379,
  "umap2": 0.6910344795035923
}