{
  "No direct optim ancestor": "None",
  "umap1": 0.26100571027249286,
  "umap2": 0.4581697902489069
}