{
  "No direct optim ancestor": "None",
  "umap1": 0.6817841458536111,
  "umap2": 0.16323264515999458
}