{
  "No direct optim ancestor": "None",
  "umap1": 0.07135134806903676,
  "umap2": 0.06487948990562087
}