{
  "No direct optim ancestor": "None",
  "umap1": 0.4647146172251414,
  "umap2": 0.39207306328442415
}