{
  "No direct optim ancestor": "None",
  "umap1": 0.28514882778060247,
  "umap2": 0.11925067697351843
}