{
  "No direct optim ancestor": "None",
  "umap1": 0.14141239567985964,
  "umap2": 0.0885573176385871
}