{
  "No direct optim ancestor": "None",
  "umap1": 0.23434960767095625,
  "umap2": 0.9989816898249213
}