{
  "No direct optim ancestor": "None",
  "umap1": 0.8789764585836873,
  "umap2": 0.7121303152926393
}