{
  "No direct optim ancestor": "None",
  "umap1": 0.9892416189865365,
  "umap2": 0.008516403470401723
}