{
  "No direct optim ancestor": "None",
  "umap1": 0.7813091119378522,
  "umap2": 0.8546345921716306
}