{
  "No direct optim ancestor": "None",
  "umap1": 0.9568069727970135,
  "umap2": 0.15311037580749254
}