{
  "No direct optim ancestor": "None",
  "umap1": 0.09382488339855388,
  "umap2": 0.2756399780671477
}