{
  "No direct optim ancestor": "None",
  "umap1": 0.9345292269453483,
  "umap2": 0.12284060555905629
}