{
  "No direct optim ancestor": "None",
  "umap1": 0.1029920456154394,
  "umap2": 0.39544355436909995
}