{
  "No direct optim ancestor": "None",
  "umap1": 0.46451386548904117,
  "umap2": 0.60475992798122
}