{
  "No direct optim ancestor": "None",
  "umap1": 0.831162589588506,
  "umap2": 0.9529629851272429
}