{
  "No direct optim ancestor": "None",
  "umap1": 0.33691305861700915,
  "umap2": 0.7651696988162843
}