{
  "No direct optim ancestor": "None",
  "umap1": 0.14006009524319174,
  "umap2": 0.1115476515345194
}