{
  "No direct optim ancestor": "None",
  "umap1": 0.7353575974914754,
  "umap2": 0.058038324167919764
}