{
  "No direct optim ancestor": "None",
  "umap1": 0.9219269850169922,
  "umap2": 0.5470167756804011
}