{
  "No direct optim ancestor": "None",
  "umap1": 0.4651436022046763,
  "umap2": 0.5366331119347314
}