{
  "No direct optim ancestor": "None",
  "umap1": 0.43979436857942267,
  "umap2": 0.966821714992494
}