{
  "No direct optim ancestor": "None",
  "umap1": 0.3923295697337299,
  "umap2": 0.740512678878634
}