{
  "No direct optim ancestor": "None",
  "umap1": 0.5509362284286837,
  "umap2": 0.1857240853368104
}