{
  "No direct optim ancestor": "None",
  "umap1": 0.44397094128306747,
  "umap2": 0.20552109596763468
}