{
  "No direct optim ancestor": "None",
  "umap1": 0.6258565290584653,
  "umap2": 0.5093020663565037
}