{
  "No direct optim ancestor": "None",
  "umap1": 0.14898846547668465,
  "umap2": 0.35292771918443466
}