{
  "No direct optim ancestor": "None",
  "umap1": 0.09698595787537256,
  "umap2": 0.7301844762017786
}