{
  "No direct optim ancestor": "None",
  "umap1": 0.39075955676436935,
  "umap2": 0.2512546302925156
}