{
  "No direct optim ancestor": "None",
  "umap1": 0.9280394441814436,
  "umap2": 0.452347907202449
}