{
  "No direct optim ancestor": "None",
  "umap1": 0.7618848574208276,
  "umap2": 0.4171679807802039
}