{
  "No direct optim ancestor": "None",
  "umap1": 0.37943251244675924,
  "umap2": 0.30352623986723193
}