{
  "No direct optim ancestor": "None",
  "umap1": 0.4341686712414734,
  "umap2": 0.5570266288945361
}