{
  "No direct optim ancestor": "None",
  "umap1": 0.8129792277189045,
  "umap2": 0.5351960789986018
}