{
  "No direct optim ancestor": "None",
  "umap1": 0.27067656340745494,
  "umap2": 0.1946889155553828
}