{
  "No direct optim ancestor": "None",
  "umap1": 0.914803544832472,
  "umap2": 0.13874954269479134
}