{
  "No direct optim ancestor": "None",
  "umap1": 0.7450907145053801,
  "umap2": 0.7523294807191877
}