{
  "No direct optim ancestor": "None",
  "umap1": 0.19604817940177965,
  "umap2": 0.6619878737991238
}