{
  "No direct optim ancestor": "None",
  "umap1": 0.19502039441275998,
  "umap2": 0.5682835570502799
}