{
  "No direct optim ancestor": "None",
  "umap1": 0.6782495476431157,
  "umap2": 0.117016014695969
}