{
  "No direct optim ancestor": "None",
  "umap1": 0.945368028451102,
  "umap2": 0.9311984638659163
}