{
  "No direct optim ancestor": "None",
  "umap1": 0.18436395355080792,
  "umap2": 0.03980267499440826
}