{
  "No direct optim ancestor": "None",
  "umap1": 0.2527325097240837,
  "umap2": 0.5251972749358729
}