{
  "No direct optim ancestor": "None",
  "umap1": 0.7469874902760559,
  "umap2": 0.6849947059179256
}