{
  "No direct optim ancestor": "None",
  "umap1": 0.36780017378263885,
  "umap2": 0.7045841690220167
}