{
  "No direct optim ancestor": "None",
  "umap1": 0.6851445769704865,
  "umap2": 0.6168762749971685
}