{
  "No direct optim ancestor": "None",
  "umap1": 0.06285297669813572,
  "umap2": 0.9780058186719128
}