{
  "No direct optim ancestor": "None",
  "umap1": 0.589599095642216,
  "umap2": 0.46949593549307167
}