{
  "No direct optim ancestor": "None",
  "umap1": 0.4132999809751916,
  "umap2": 0.591861208377739
}