{
  "No direct optim ancestor": "None",
  "umap1": 0.32050100072878573,
  "umap2": 0.2354930657764378
}