{
  "No direct optim ancestor": "None",
  "umap1": 0.6398281981547721,
  "umap2": 0.7677600065065376
}