{
  "No direct optim ancestor": "None",
  "umap1": 0.35052866766477275,
  "umap2": 0.9379992294582623
}