{
  "No direct optim ancestor": "None",
  "umap1": 0.26566130476507877,
  "umap2": 0.2343707753790769
}