{
  "No direct optim ancestor": "None",
  "umap1": 0.03690355020872105,
  "umap2": 0.8216213740013538
}