{
  "No direct optim ancestor": "None",
  "umap1": 0.5950625677561916,
  "umap2": 0.475845839636996
}