{
  "No direct optim ancestor": "None",
  "umap1": 0.5860667873902168,
  "umap2": 0.9214973667323277
}