{
  "No direct optim ancestor": "None",
  "umap1": 0.697316560938375,
  "umap2": 0.998117226768374
}