{
  "No direct optim ancestor": "None",
  "umap1": 0.9932630322504475,
  "umap2": 0.4640030479432987
}