{
  "No direct optim ancestor": "None",
  "umap1": 0.27486216161847843,
  "umap2": 0.028268519978505213
}