{
  "No direct optim ancestor": "None",
  "umap1": 0.9119898274564406,
  "umap2": 0.5267709732167823
}