{
  "No direct optim ancestor": "None",
  "umap1": 0.5132221757913458,
  "umap2": 0.45013794670305374
}