{
  "No direct optim ancestor": "None",
  "umap1": 0.20469706054844994,
  "umap2": 0.8797121617678719
}