{
  "No direct optim ancestor": "None",
  "umap1": 0.7726531130768302,
  "umap2": 0.2694676652545257
}