{
  "No direct optim ancestor": "None",
  "umap1": 0.06394940360899648,
  "umap2": 0.9302051358394763
}