{
  "No direct optim ancestor": "None",
  "umap1": 0.441619481868033,
  "umap2": 0.22023449284967989
}