{
  "No direct optim ancestor": "None",
  "umap1": 0.04552711374642393,
  "umap2": 0.07848807559155069
}