{
  "Ancestor's direct optim goal": "a photo of a smiley face",
  "umap1": 0.4243080511893702,
  "umap2": 0.5920145386348135
}