{
  "No direct optim ancestor": "None",
  "umap1": 0.4238392436435261,
  "umap2": 0.19330653873732906
}