{
  "No direct optim ancestor": "None",
  "umap1": 0.8152083558390498,
  "umap2": 0.9644992401895236
}