{
  "No direct optim ancestor": "None",
  "umap1": 0.6958340033964285,
  "umap2": 0.5320964708258495
}