{
  "No direct optim ancestor": "None",
  "umap1": 0.5458489999866767,
  "umap2": 0.24775446537547952
}