{
  "No direct optim ancestor": "None",
  "umap1": 0.3624617153225418,
  "umap2": 0.1578400729085776
}