{
  "No direct optim ancestor": "None",
  "umap1": 0.20285062957707511,
  "umap2": 0.8778634558031607
}