{
  "No direct optim ancestor": "None",
  "umap1": 0.5611214998732805,
  "umap2": 0.06523445121981641
}