{
  "No direct optim ancestor": "None",
  "umap1": 0.1596006759513432,
  "umap2": 0.43680997827137946
}