{
  "No direct optim ancestor": "None",
  "umap1": 0.6782530193381296,
  "umap2": 0.23271406373820502
}