{
  "No direct optim ancestor": "None",
  "umap1": 0.7645530667661457,
  "umap2": 0.7940888587117854
}