{
  "No direct optim ancestor": "None",
  "umap1": 0.26710639402042624,
  "umap2": 0.4275907557771085
}