{
  "No direct optim ancestor": "None",
  "umap1": 0.9147189533610329,
  "umap2": 0.10054164216904837
}