{
  "No direct optim ancestor": "None",
  "umap1": 0.6976042512680477,
  "umap2": 0.7063085113309782
}