{
  "No direct optim ancestor": "None",
  "umap1": 0.1341458521519857,
  "umap2": 0.24295923680115228
}