{
  "No direct optim ancestor": "None",
  "umap1": 0.24215933475911455,
  "umap2": 0.060767829568240006
}