{
  "No direct optim ancestor": "None",
  "umap1": 0.28181769802504986,
  "umap2": 0.30950954174908174
}