{
  "No direct optim ancestor": "None",
  "umap1": 0.3147631358060933,
  "umap2": 0.6111159531359787
}