{
  "No direct optim ancestor": "None",
  "umap1": 0.4999987046182067,
  "umap2": 0.08570543320715662
}