{
  "No direct optim ancestor": "None",
  "umap1": 0.0734116320827507,
  "umap2": 0.24425626541653445
}