{
  "No direct optim ancestor": "None",
  "umap1": 0.6384548074224504,
  "umap2": 0.4948090848633949
}