{
  "No direct optim ancestor": "None",
  "umap1": 0.5574132643436757,
  "umap2": 0.008963264352210287
}