{
  "No direct optim ancestor": "None",
  "umap1": 0.7401911440690219,
  "umap2": 0.6483979634473089
}