{
  "No direct optim ancestor": "None",
  "umap1": 0.9380055407495949,
  "umap2": 0.49454477025657095
}