{
  "No direct optim ancestor": "None",
  "umap1": 0.458768823626855,
  "umap2": 0.5031040081224939
}