{
  "No direct optim ancestor": "None",
  "umap1": 0.22709967047750335,
  "umap2": 0.9203286691809265
}