{
  "No direct optim ancestor": "None",
  "umap1": 0.5513988465310558,
  "umap2": 0.4665563857034253
}