{
  "No direct optim ancestor": "None",
  "umap1": 0.17215995018524521,
  "umap2": 0.14378260433115064
}