{
  "No direct optim ancestor": "None",
  "umap1": 0.3625037602896666,
  "umap2": 0.9356706050138363
}