{
  "No direct optim ancestor": "None",
  "umap1": 0.4416897329781134,
  "umap2": 0.47965221640573275
}