{
  "No direct optim ancestor": "None",
  "umap1": 0.6211960241685424,
  "umap2": 0.9003613888123223
}