{
  "No direct optim ancestor": "None",
  "umap1": 0.2317823759281229,
  "umap2": 0.40093922323534015
}