{
  "No direct optim ancestor": "None",
  "umap1": 0.5271376930203098,
  "umap2": 0.8549791654231179
}