{
  "No direct optim ancestor": "None",
  "umap1": 0.7173177021984888,
  "umap2": 0.40749343895746326
}