{
  "No direct optim ancestor": "None",
  "umap1": 0.3791485957965688,
  "umap2": 0.06744894994618589
}