{
  "No direct optim ancestor": "None",
  "umap1": 0.3581062211895144,
  "umap2": 0.5759615699959223
}