{
  "No direct optim ancestor": "None",
  "umap1": 0.024274374146884492,
  "umap2": 0.5511834895280031
}