{
  "No direct optim ancestor": "None",
  "umap1": 0.45645834496671434,
  "umap2": 0.5411574734440334
}