{
  "No direct optim ancestor": "None",
  "umap1": 0.8758921507004295,
  "umap2": 0.2595569465821028
}