{
  "No direct optim ancestor": "None",
  "umap1": 0.3060682879653346,
  "umap2": 0.5568393513136352
}