{
  "No direct optim ancestor": "None",
  "umap1": 0.8914005036771896,
  "umap2": 0.5475321636342079
}