{
  "No direct optim ancestor": "None",
  "umap1": 0.6602547006717818,
  "umap2": 0.6621300712946209
}