{
  "No direct optim ancestor": "None",
  "umap1": 0.8021761854775036,
  "umap2": 0.6461943707075579
}