{
  "No direct optim ancestor": "None",
  "umap1": 0.01636136498534624,
  "umap2": 0.8543872461422446
}