{
  "No direct optim ancestor": "None",
  "umap1": 0.6032309569609017,
  "umap2": 0.9522128016805089
}