{
  "No direct optim ancestor": "None",
  "umap1": 0.6359948148595048,
  "umap2": 0.036748039074817385
}