{
  "No direct optim ancestor": "None",
  "umap1": 0.06569141414739199,
  "umap2": 0.4417011905903714
}