{
  "No direct optim ancestor": "None",
  "umap1": 0.32312172050434707,
  "umap2": 0.9978851749730775
}