{
  "No direct optim ancestor": "None",
  "umap1": 0.3598049675266559,
  "umap2": 0.8059683263381382
}