{
  "No direct optim ancestor": "None",
  "umap1": 0.12210039830463026,
  "umap2": 0.8605732142450044
}