{
  "No direct optim ancestor": "None",
  "umap1": 0.939730471425336,
  "umap2": 0.007651630747731564
}