{
  "No direct optim ancestor": "None",
  "umap1": 0.10683403650859813,
  "umap2": 0.34952123456441375
}