{
  "No direct optim ancestor": "None",
  "umap1": 0.7775526928473742,
  "umap2": 0.8501351595112484
}