{
  "No direct optim ancestor": "None",
  "umap1": 0.7998080596632289,
  "umap2": 0.21832861484800392
}