{
  "No direct optim ancestor": "None",
  "umap1": 0.7244491177209518,
  "umap2": 0.4043693648241391
}