{
  "No direct optim ancestor": "None",
  "umap1": 0.42515240233010076,
  "umap2": 0.14524861819271528
}