{
  "No direct optim ancestor": "None",
  "umap1": 0.0226442424451212,
  "umap2": 0.7967202746020368
}