{
  "No direct optim ancestor": "None",
  "umap1": 0.695147563275335,
  "umap2": 0.21736374081667253
}