{
  "No direct optim ancestor": "None",
  "umap1": 0.9761573985323058,
  "umap2": 0.06442270867163724
}