{
  "No direct optim ancestor": "None",
  "umap1": 0.536580970981709,
  "umap2": 0.437969379791587
}