{
  "No direct optim ancestor": "None",
  "umap1": 0.2376013882446507,
  "umap2": 0.5380317844000745
}