{
  "No direct optim ancestor": "None",
  "umap1": 0.5923554984314632,
  "umap2": 0.48212250851870553
}