{
  "No direct optim ancestor": "None",
  "umap1": 0.794860771001857,
  "umap2": 0.831891437828833
}