{
  "No direct optim ancestor": "None",
  "umap1": 0.9526622128985568,
  "umap2": 0.35523018761407144
}