{
  "No direct optim ancestor": "None",
  "umap1": 0.9591946743863653,
  "umap2": 0.15593531302486174
}