{
  "No direct optim ancestor": "None",
  "umap1": 0.1329876159944846,
  "umap2": 0.5157416546138764
}