{
  "No direct optim ancestor": "None",
  "umap1": 0.15780504487398317,
  "umap2": 0.18892857711242694
}