{
  "No direct optim ancestor": "None",
  "umap1": 0.879804076480764,
  "umap2": 0.09097421755426904
}