{
  "No direct optim ancestor": "None",
  "umap1": 0.7165183085340486,
  "umap2": 0.8980870279401909
}