{
  "No direct optim ancestor": "None",
  "umap1": 0.11159537858428303,
  "umap2": 0.16940148706615854
}