{
  "No direct optim ancestor": "None",
  "umap1": 0.15871804742912432,
  "umap2": 0.5420986689842029
}