{
  "No direct optim ancestor": "None",
  "umap1": 0.9817501554327189,
  "umap2": 0.7996129887672059
}