{
  "No direct optim ancestor": "None",
  "umap1": 0.27720628554948523,
  "umap2": 0.47305265657185325
}