{
  "No direct optim ancestor": "None",
  "umap1": 0.5754985622112413,
  "umap2": 0.018204940363590327
}