{
  "No direct optim ancestor": "None",
  "umap1": 0.33127360603974854,
  "umap2": 0.003650282774698921
}