{
  "No direct optim ancestor": "None",
  "umap1": 0.054697850462986475,
  "umap2": 0.8239393595855622
}