{
  "No direct optim ancestor": "None",
  "umap1": 0.07037576640893839,
  "umap2": 0.35816302311848025
}