{
  "No direct optim ancestor": "None",
  "umap1": 0.8359155632930952,
  "umap2": 0.16440780002647448
}