{
  "No direct optim ancestor": "None",
  "umap1": 0.626782687500605,
  "umap2": 0.2610418647363031
}