{
  "No direct optim ancestor": "None",
  "umap1": 0.7420962762922853,
  "umap2": 0.4253034726199699
}