{
  "No direct optim ancestor": "None",
  "umap1": 0.4001599268154171,
  "umap2": 0.2153204638708982
}