{
  "No direct optim ancestor": "None",
  "umap1": 0.9203908325483645,
  "umap2": 0.1431386289259473
}