{
  "No direct optim ancestor": "None",
  "umap1": 0.19257495932974222,
  "umap2": 0.5355281458531141
}