{
  "No direct optim ancestor": "None",
  "umap1": 0.3121960380569555,
  "umap2": 0.21847455672996297
}