{
  "No direct optim ancestor": "None",
  "umap1": 0.796661236391381,
  "umap2": 0.36840470583858664
}