{
  "No direct optim ancestor": "None",
  "umap1": 0.7660148805633802,
  "umap2": 0.8777655431136322
}