{
  "No direct optim ancestor": "None",
  "umap1": 0.12478203949844713,
  "umap2": 0.2893759089248622
}