{
  "No direct optim ancestor": "None",
  "umap1": 0.48923892016171655,
  "umap2": 0.4677333573742626
}