{
  "No direct optim ancestor": "None",
  "umap1": 0.6231965664820895,
  "umap2": 0.9512180473012146
}