{
  "No direct optim ancestor": "None",
  "umap1": 0.24619494457392666,
  "umap2": 0.38794654784480975
}