{
  "No direct optim ancestor": "None",
  "umap1": 0.568924188938565,
  "umap2": 0.8289402089622511
}