{
  "No direct optim ancestor": "None",
  "umap1": 0.2559142328997106,
  "umap2": 0.5461959897075195
}