{
  "No direct optim ancestor": "None",
  "umap1": 0.6737017126627753,
  "umap2": 0.45753133820376524
}