{
  "No direct optim ancestor": "None",
  "umap1": 0.8675327834127766,
  "umap2": 0.6287511439824077
}