{
  "No direct optim ancestor": "None",
  "umap1": 0.6358276729096609,
  "umap2": 0.19604696085298512
}