{
  "No direct optim ancestor": "None",
  "umap1": 0.8596834522862209,
  "umap2": 0.5339008077497382
}