{
  "No direct optim ancestor": "None",
  "umap1": 0.7599916713170669,
  "umap2": 0.9392703095551299
}