{
  "No direct optim ancestor": "None",
  "umap1": 0.34520643920588856,
  "umap2": 0.5445028031248067
}