{
  "No direct optim ancestor": "None",
  "umap1": 0.4818257303441228,
  "umap2": 0.5164360553435465
}