{
  "No direct optim ancestor": "None",
  "umap1": 0.3621151861640308,
  "umap2": 0.6565876928976787
}