{
  "No direct optim ancestor": "None",
  "umap1": 0.031407579441102396,
  "umap2": 0.1925456352085897
}