{
  "No direct optim ancestor": "None",
  "umap1": 0.22327598545059413,
  "umap2": 0.4106730682078391
}