{
  "No direct optim ancestor": "None",
  "umap1": 0.24438959987627396,
  "umap2": 0.9664527752697536
}