{
  "No direct optim ancestor": "None",
  "umap1": 0.5599120321307887,
  "umap2": 0.3410771130170208
}