{
  "No direct optim ancestor": "None",
  "umap1": 0.13363460180966225,
  "umap2": 0.2658433628875382
}