{
  "No direct optim ancestor": "None",
  "umap1": 0.6169885295885121,
  "umap2": 0.3851994181512094
}