{
  "No direct optim ancestor": "None",
  "umap1": 0.8685640989657083,
  "umap2": 0.25340934792378245
}