{
  "No direct optim ancestor": "None",
  "umap1": 0.5976314886409607,
  "umap2": 0.5410356078160641
}