{
  "No direct optim ancestor": "None",
  "umap1": 0.06344243389426985,
  "umap2": 0.8327315580435181
}