{
  "No direct optim ancestor": "None",
  "umap1": 0.5998245076927022,
  "umap2": 0.10881014447491288
}