{
  "No direct optim ancestor": "None",
  "umap1": 0.3506725795199729,
  "umap2": 0.3706227501364465
}