{
  "No direct optim ancestor": "None",
  "umap1": 0.046812349341861625,
  "umap2": 0.729250153420726
}