{
  "No direct optim ancestor": "None",
  "umap1": 0.3414927525638406,
  "umap2": 0.9657678197894086
}