{
  "No direct optim ancestor": "None",
  "umap1": 0.65211013431456,
  "umap2": 0.0802601668129318
}