{
  "No direct optim ancestor": "None",
  "umap1": 0.649728907982173,
  "umap2": 0.8581339051516927
}