{
  "No direct optim ancestor": "None",
  "umap1": 0.026635631766969037,
  "umap2": 0.3514443771193796
}