{
  "No direct optim ancestor": "None",
  "umap1": 0.8794792837617388,
  "umap2": 0.146270455813855
}