{
  "No direct optim ancestor": "None",
  "umap1": 0.8227835028628909,
  "umap2": 0.6146426931066494
}