{
  "No direct optim ancestor": "None",
  "umap1": 0.04319740198592925,
  "umap2": 0.013625974110758499
}