{
  "No direct optim ancestor": "None",
  "umap1": 0.9789359669193067,
  "umap2": 0.5020592070659256
}