{
  "No direct optim ancestor": "None",
  "umap1": 0.9436435595161246,
  "umap2": 0.008142781564064339
}