{
  "No direct optim ancestor": "None",
  "umap1": 0.11793675619357513,
  "umap2": 0.20334756492815054
}