{
  "No direct optim ancestor": "None",
  "umap1": 0.28233655189377493,
  "umap2": 0.6975008936993922
}