{
  "No direct optim ancestor": "None",
  "umap1": 0.31683574526314384,
  "umap2": 0.6880703784056932
}