{
  "No direct optim ancestor": "None",
  "umap1": 0.2935908124506551,
  "umap2": 0.8412030560964022
}