{
  "No direct optim ancestor": "None",
  "umap1": 0.10924149107353698,
  "umap2": 0.3562106977139947
}