{
  "No direct optim ancestor": "None",
  "umap1": 0.5283273331503684,
  "umap2": 0.4955711846822414
}