{
  "No direct optim ancestor": "None",
  "umap1": 0.07187154599683099,
  "umap2": 0.19050516193440437
}