{
  "No direct optim ancestor": "None",
  "umap1": 0.23685900628697376,
  "umap2": 0.7243954189116136
}