{
  "No direct optim ancestor": "None",
  "umap1": 0.2876772273762257,
  "umap2": 0.012193778915900233
}