{
  "No direct optim ancestor": "None",
  "umap1": 0.6554833498493363,
  "umap2": 0.23518213534284504
}