{
  "No direct optim ancestor": "None",
  "umap1": 0.6228708585623339,
  "umap2": 0.5647704532658233
}