{
  "No direct optim ancestor": "None",
  "umap1": 0.8826201303593114,
  "umap2": 0.16093790836518707
}