{
  "No direct optim ancestor": "None",
  "umap1": 0.3575993834893688,
  "umap2": 0.9579449659433339
}