{
  "No direct optim ancestor": "None",
  "umap1": 0.636448417040324,
  "umap2": 0.20348226165791905
}