{
  "No direct optim ancestor": "None",
  "umap1": 0.3656564567778705,
  "umap2": 0.9025693387417377
}