{
  "No direct optim ancestor": "None",
  "umap1": 0.4589199121937224,
  "umap2": 0.007238154054238222
}