{
  "No direct optim ancestor": "None",
  "umap1": 0.23179893739584223,
  "umap2": 0.7532225960077872
}