{
  "No direct optim ancestor": "None",
  "umap1": 0.01738068869428444,
  "umap2": 0.8216462955933408
}