{
  "No direct optim ancestor": "None",
  "umap1": 0.16898536737589132,
  "umap2": 0.6034391603964773
}