{
  "No direct optim ancestor": "None",
  "umap1": 0.7914551607409439,
  "umap2": 0.4934892451471129
}