{
  "No direct optim ancestor": "None",
  "umap1": 0.6192187294213276,
  "umap2": 0.170721169016942
}