{
  "No direct optim ancestor": "None",
  "umap1": 0.4364211567413294,
  "umap2": 0.6252748209293864
}