{
  "No direct optim ancestor": "None",
  "umap1": 0.7502581663262959,
  "umap2": 0.4039007108489764
}