{
  "No direct optim ancestor": "None",
  "umap1": 0.7663679779493217,
  "umap2": 0.912243112026305
}