{
  "No direct optim ancestor": "None",
  "umap1": 0.8277801760329943,
  "umap2": 0.8358124545763105
}