{
  "No direct optim ancestor": "None",
  "umap1": 0.5654417068978487,
  "umap2": 0.8136254757845778
}