{
  "No direct optim ancestor": "None",
  "umap1": 0.5943141454781923,
  "umap2": 0.5429456063819601
}