{
  "No direct optim ancestor": "None",
  "umap1": 0.39557539766747507,
  "umap2": 0.03650171037670069
}