{
  "No direct optim ancestor": "None",
  "umap1": 0.23423555596258339,
  "umap2": 0.2886423844925726
}