{
  "No direct optim ancestor": "None",
  "umap1": 0.8501239476970175,
  "umap2": 0.06947874413625732
}