{
  "No direct optim ancestor": "None",
  "umap1": 0.6751490647850741,
  "umap2": 0.7630246505861688
}