{
  "No direct optim ancestor": "None",
  "umap1": 0.6455690536247147,
  "umap2": 0.5623970294959861
}