{
  "No direct optim ancestor": "None",
  "umap1": 0.7903613587918217,
  "umap2": 0.281041259652298
}