{
  "No direct optim ancestor": "None",
  "umap1": 0.6865237329442557,
  "umap2": 0.6722864738687777
}