{
  "No direct optim ancestor": "None",
  "umap1": 0.09516665600791885,
  "umap2": 0.21150499850739124
}