{
  "No direct optim ancestor": "None",
  "umap1": 0.8636566286064888,
  "umap2": 0.23065983791599964
}