{
  "No direct optim ancestor": "None",
  "umap1": 0.04895169872785077,
  "umap2": 0.42436021916015765
}