{
  "No direct optim ancestor": "None",
  "umap1": 0.8108640139951017,
  "umap2": 0.33444366103644063
}