{
  "No direct optim ancestor": "None",
  "umap1": 0.8338957429075964,
  "umap2": 0.33754996333166054
}