{
  "No direct optim ancestor": "None",
  "umap1": 0.3947279865101092,
  "umap2": 0.22600657799261226
}