{
  "No direct optim ancestor": "None",
  "umap1": 0.12609288790392303,
  "umap2": 0.41278908527712177
}