{
  "No direct optim ancestor": "None",
  "umap1": 0.8926941310033517,
  "umap2": 0.7821063975686928
}