{
  "No direct optim ancestor": "None",
  "umap1": 0.577227423275115,
  "umap2": 0.2832522495996588
}