{
  "No direct optim ancestor": "None",
  "umap1": 0.04671449547317652,
  "umap2": 0.04943515428738743
}