{
  "No direct optim ancestor": "None",
  "umap1": 0.9912454857542093,
  "umap2": 0.7347944432839475
}