{
  "No direct optim ancestor": "None",
  "umap1": 0.8899137470706869,
  "umap2": 0.25915976523027395
}