{
  "No direct optim ancestor": "None",
  "umap1": 0.9244675531247886,
  "umap2": 0.5098532397117804
}