{
  "No direct optim ancestor": "None",
  "umap1": 0.6866770819584407,
  "umap2": 0.4846151062730374
}