{
  "No direct optim ancestor": "None",
  "umap1": 0.4975551942734443,
  "umap2": 0.9006404455540536
}