{
  "No direct optim ancestor": "None",
  "umap1": 0.624000547817004,
  "umap2": 0.11259862273869414
}