{
  "No direct optim ancestor": "None",
  "umap1": 0.9873086547183493,
  "umap2": 0.8914847163171965
}