{
  "No direct optim ancestor": "None",
  "umap1": 0.376561919405745,
  "umap2": 0.36555036245617356
}