{
  "No direct optim ancestor": "None",
  "umap1": 0.6143623899568479,
  "umap2": 0.4321209701067906
}