{
  "No direct optim ancestor": "None",
  "umap1": 0.03474092399986106,
  "umap2": 0.18873896848325034
}