{
  "No direct optim ancestor": "None",
  "umap1": 0.48481946155780953,
  "umap2": 0.8950806395196869
}