{
  "No direct optim ancestor": "None",
  "umap1": 0.43564143872273586,
  "umap2": 0.8841650905667419
}