{
  "No direct optim ancestor": "None",
  "umap1": 0.5642843939746807,
  "umap2": 0.4409907615274098
}