{
  "No direct optim ancestor": "None",
  "umap1": 0.9263810288265657,
  "umap2": 0.28024051708691056
}