{
  "No direct optim ancestor": "None",
  "umap1": 0.8672670004245258,
  "umap2": 0.2926292962049212
}