{
  "No direct optim ancestor": "None",
  "umap1": 0.2150400789157636,
  "umap2": 0.22204349852972127
}