{
  "No direct optim ancestor": "None",
  "umap1": 0.5825413561803732,
  "umap2": 0.004168627992010343
}