{
  "No direct optim ancestor": "None",
  "umap1": 0.35484434487835226,
  "umap2": 0.49639676765482643
}