{
  "No direct optim ancestor": "None",
  "umap1": 0.8941227875115613,
  "umap2": 0.8784465980115067
}