{
  "No direct optim ancestor": "None",
  "umap1": 0.21754340289505658,
  "umap2": 0.04858645311295362
}