{
  "No direct optim ancestor": "None",
  "umap1": 0.6616023820891168,
  "umap2": 0.35755452434071944
}