{
  "No direct optim ancestor": "None",
  "umap1": 0.16232087931621098,
  "umap2": 0.5374411940373978
}