{
  "No direct optim ancestor": "None",
  "umap1": 0.687027512206473,
  "umap2": 0.0797616603611424
}