{
  "No direct optim ancestor": "None",
  "umap1": 0.2148200760339387,
  "umap2": 0.7318808865468494
}