{
  "No direct optim ancestor": "None",
  "umap1": 0.5437076314274484,
  "umap2": 0.9413166673290364
}