{
  "No direct optim ancestor": "None",
  "umap1": 0.12912222416054708,
  "umap2": 0.1469044837055521
}