{
  "No direct optim ancestor": "None",
  "umap1": 0.10737006916773206,
  "umap2": 0.6596685331815264
}