{
  "No direct optim ancestor": "None",
  "umap1": 0.4999805501689325,
  "umap2": 0.17962998354751236
}