{
  "No direct optim ancestor": "None",
  "umap1": 0.772816554190786,
  "umap2": 0.12401822418261077
}