{
  "No direct optim ancestor": "None",
  "umap1": 0.35274792214818496,
  "umap2": 0.5529687782642575
}