{
  "No direct optim ancestor": "None",
  "umap1": 0.3662506220845412,
  "umap2": 0.4163159232215198
}