{
  "No direct optim ancestor": "None",
  "umap1": 0.14368549599055003,
  "umap2": 0.04494233901596956
}