{
  "No direct optim ancestor": "None",
  "umap1": 0.42649776745754453,
  "umap2": 0.015414463072020101
}