{
  "No direct optim ancestor": "None",
  "umap1": 0.625571016368696,
  "umap2": 0.826543474772755
}