{
  "No direct optim ancestor": "None",
  "umap1": 0.5154150553896737,
  "umap2": 0.2897966021582461
}