{
  "No direct optim ancestor": "None",
  "umap1": 0.12524726096500693,
  "umap2": 0.6546096186451341
}