{
  "No direct optim ancestor": "None",
  "umap1": 0.6336037787859008,
  "umap2": 0.10058054247558224
}