{
  "No direct optim ancestor": "None",
  "umap1": 0.5668456292599902,
  "umap2": 0.4487816222018761
}