{
  "No direct optim ancestor": "None",
  "umap1": 0.04521808003481309,
  "umap2": 0.17910494520976195
}