{
  "No direct optim ancestor": "None",
  "umap1": 0.5943092794226317,
  "umap2": 0.2041346017169453
}