{
  "No direct optim ancestor": "None",
  "umap1": 0.3724483805213301,
  "umap2": 0.512011772051898
}