{
  "No direct optim ancestor": "None",
  "umap1": 0.28795515069584277,
  "umap2": 0.27257236140633523
}