{
  "No direct optim ancestor": "None",
  "umap1": 0.7810867033194294,
  "umap2": 0.9437681157953598
}