{
  "No direct optim ancestor": "None",
  "umap1": 0.0584522600886318,
  "umap2": 0.5036616441578766
}