{
  "No direct optim ancestor": "None",
  "umap1": 0.31519693764427315,
  "umap2": 0.6201463647906676
}