{
  "No direct optim ancestor": "None",
  "umap1": 0.6172696435041543,
  "umap2": 0.6770441465766719
}