{
  "No direct optim ancestor": "None",
  "umap1": 0.23426917960137994,
  "umap2": 0.5614414057768472
}