{
  "No direct optim ancestor": "None",
  "umap1": 0.9823704851319469,
  "umap2": 0.054194075543301246
}