{
  "No direct optim ancestor": "None",
  "umap1": 0.8435139351759021,
  "umap2": 0.594393238791828
}