{
  "No direct optim ancestor": "None",
  "umap1": 0.20842867665023634,
  "umap2": 0.08051659987784876
}