{
  "No direct optim ancestor": "None",
  "umap1": 0.9016210145104664,
  "umap2": 0.524795494130872
}