{
  "No direct optim ancestor": "None",
  "umap1": 0.5453518381376624,
  "umap2": 0.4369532424997322
}