{
  "No direct optim ancestor": "None",
  "umap1": 0.5552574233960668,
  "umap2": 0.21263827304317628
}