{
  "No direct optim ancestor": "None",
  "umap1": 0.9401939229526176,
  "umap2": 0.7408462458243193
}