{
  "No direct optim ancestor": "None",
  "umap1": 0.12177574518711609,
  "umap2": 0.5865093635799463
}