{
  "No direct optim ancestor": "None",
  "umap1": 0.12339710127116654,
  "umap2": 0.8450224913918892
}