{
  "No direct optim ancestor": "None",
  "umap1": 0.6900540351007075,
  "umap2": 0.4987369384359053
}