{
  "No direct optim ancestor": "None",
  "umap1": 0.8142816970827181,
  "umap2": 0.9685474796240114
}