{
  "No direct optim ancestor": "None",
  "umap1": 0.8571489658582976,
  "umap2": 0.6075152691077713
}