{
  "No direct optim ancestor": "None",
  "umap1": 0.0533079829529961,
  "umap2": 0.7210694616550485
}