{
  "No direct optim ancestor": "None",
  "umap1": 0.8382745865201321,
  "umap2": 0.5697684933812655
}