{
  "No direct optim ancestor": "None",
  "umap1": 0.06796681691310347,
  "umap2": 0.06855808377137296
}