{
  "No direct optim ancestor": "None",
  "umap1": 0.16921889125553535,
  "umap2": 0.5529979308376161
}