{
  "No direct optim ancestor": "None",
  "umap1": 0.225820631517609,
  "umap2": 0.5700387408082483
}