{
  "No direct optim ancestor": "None",
  "umap1": 0.5253498941477337,
  "umap2": 0.5525648002509431
}