{
  "No direct optim ancestor": "None",
  "umap1": 0.38307805551191454,
  "umap2": 0.9020619602936706
}