{
  "No direct optim ancestor": "None",
  "umap1": 0.1919465298614248,
  "umap2": 0.6317384563325559
}