{
  "No direct optim ancestor": "None",
  "umap1": 0.6594977282126474,
  "umap2": 0.6733915203159723
}