{
  "No direct optim ancestor": "None",
  "umap1": 0.8931733096712462,
  "umap2": 0.538132813721969
}