{
  "No direct optim ancestor": "None",
  "umap1": 0.22300907738190268,
  "umap2": 0.25539124664295043
}