{
  "No direct optim ancestor": "None",
  "umap1": 0.19179664556107467,
  "umap2": 0.40025250988148586
}