{
  "No direct optim ancestor": "None",
  "umap1": 0.9700987780309641,
  "umap2": 0.21985122495955955
}