{
  "No direct optim ancestor": "None",
  "umap1": 0.5197594130029498,
  "umap2": 0.5227604470493631
}