{
  "No direct optim ancestor": "None",
  "umap1": 0.7952817095493427,
  "umap2": 0.993011384921995
}