{
  "No direct optim ancestor": "None",
  "umap1": 0.4659072595201941,
  "umap2": 0.2585312474920608
}