{
  "No direct optim ancestor": "None",
  "umap1": 0.6476863192917881,
  "umap2": 0.4576304676624968
}