{
  "No direct optim ancestor": "None",
  "umap1": 0.880269393688736,
  "umap2": 0.5464818341651752
}