{
  "No direct optim ancestor": "None",
  "umap1": 0.4210920535117604,
  "umap2": 0.9074064078998596
}