{
  "No direct optim ancestor": "None",
  "umap1": 0.9002307163295832,
  "umap2": 0.70041486390508
}