{
  "No direct optim ancestor": "None",
  "umap1": 0.6693943725777575,
  "umap2": 0.07511156666626806
}