{
  "No direct optim ancestor": "None",
  "umap1": 0.03160543589874598,
  "umap2": 0.30327088322627105
}