{
  "No direct optim ancestor": "None",
  "umap1": 0.6085104375857777,
  "umap2": 0.28432924366406676
}