{
  "No direct optim ancestor": "None",
  "umap1": 0.7381766593349209,
  "umap2": 0.8497302573488329
}