{
  "No direct optim ancestor": "None",
  "umap1": 0.09311367879409782,
  "umap2": 0.14012954598755722
}