{
  "No direct optim ancestor": "None",
  "umap1": 0.1245345533040757,
  "umap2": 0.5869609811957076
}