{
  "No direct optim ancestor": "None",
  "umap1": 0.11754149156339011,
  "umap2": 0.9119368272540114
}