{
  "No direct optim ancestor": "None",
  "umap1": 0.6880708460241678,
  "umap2": 0.08329094337524601
}