{
  "No direct optim ancestor": "None",
  "umap1": 0.014533988868376979,
  "umap2": 0.5013427375683448
}