{
  "No direct optim ancestor": "None",
  "umap1": 0.7389038838566909,
  "umap2": 0.1275147866109806
}