{
  "No direct optim ancestor": "None",
  "umap1": 0.9391924104012719,
  "umap2": 0.6313098154543986
}