{
  "No direct optim ancestor": "None",
  "umap1": 0.11684600717241045,
  "umap2": 0.024952547947878156
}