{
  "No direct optim ancestor": "None",
  "umap1": 0.6387321497402894,
  "umap2": 0.3528692381457188
}