{
  "No direct optim ancestor": "None",
  "umap1": 0.7666473538886743,
  "umap2": 0.4594055702846589
}