{
  "No direct optim ancestor": "None",
  "umap1": 0.7966164378160705,
  "umap2": 0.9286988133794815
}