{
  "No direct optim ancestor": "None",
  "umap1": 0.5359818926652847,
  "umap2": 0.5616648091349157
}