{
  "No direct optim ancestor": "None",
  "umap1": 0.3469282404224092,
  "umap2": 0.6407804997208796
}