{
  "No direct optim ancestor": "None",
  "umap1": 0.10967176724019834,
  "umap2": 0.27747016501329713
}