{
  "No direct optim ancestor": "None",
  "umap1": 0.26063966384195325,
  "umap2": 0.17461041714140813
}