{
  "No direct optim ancestor": "None",
  "umap1": 0.9604850589411267,
  "umap2": 0.8167209078437192
}