{
  "No direct optim ancestor": "None",
  "umap1": 0.8165292716602865,
  "umap2": 0.06431739095336297
}