{
  "No direct optim ancestor": "None",
  "umap1": 0.22222184999243277,
  "umap2": 0.021338626252611737
}