{
  "No direct optim ancestor": "None",
  "umap1": 0.5452398780797323,
  "umap2": 0.23256486007717891
}