{
  "No direct optim ancestor": "None",
  "umap1": 0.5212763653495942,
  "umap2": 0.014005202458706734
}