{
  "No direct optim ancestor": "None",
  "umap1": 0.9796501970696615,
  "umap2": 0.36603779976318507
}