{
  "No direct optim ancestor": "None",
  "umap1": 0.809816982871733,
  "umap2": 0.48598092326283526
}