{
  "No direct optim ancestor": "None",
  "umap1": 0.8968295419049465,
  "umap2": 0.27959995472036003
}