{
  "No direct optim ancestor": "None",
  "umap1": 0.8974733459696377,
  "umap2": 0.2523948441441143
}