{
  "No direct optim ancestor": "None",
  "umap1": 0.33739906575232936,
  "umap2": 0.7650935487149939
}