{
  "No direct optim ancestor": "None",
  "umap1": 0.545716773927197,
  "umap2": 0.5357914471556737
}