{
  "No direct optim ancestor": "None",
  "umap1": 0.22258794461240106,
  "umap2": 0.5804765504788143
}