{
  "No direct optim ancestor": "None",
  "umap1": 0.6426890638427845,
  "umap2": 0.28374869738488484
}