{
  "No direct optim ancestor": "None",
  "umap1": 0.21477641798882996,
  "umap2": 0.28869399935173456
}