{
  "No direct optim ancestor": "None",
  "umap1": 0.8908263656632449,
  "umap2": 0.39174974100729976
}