{
  "No direct optim ancestor": "None",
  "umap1": 0.18757816221303658,
  "umap2": 0.9418336131986914
}