{
  "No direct optim ancestor": "None",
  "umap1": 0.11297947224164728,
  "umap2": 0.6663347333115713
}