{
  "No direct optim ancestor": "None",
  "umap1": 0.781466208660227,
  "umap2": 0.32619931876887776
}