{
  "No direct optim ancestor": "None",
  "umap1": 0.6683812732314651,
  "umap2": 0.4927181873080754
}