{
  "No direct optim ancestor": "None",
  "umap1": 0.4152070531493257,
  "umap2": 0.45630238544888846
}