{
  "No direct optim ancestor": "None",
  "umap1": 0.06804724676118135,
  "umap2": 0.26016240207555363
}