{
  "No direct optim ancestor": "None",
  "umap1": 0.4601685288637044,
  "umap2": 0.7910719813165893
}