{
  "No direct optim ancestor": "None",
  "umap1": 0.7917841104893285,
  "umap2": 0.7402291453107843
}