{
  "No direct optim ancestor": "None",
  "umap1": 0.48389640949944246,
  "umap2": 0.5908546415435482
}