{
  "Direct optim goal": "a photo of a turtle shell with red hexagons and green borders",
  "umap1": 0.6404921272191487,
  "umap2": 0.00852127565269667
}