{
  "No direct optim ancestor": "None",
  "umap1": 0.10328991939727716,
  "umap2": 0.4575341174401898
}