{
  "No direct optim ancestor": "None",
  "umap1": 0.12250484873220535,
  "umap2": 0.0587608382582927
}