{
  "No direct optim ancestor": "None",
  "umap1": 0.5462599464537762,
  "umap2": 0.6902701382890154
}