{
  "No direct optim ancestor": "None",
  "umap1": 0.7586105423313837,
  "umap2": 0.12025475574717903
}