{
  "No direct optim ancestor": "None",
  "umap1": 0.991123768547647,
  "umap2": 0.17430268633675727
}