{
  "No direct optim ancestor": "None",
  "umap1": 0.04534226147284759,
  "umap2": 0.9470671862074355
}