{
  "No direct optim ancestor": "None",
  "umap1": 0.7700032300424015,
  "umap2": 0.2569943423066189
}