{
  "No direct optim ancestor": "None",
  "umap1": 0.2848505345343565,
  "umap2": 0.6674705359929132
}