{
  "No direct optim ancestor": "None",
  "umap1": 0.0007798072364308961,
  "umap2": 0.037643233296176026
}