{
  "No direct optim ancestor": "None",
  "umap1": 0.8977744063296567,
  "umap2": 0.7935733841171239
}