{
  "No direct optim ancestor": "None",
  "umap1": 0.6092180436970085,
  "umap2": 0.799966846691371
}