{
  "No direct optim ancestor": "None",
  "umap1": 0.13750607779601753,
  "umap2": 0.76533533758072
}