{
  "No direct optim ancestor": "None",
  "umap1": 0.02978979991632713,
  "umap2": 0.7622967710202397
}