{
  "No direct optim ancestor": "None",
  "umap1": 0.14478294905236921,
  "umap2": 0.5887579360596938
}