{
  "No direct optim ancestor": "None",
  "umap1": 0.1980651188534568,
  "umap2": 0.4849702086492086
}