{
  "No direct optim ancestor": "None",
  "umap1": 0.48077519578103145,
  "umap2": 0.2934821528530439
}