{
  "No direct optim ancestor": "None",
  "umap1": 0.11506149962681778,
  "umap2": 0.35273125899803737
}