{
  "No direct optim ancestor": "None",
  "umap1": 0.7732293680990062,
  "umap2": 0.4514074041606426
}