{
  "No direct optim ancestor": "None",
  "umap1": 0.5570204939712532,
  "umap2": 0.5132815492888975
}