{
  "No direct optim ancestor": "None",
  "umap1": 0.489555919560169,
  "umap2": 0.015108610706567771
}