{
  "No direct optim ancestor": "None",
  "umap1": 0.09144583449545618,
  "umap2": 0.8605513468191986
}