{
  "No direct optim ancestor": "None",
  "umap1": 0.7072539215026308,
  "umap2": 0.5404712885534613
}