{
  "No direct optim ancestor": "None",
  "umap1": 0.4576549881426992,
  "umap2": 0.9171162076519248
}