{
  "No direct optim ancestor": "None",
  "umap1": 0.5281830686434423,
  "umap2": 0.2610597416740914
}