{
  "No direct optim ancestor": "None",
  "umap1": 0.0890690297471547,
  "umap2": 0.8728073160246868
}