{
  "No direct optim ancestor": "None",
  "umap1": 0.0936177070993025,
  "umap2": 0.7498878546160468
}