{
  "No direct optim ancestor": "None",
  "umap1": 0.2947740606449365,
  "umap2": 0.6134056712826934
}