{
  "No direct optim ancestor": "None",
  "umap1": 0.2605289423768946,
  "umap2": 0.9856467196172162
}