{
  "No direct optim ancestor": "None",
  "umap1": 0.6385705532583926,
  "umap2": 0.7729855047491602
}