{
  "No direct optim ancestor": "None",
  "umap1": 0.9849060370434378,
  "umap2": 0.49289105987037807
}