{
  "No direct optim ancestor": "None",
  "umap1": 0.1524925210767506,
  "umap2": 0.19730161949136538
}