{
  "No direct optim ancestor": "None",
  "umap1": 0.8387533584367827,
  "umap2": 0.621138904586489
}