{
  "No direct optim ancestor": "None",
  "umap1": 0.6693346160237441,
  "umap2": 0.9318658754755579
}