{
  "No direct optim ancestor": "None",
  "umap1": 0.9211972532183913,
  "umap2": 0.8194881850174466
}