{
  "No direct optim ancestor": "None",
  "umap1": 0.47621546539945403,
  "umap2": 0.7370046045202796
}