{
  "No direct optim ancestor": "None",
  "umap1": 0.11133182196224589,
  "umap2": 0.6999076207870284
}