{
  "No direct optim ancestor": "None",
  "umap1": 0.0671229902448357,
  "umap2": 0.43089348304607633
}