{
  "No direct optim ancestor": "None",
  "umap1": 0.32344459728611863,
  "umap2": 0.40196020457011383
}