{
  "No direct optim ancestor": "None",
  "umap1": 0.28280142464779234,
  "umap2": 0.9809547963275461
}