{
  "No direct optim ancestor": "None",
  "umap1": 0.7159392053437772,
  "umap2": 0.40803893701159744
}