{
  "No direct optim ancestor": "None",
  "umap1": 0.3910041888296357,
  "umap2": 0.5103426390304873
}