{
  "No direct optim ancestor": "None",
  "umap1": 0.6795189349442169,
  "umap2": 0.4299004833783642
}