{
  "Ancestor's direct optim goal": "a photo of a red butterfly with green spotted wings",
  "umap1": 0.758744096259518,
  "umap2": 0.16176033163266168
}