{
  "No direct optim ancestor": "None",
  "umap1": 0.7159865874156276,
  "umap2": 0.36830052351466624
}