{
  "No direct optim ancestor": "None",
  "umap1": 0.21785648109979971,
  "umap2": 0.20625101880999153
}