{
  "No direct optim ancestor": "None",
  "umap1": 0.5975967208827073,
  "umap2": 0.9132240093796234
}