{
  "No direct optim ancestor": "None",
  "umap1": 0.6873554076294526,
  "umap2": 0.3510009453905716
}