{
  "No direct optim ancestor": "None",
  "umap1": 0.14917823284072562,
  "umap2": 0.15047329730686498
}