{
  "No direct optim ancestor": "None",
  "umap1": 0.3500031703813882,
  "umap2": 0.7575386885749184
}