{
  "No direct optim ancestor": "None",
  "umap1": 0.702054616766402,
  "umap2": 0.757189935553104
}