{
  "No direct optim ancestor": "None",
  "umap1": 0.666874463910344,
  "umap2": 0.8492196144865626
}