{
  "No direct optim ancestor": "None",
  "umap1": 0.9936755350823162,
  "umap2": 0.6414746770047595
}