{
  "No direct optim ancestor": "None",
  "umap1": 0.1922977462278198,
  "umap2": 0.6104417942385273
}