{
  "No direct optim ancestor": "None",
  "umap1": 0.3793836502751595,
  "umap2": 0.36189111680030817
}