{
  "No direct optim ancestor": "None",
  "umap1": 0.028419394490204364,
  "umap2": 0.5446456251945574
}