{
  "No direct optim ancestor": "None",
  "umap1": 0.1509183220605218,
  "umap2": 0.7939900917661492
}