{
  "No direct optim ancestor": "None",
  "umap1": 0.8341469234139748,
  "umap2": 0.7354163159834837
}