{
  "No direct optim ancestor": "None",
  "umap1": 0.7399473076232101,
  "umap2": 0.4319809826038853
}