{
  "No direct optim ancestor": "None",
  "umap1": 0.953008999786653,
  "umap2": 0.5773197859407297
}