{
  "No direct optim ancestor": "None",
  "umap1": 0.9375331971026983,
  "umap2": 0.7927694714837331
}