{
  "No direct optim ancestor": "None",
  "umap1": 0.20936422153254064,
  "umap2": 0.40598572411240974
}