{
  "No direct optim ancestor": "None",
  "umap1": 0.9476192410729412,
  "umap2": 0.2257794293230757
}