{
  "No direct optim ancestor": "None",
  "umap1": 0.22331673153941078,
  "umap2": 0.35862406090302834
}