{
  "No direct optim ancestor": "None",
  "umap1": 0.5958337141923133,
  "umap2": 0.3651538443167487
}