{
  "No direct optim ancestor": "None",
  "umap1": 0.07324596444630849,
  "umap2": 0.9911801904143637
}