{
  "No direct optim ancestor": "None",
  "umap1": 0.8295186622752988,
  "umap2": 0.9533504704119989
}