{
  "No direct optim ancestor": "None",
  "umap1": 0.37003175072995054,
  "umap2": 0.18100452351969776
}