{
  "No direct optim ancestor": "None",
  "umap1": 0.06362918448332333,
  "umap2": 0.9600763855541153
}