{
  "No direct optim ancestor": "None",
  "umap1": 0.3419475952257631,
  "umap2": 0.6580657770454194
}