{
  "No direct optim ancestor": "None",
  "umap1": 0.8704028392142781,
  "umap2": 0.989566962370524
}