{
  "No direct optim ancestor": "None",
  "umap1": 0.016138473952460597,
  "umap2": 0.5867516524523171
}