{
  "No direct optim ancestor": "None",
  "umap1": 0.1179908494382157,
  "umap2": 0.04432820875227372
}