{
  "No direct optim ancestor": "None",
  "umap1": 0.2971604141085489,
  "umap2": 0.9753441570267003
}