{
  "No direct optim ancestor": "None",
  "umap1": 0.5333678736757523,
  "umap2": 0.048455122230486314
}