{
  "No direct optim ancestor": "None",
  "umap1": 0.6196268238286657,
  "umap2": 0.019054597786038352
}