{
  "No direct optim ancestor": "None",
  "umap1": 0.6435143933608,
  "umap2": 0.35203048809853665
}