{
  "No direct optim ancestor": "None",
  "umap1": 0.43493847608959524,
  "umap2": 0.8104348818072571
}