{
  "No direct optim ancestor": "None",
  "umap1": 0.9960167686880353,
  "umap2": 0.839739993409807
}