{
  "No direct optim ancestor": "None",
  "umap1": 0.2432413457211704,
  "umap2": 0.6261597580004026
}