{
  "No direct optim ancestor": "None",
  "umap1": 0.753118512957126,
  "umap2": 0.6532985554776735
}