{
  "No direct optim ancestor": "None",
  "umap1": 0.2504072610601662,
  "umap2": 0.6333604759326176
}