{
  "No direct optim ancestor": "None",
  "umap1": 0.20716045921069892,
  "umap2": 0.4014425544525714
}