{
  "No direct optim ancestor": "None",
  "umap1": 0.6254755668863848,
  "umap2": 0.5112005377138459
}