{
  "No direct optim ancestor": "None",
  "umap1": 0.4214176071593697,
  "umap2": 0.5676960634872836
}