{
  "No direct optim ancestor": "None",
  "umap1": 0.7340448488019254,
  "umap2": 0.7352024487141837
}