{
  "No direct optim ancestor": "None",
  "umap1": 0.7463917541375016,
  "umap2": 0.7770176310949582
}