{
  "Ancestor's direct optim goal": "a photo of a double helix DNA strand with red and green bands",
  "umap1": 0.2267655117107259,
  "umap2": 0.9905486537018108
}