{
  "No direct optim ancestor": "None",
  "umap1": 0.8429078183277863,
  "umap2": 0.025666674948960355
}