{
  "No direct optim ancestor": "None",
  "umap1": 0.6092287964637633,
  "umap2": 0.30506782762958895
}