{
  "No direct optim ancestor": "None",
  "umap1": 0.15255580312748307,
  "umap2": 0.9367382873300939
}