{
  "No direct optim ancestor": "None",
  "umap1": 0.9387013968084456,
  "umap2": 0.7531867341673225
}