{
  "No direct optim ancestor": "None",
  "umap1": 0.02049307090396546,
  "umap2": 0.28489729843840983
}