{
  "No direct optim ancestor": "None",
  "umap1": 0.38311882449620305,
  "umap2": 0.004051081553445912
}