{
  "No direct optim ancestor": "None",
  "umap1": 0.5123544227219599,
  "umap2": 0.32343265181697933
}