{
  "No direct optim ancestor": "None",
  "umap1": 0.35147186706341826,
  "umap2": 0.2446235199606741
}