{
  "No direct optim ancestor": "None",
  "umap1": 0.3060181172913148,
  "umap2": 0.42740859151030064
}