{
  "No direct optim ancestor": "None",
  "umap1": 0.34190838238150056,
  "umap2": 0.23205296616931959
}