{
  "No direct optim ancestor": "None",
  "umap1": 0.17202338629932068,
  "umap2": 0.019523390934451545
}