{
  "No direct optim ancestor": "None",
  "umap1": 0.4007309291634167,
  "umap2": 0.8885534413441173
}