{
  "No direct optim ancestor": "None",
  "umap1": 0.7381498491748737,
  "umap2": 0.0878754383479774
}