{
  "No direct optim ancestor": "None",
  "umap1": 0.2132608518444683,
  "umap2": 0.2719677250514737
}