{
  "No direct optim ancestor": "None",
  "umap1": 0.573403361582233,
  "umap2": 0.768662000509159
}