{
  "No direct optim ancestor": "None",
  "umap1": 0.8351665251585104,
  "umap2": 0.5770402766806133
}