{
  "No direct optim ancestor": "None",
  "umap1": 0.25053582995331514,
  "umap2": 0.16818156112241633
}