{
  "No direct optim ancestor": "None",
  "umap1": 0.6101551136297337,
  "umap2": 0.7583605414617715
}