{
  "No direct optim ancestor": "None",
  "umap1": 0.8417350237955596,
  "umap2": 0.6255006241092089
}