{
  "No direct optim ancestor": "None",
  "umap1": 0.37239893908961674,
  "umap2": 0.37887990585694875
}