{
  "No direct optim ancestor": "None",
  "umap1": 0.8743744389919259,
  "umap2": 0.11715249360843827
}