{
  "No direct optim ancestor": "None",
  "umap1": 0.7467411614398242,
  "umap2": 0.6588718267837881
}