{
  "No direct optim ancestor": "None",
  "umap1": 0.444012820152867,
  "umap2": 0.6122623350188785
}