{
  "No direct optim ancestor": "None",
  "umap1": 0.879611937394091,
  "umap2": 0.47904865610014136
}