{
  "No direct optim ancestor": "None",
  "umap1": 0.24323088285765004,
  "umap2": 0.9652108933147171
}