{
  "No direct optim ancestor": "None",
  "umap1": 0.5400056783436002,
  "umap2": 0.09839145661593629
}