{
  "No direct optim ancestor": "None",
  "umap1": 0.05487063196986586,
  "umap2": 0.26115107021285444
}