{
  "No direct optim ancestor": "None",
  "umap1": 0.6911069186103749,
  "umap2": 0.17213310077837451
}