{
  "No direct optim ancestor": "None",
  "umap1": 0.6716760409369158,
  "umap2": 0.9755307643270366
}