{
  "Direct optim goal": "a photo of a green and red spiral seashell pattern",
  "umap1": 0.9948037037444044,
  "umap2": 0.7560913956078837
}