{
  "No direct optim ancestor": "None",
  "umap1": 0.7763920197149481,
  "umap2": 0.1978264775591777
}