{
  "No direct optim ancestor": "None",
  "umap1": 0.38329729076162566,
  "umap2": 0.6327003657907493
}