{
  "No direct optim ancestor": "None",
  "umap1": 0.7512907104540569,
  "umap2": 0.6708922892836131
}