{
  "No direct optim ancestor": "None",
  "umap1": 0.9678481847799187,
  "umap2": 0.2807049725385806
}