{
  "No direct optim ancestor": "None",
  "umap1": 0.9601077580060623,
  "umap2": 0.5981240610070379
}