{
  "No direct optim ancestor": "None",
  "umap1": 0.047841750759068935,
  "umap2": 0.9354846994215945
}