{
  "No direct optim ancestor": "None",
  "umap1": 0.6704886138220674,
  "umap2": 0.3543830779944478
}