{
  "No direct optim ancestor": "None",
  "umap1": 0.5446301361708884,
  "umap2": 0.038398411047281256
}