{
  "No direct optim ancestor": "None",
  "umap1": 0.5288754926765715,
  "umap2": 0.809577368943842
}