{
  "No direct optim ancestor": "None",
  "umap1": 0.37122595253419566,
  "umap2": 0.6768066409530771
}