{
  "No direct optim ancestor": "None",
  "umap1": 0.6189574984407971,
  "umap2": 0.5796240222433255
}