{
  "No direct optim ancestor": "None",
  "umap1": 0.20849138910213294,
  "umap2": 0.8730177070995477
}