{
  "No direct optim ancestor": "None",
  "umap1": 0.06725076341232528,
  "umap2": 0.9848101855144772
}