{
  "No direct optim ancestor": "None",
  "umap1": 0.4187426971397751,
  "umap2": 0.7543736962778289
}