{
  "No direct optim ancestor": "None",
  "umap1": 0.19988126534549355,
  "umap2": 0.68596469751331
}