{
  "No direct optim ancestor": "None",
  "umap1": 0.8060241492440195,
  "umap2": 0.4088615401010842
}