{
  "No direct optim ancestor": "None",
  "umap1": 0.7895826816818005,
  "umap2": 0.26466060847870365
}