{
  "No direct optim ancestor": "None",
  "umap1": 0.7217856888103243,
  "umap2": 0.23335136661111022
}