{
  "No direct optim ancestor": "None",
  "umap1": 0.9772953348143738,
  "umap2": 0.705787510529138
}