{
  "No direct optim ancestor": "None",
  "umap1": 0.6378796857021195,
  "umap2": 0.8291362657915182
}