{
  "No direct optim ancestor": "None",
  "umap1": 0.8764527953338563,
  "umap2": 0.18253039499425405
}