{
  "No direct optim ancestor": "None",
  "umap1": 0.9195868903044384,
  "umap2": 0.05861570314179487
}