{
  "No direct optim ancestor": "None",
  "umap1": 0.6099293243710593,
  "umap2": 0.8416999457954313
}