{
  "No direct optim ancestor": "None",
  "umap1": 0.8452737080049965,
  "umap2": 0.2950623076639769
}