{
  "No direct optim ancestor": "None",
  "umap1": 0.4419700224748295,
  "umap2": 0.20289772289588826
}