{
  "No direct optim ancestor": "None",
  "umap1": 0.1055865783458958,
  "umap2": 0.9756542551947381
}