{
  "No direct optim ancestor": "None",
  "umap1": 0.5180875534996403,
  "umap2": 0.416715809066313
}