{
  "No direct optim ancestor": "None",
  "umap1": 0.7523382908682307,
  "umap2": 0.8296073449722604
}