{
  "No direct optim ancestor": "None",
  "umap1": 0.7530726045477271,
  "umap2": 0.4241691088790708
}