{
  "No direct optim ancestor": "None",
  "umap1": 0.8888119240898,
  "umap2": 0.9347968585142344
}