{
  "No direct optim ancestor": "None",
  "umap1": 0.005913700773832353,
  "umap2": 0.2557836809066977
}