{
  "No direct optim ancestor": "None",
  "umap1": 0.8943141148776945,
  "umap2": 0.46836036092933153
}