{
  "No direct optim ancestor": "None",
  "umap1": 0.6927920673415968,
  "umap2": 0.9093873764811189
}