{
  "No direct optim ancestor": "None",
  "umap1": 0.03296432970992602,
  "umap2": 0.3726878494834037
}