{
  "No direct optim ancestor": "None",
  "umap1": 0.8303326888598154,
  "umap2": 0.5730559368915997
}