{
  "No direct optim ancestor": "None",
  "umap1": 0.30942093722590924,
  "umap2": 0.6106544773643765
}