{
  "No direct optim ancestor": "None",
  "umap1": 0.9619427165979365,
  "umap2": 0.5287717372857197
}