{
  "No direct optim ancestor": "None",
  "umap1": 0.05630455994949113,
  "umap2": 0.7293603921388803
}