{
  "No direct optim ancestor": "None",
  "umap1": 0.9488665185626682,
  "umap2": 0.7230113553199847
}