{
  "No direct optim ancestor": "None",
  "umap1": 0.6183358694891676,
  "umap2": 0.36125602430250014
}