{
  "No direct optim ancestor": "None",
  "umap1": 0.08523664489509664,
  "umap2": 0.12362943700182516
}