{
  "No direct optim ancestor": "None",
  "umap1": 0.830121570516765,
  "umap2": 0.14077914262351188
}