{
  "No direct optim ancestor": "None",
  "umap1": 0.8970519707848863,
  "umap2": 0.08570331053583169
}