{
  "No direct optim ancestor": "None",
  "umap1": 0.5643182599361829,
  "umap2": 0.6193507733769027
}