{
  "No direct optim ancestor": "None",
  "umap1": 0.9355342763550644,
  "umap2": 0.8813071163596956
}