{
  "No direct optim ancestor": "None",
  "umap1": 0.9984434981524243,
  "umap2": 0.2883626975564232
}