{
  "No direct optim ancestor": "None",
  "umap1": 0.3871164560555803,
  "umap2": 0.11107188605278029
}