{
  "No direct optim ancestor": "None",
  "umap1": 0.1398838432844126,
  "umap2": 0.3914351017231793
}