{
  "No direct optim ancestor": "None",
  "umap1": 0.6859872694358063,
  "umap2": 0.7043534474294749
}