{
  "No direct optim ancestor": "None",
  "umap1": 0.7823454776969679,
  "umap2": 0.9610312816781581
}