{
  "No direct optim ancestor": "None",
  "umap1": 0.26191277213504305,
  "umap2": 0.9493483263445893
}