{
  "No direct optim ancestor": "None",
  "umap1": 0.6417508918023951,
  "umap2": 0.309386421924545
}