{
  "No direct optim ancestor": "None",
  "umap1": 0.6450252154040581,
  "umap2": 0.9669147435482844
}