{
  "No direct optim ancestor": "None",
  "umap1": 0.45125311731273343,
  "umap2": 0.4944958139681007
}