{
  "No direct optim ancestor": "None",
  "umap1": 0.2155696422891603,
  "umap2": 0.7791525760354981
}