{
  "No direct optim ancestor": "None",
  "umap1": 0.6865144342728985,
  "umap2": 0.7699612913078144
}