{
  "No direct optim ancestor": "None",
  "umap1": 0.47103977284347887,
  "umap2": 0.8131744720096028
}