{
  "No direct optim ancestor": "None",
  "umap1": 0.8636735150082836,
  "umap2": 0.41123640584789856
}