{
  "No direct optim ancestor": "None",
  "umap1": 0.9876046931878284,
  "umap2": 0.4600200956173962
}