{
  "No direct optim ancestor": "None",
  "umap1": 0.7289088108693905,
  "umap2": 0.3129083653815242
}