{
  "No direct optim ancestor": "None",
  "umap1": 0.1167415754251665,
  "umap2": 0.5882834536440747
}