{
  "No direct optim ancestor": "None",
  "umap1": 0.40125401226002755,
  "umap2": 0.9540586682164878
}