{
  "No direct optim ancestor": "None",
  "umap1": 0.7724490063158371,
  "umap2": 0.06212450694055294
}