{
  "No direct optim ancestor": "None",
  "umap1": 0.720255256093934,
  "umap2": 0.8081678957739221
}