{
  "No direct optim ancestor": "None",
  "umap1": 0.013221829843883537,
  "umap2": 0.19248824675031728
}