{
  "No direct optim ancestor": "None",
  "umap1": 0.27372745578303836,
  "umap2": 0.05339977334077106
}