{
  "No direct optim ancestor": "None",
  "umap1": 0.9953863143207499,
  "umap2": 0.6751309221030538
}