{
  "No direct optim ancestor": "None",
  "umap1": 0.306744855786967,
  "umap2": 0.21533984824022778
}