{
  "No direct optim ancestor": "None",
  "umap1": 0.46752409754419255,
  "umap2": 0.07014367673232813
}