{
  "No direct optim ancestor": "None",
  "umap1": 0.6874067492309573,
  "umap2": 0.8377290030558188
}