{
  "No direct optim ancestor": "None",
  "umap1": 0.33034135663695297,
  "umap2": 0.6490975171068237
}