{
  "No direct optim ancestor": "None",
  "umap1": 0.41799524841877655,
  "umap2": 0.6202549552923333
}