{
  "No direct optim ancestor": "None",
  "umap1": 0.3585090788420765,
  "umap2": 0.19465051393278743
}