{
  "No direct optim ancestor": "None",
  "umap1": 0.173194754334572,
  "umap2": 0.8800515823251286
}