{
  "No direct optim ancestor": "None",
  "umap1": 0.8875901692405562,
  "umap2": 0.19584991811312535
}