{
  "No direct optim ancestor": "None",
  "umap1": 0.786862647499314,
  "umap2": 0.2992405717316011
}