{
  "No direct optim ancestor": "None",
  "umap1": 0.3076781444458293,
  "umap2": 0.7879483557147634
}