{
  "No direct optim ancestor": "None",
  "umap1": 0.9684189619801187,
  "umap2": 0.6950214034045268
}