{
  "No direct optim ancestor": "None",
  "umap1": 0.8300773309779438,
  "umap2": 0.003575988924230611
}