{
  "No direct optim ancestor": "None",
  "umap1": 0.29655777213593115,
  "umap2": 0.27139693801807063
}