{
  "No direct optim ancestor": "None",
  "umap1": 0.05128535863993566,
  "umap2": 0.5531338307865519
}