{
  "No direct optim ancestor": "None",
  "umap1": 0.9074400029240566,
  "umap2": 0.8627052379447443
}