{
  "No direct optim ancestor": "None",
  "umap1": 0.7896253586022733,
  "umap2": 0.5720328423775277
}