{
  "No direct optim ancestor": "None",
  "umap1": 0.15356952053226958,
  "umap2": 0.9570265044501466
}