{
  "No direct optim ancestor": "None",
  "umap1": 0.7638774649497933,
  "umap2": 0.06764872290785917
}