{
  "No direct optim ancestor": "None",
  "umap1": 0.38091407269954236,
  "umap2": 0.16991984837232976
}