{
  "No direct optim ancestor": "None",
  "umap1": 0.6953727139910357,
  "umap2": 0.18929207411974458
}