{
  "No direct optim ancestor": "None",
  "umap1": 0.6727389112859552,
  "umap2": 0.27916222566642446
}