{
  "No direct optim ancestor": "None",
  "umap1": 0.38336082431497354,
  "umap2": 0.8543097477234167
}