{
  "No direct optim ancestor": "None",
  "umap1": 0.09217531458289252,
  "umap2": 0.850481156005405
}