{
  "No direct optim ancestor": "None",
  "umap1": 0.6663755754332091,
  "umap2": 0.7370241362784125
}