{
  "No direct optim ancestor": "None",
  "umap1": 0.5516632685548715,
  "umap2": 0.09388351126083627
}