{
  "No direct optim ancestor": "None",
  "umap1": 0.12254019563099716,
  "umap2": 0.3207767772870527
}