{
  "No direct optim ancestor": "None",
  "umap1": 0.2423492503174316,
  "umap2": 0.14390514366172502
}