{
  "No direct optim ancestor": "None",
  "umap1": 0.8976144796324164,
  "umap2": 0.8390803691165848
}