{
  "No direct optim ancestor": "None",
  "umap1": 0.6818133271240849,
  "umap2": 0.5993315061554875
}