{
  "No direct optim ancestor": "None",
  "umap1": 0.7441671578868493,
  "umap2": 0.8054029478741248
}