{
  "No direct optim ancestor": "None",
  "umap1": 0.9956545195246851,
  "umap2": 0.04306581437569812
}