{
  "No direct optim ancestor": "None",
  "umap1": 0.03756895949873329,
  "umap2": 0.9760764384519879
}