{
  "No direct optim ancestor": "None",
  "umap1": 0.3080163798607345,
  "umap2": 0.964976372317085
}