{
  "No direct optim ancestor": "None",
  "umap1": 0.5865475773541469,
  "umap2": 0.9618744493520532
}