{
  "No direct optim ancestor": "None",
  "umap1": 0.9424303220858437,
  "umap2": 0.0997850595446369
}