{
  "No direct optim ancestor": "None",
  "umap1": 0.39804696456868416,
  "umap2": 0.7994888136671721
}