{
  "No direct optim ancestor": "None",
  "umap1": 0.9116163289627843,
  "umap2": 0.1420106403642173
}