{
  "No direct optim ancestor": "None",
  "umap1": 0.2438291760610506,
  "umap2": 0.22501760523207703
}