{
  "No direct optim ancestor": "None",
  "umap1": 0.2923985366062791,
  "umap2": 0.4890597468734412
}