{
  "No direct optim ancestor": "None",
  "umap1": 0.8903810755762549,
  "umap2": 0.7973123554437244
}