{
  "No direct optim ancestor": "None",
  "umap1": 0.3177888033867007,
  "umap2": 0.5192248624440141
}