{
  "No direct optim ancestor": "None",
  "umap1": 0.958791908819646,
  "umap2": 0.07063650302387747
}