{
  "No direct optim ancestor": "None",
  "umap1": 0.2133058739969732,
  "umap2": 0.5348844769712556
}