{
  "No direct optim ancestor": "None",
  "umap1": 0.10633350395789742,
  "umap2": 0.13653013996758612
}