{
  "No direct optim ancestor": "None",
  "umap1": 0.06777074978944608,
  "umap2": 0.024041940845177412
}