{
  "No direct optim ancestor": "None",
  "umap1": 0.048212562785208135,
  "umap2": 0.10563632428885117
}