{
  "No direct optim ancestor": "None",
  "umap1": 0.5183666746263956,
  "umap2": 0.866239131517154
}