{
  "No direct optim ancestor": "None",
  "umap1": 0.9714759496101547,
  "umap2": 0.134203955410637
}