{
  "No direct optim ancestor": "None",
  "umap1": 0.4694407245671376,
  "umap2": 0.47335319920879315
}