{
  "No direct optim ancestor": "None",
  "umap1": 0.8130066388341183,
  "umap2": 0.21233823212209446
}