{
  "No direct optim ancestor": "None",
  "umap1": 0.8863107884186262,
  "umap2": 0.5641893160984816
}