{
  "No direct optim ancestor": "None",
  "umap1": 0.32292944601135143,
  "umap2": 0.8711266179186464
}