{
  "No direct optim ancestor": "None",
  "umap1": 0.2938610692366651,
  "umap2": 0.6683494112194971
}