{
  "Direct optim goal": "a photo of a spiral galaxy with green arms and red core",
  "umap1": 0.014153300941489366,
  "umap2": 0.7433284702683094
}