{
  "No direct optim ancestor": "None",
  "umap1": 0.8583094617696927,
  "umap2": 0.12220871147957757
}