{
  "No direct optim ancestor": "None",
  "umap1": 0.5732597234181521,
  "umap2": 0.9631108255822155
}