{
  "No direct optim ancestor": "None",
  "umap1": 0.8558126844466671,
  "umap2": 0.21979589851817005
}