{
  "No direct optim ancestor": "None",
  "umap1": 0.8522052624168412,
  "umap2": 0.6089328779881885
}