{
  "No direct optim ancestor": "None",
  "umap1": 0.3516114677492035,
  "umap2": 0.9275456622494562
}