{
  "No direct optim ancestor": "None",
  "umap1": 0.7504488950579902,
  "umap2": 0.9601154933665984
}