{
  "No direct optim ancestor": "None",
  "umap1": 0.38660747118464067,
  "umap2": 0.5701941327175581
}