{
  "No direct optim ancestor": "None",
  "umap1": 0.9994481971429399,
  "umap2": 0.738087622594254
}