{
  "No direct optim ancestor": "None",
  "umap1": 0.6870354412569327,
  "umap2": 0.5333626455108922
}