{
  "No direct optim ancestor": "None",
  "umap1": 0.14558871699600395,
  "umap2": 0.02132679571806284
}