{
  "No direct optim ancestor": "None",
  "umap1": 0.2239597637302968,
  "umap2": 0.5071166715475136
}