{
  "No direct optim ancestor": "None",
  "umap1": 0.068250521831688,
  "umap2": 0.19135656622673958
}