{
  "No direct optim ancestor": "None",
  "umap1": 0.19303253035073153,
  "umap2": 0.8207102271944151
}