{
  "No direct optim ancestor": "None",
  "umap1": 0.059467964606460755,
  "umap2": 0.5638935347734358
}