{
  "No direct optim ancestor": "None",
  "umap1": 0.3490656972616506,
  "umap2": 0.05734036723975022
}