{
  "No direct optim ancestor": "None",
  "umap1": 0.633832379928981,
  "umap2": 0.8133287088803733
}