{
  "No direct optim ancestor": "None",
  "umap1": 0.5903117443642025,
  "umap2": 0.2471028734372499
}