{
  "No direct optim ancestor": "None",
  "umap1": 0.18141181541946405,
  "umap2": 0.33066834929397715
}