{
  "No direct optim ancestor": "None",
  "umap1": 0.7049783881519447,
  "umap2": 0.554697888373992
}