{
  "No direct optim ancestor": "None",
  "umap1": 0.8999242063493268,
  "umap2": 0.9380641466510444
}