{
  "No direct optim ancestor": "None",
  "umap1": 0.4914441308758678,
  "umap2": 0.7123604500742874
}