{
  "No direct optim ancestor": "None",
  "umap1": 0.279228067735128,
  "umap2": 0.7554360493152846
}