{
  "No direct optim ancestor": "None",
  "umap1": 0.6920526127063644,
  "umap2": 0.8082544161765576
}