{
  "No direct optim ancestor": "None",
  "umap1": 0.8311390077832829,
  "umap2": 0.9933256928223022
}