{
  "No direct optim ancestor": "None",
  "umap1": 0.08076999438292409,
  "umap2": 0.018945851859029306
}