{
  "No direct optim ancestor": "None",
  "umap1": 0.9631665502798176,
  "umap2": 0.7244364422320541
}