{
  "No direct optim ancestor": "None",
  "umap1": 0.714045720873954,
  "umap2": 0.8384305927686622
}