{
  "No direct optim ancestor": "None",
  "umap1": 0.20272387622198718,
  "umap2": 0.5992893707891153
}