{
  "No direct optim ancestor": "None",
  "umap1": 0.7710285343460607,
  "umap2": 0.5624559438308214
}