{
  "No direct optim ancestor": "None",
  "umap1": 0.48964768773595213,
  "umap2": 0.646332315585393
}