{
  "No direct optim ancestor": "None",
  "umap1": 0.36377782016896065,
  "umap2": 0.07927012796229693
}