{
  "No direct optim ancestor": "None",
  "umap1": 0.6873452480583575,
  "umap2": 0.42732680475970064
}