{
  "No direct optim ancestor": "None",
  "umap1": 0.768079147323048,
  "umap2": 0.8052872166554574
}