{
  "No direct optim ancestor": "None",
  "umap1": 0.01547314152330248,
  "umap2": 0.17370517534546248
}