{
  "No direct optim ancestor": "None",
  "umap1": 0.12785329037266668,
  "umap2": 0.4957019550517634
}