{
  "No direct optim ancestor": "None",
  "umap1": 0.4377414993119002,
  "umap2": 0.4137647344033417
}