{
  "No direct optim ancestor": "None",
  "umap1": 0.5799235323901739,
  "umap2": 0.20346953188440864
}