{
  "No direct optim ancestor": "None",
  "umap1": 0.3698308062287714,
  "umap2": 0.28379662897044067
}