{
  "No direct optim ancestor": "None",
  "umap1": 0.8702203895631102,
  "umap2": 0.8450072341845862
}