{
  "No direct optim ancestor": "None",
  "umap1": 0.6412158228561617,
  "umap2": 0.5078389587566055
}