{
  "No direct optim ancestor": "None",
  "umap1": 0.7700045394883012,
  "umap2": 0.5578741017409199
}