{
  "No direct optim ancestor": "None",
  "umap1": 0.41546607097770916,
  "umap2": 0.8833788481712953
}