{
  "No direct optim ancestor": "None",
  "umap1": 0.22439236971013266,
  "umap2": 0.3821371007562475
}