{
  "No direct optim ancestor": "None",
  "umap1": 0.9947964860619146,
  "umap2": 0.2901110955706081
}