{
  "No direct optim ancestor": "None",
  "umap1": 0.954100672987758,
  "umap2": 0.7267971105251765
}