{
  "No direct optim ancestor": "None",
  "umap1": 0.511881998629895,
  "umap2": 0.557733865059138
}