{
  "No direct optim ancestor": "None",
  "umap1": 0.30377257212219166,
  "umap2": 0.46161075724990575
}