{
  "No direct optim ancestor": "None",
  "umap1": 0.31759384091008014,
  "umap2": 0.2741106870115808
}