{
  "No direct optim ancestor": "None",
  "umap1": 0.960637323423817,
  "umap2": 0.44503015127079615
}