{
  "No direct optim ancestor": "None",
  "umap1": 0.06493623897443779,
  "umap2": 0.24298827226198094
}