{
  "No direct optim ancestor": "None",
  "umap1": 0.8054117805897486,
  "umap2": 0.6035039094388108
}