{
  "No direct optim ancestor": "None",
  "umap1": 0.14956643761243926,
  "umap2": 0.9973214422733352
}