{
  "No direct optim ancestor": "None",
  "umap1": 0.4335021401702792,
  "umap2": 0.5580180949461923
}