{
  "No direct optim ancestor": "None",
  "umap1": 0.9199741876900263,
  "umap2": 0.7559707745730881
}