{
  "No direct optim ancestor": "None",
  "umap1": 0.5573904990403203,
  "umap2": 0.12485607990623304
}