{
  "Direct optim goal": "a photo of a green snowflake with red fractal branches",
  "umap1": 0.6424873942461483,
  "umap2": 0.21847658120193536
}