{
  "No direct optim ancestor": "None",
  "umap1": 0.2792365512792453,
  "umap2": 0.8644062211205085
}