{
  "No direct optim ancestor": "None",
  "umap1": 0.9277541084865509,
  "umap2": 0.9970439025440166
}