{
  "No direct optim ancestor": "None",
  "umap1": 0.2753176644842341,
  "umap2": 0.9261653193227202
}