{
  "No direct optim ancestor": "None",
  "umap1": 0.4461454792585976,
  "umap2": 0.8043725613682128
}