{
  "No direct optim ancestor": "None",
  "umap1": 0.10789087268638597,
  "umap2": 0.9387003352037537
}