{
  "No direct optim ancestor": "None",
  "umap1": 0.588645925035474,
  "umap2": 0.27844632999178986
}