{
  "No direct optim ancestor": "None",
  "umap1": 0.9186428663412227,
  "umap2": 0.7043296305156035
}