{
  "No direct optim ancestor": "None",
  "umap1": 0.22466426239848125,
  "umap2": 0.6433665804141065
}