{
  "No direct optim ancestor": "None",
  "umap1": 0.7076538941080676,
  "umap2": 0.1805543287220731
}