{
  "No direct optim ancestor": "None",
  "umap1": 0.18824836164279568,
  "umap2": 0.9484972259010866
}