{
  "No direct optim ancestor": "None",
  "umap1": 0.7567404855937035,
  "umap2": 0.7591932113372368
}