{
  "No direct optim ancestor": "None",
  "umap1": 0.754285537934039,
  "umap2": 0.9224845120645013
}