{
  "No direct optim ancestor": "None",
  "umap1": 0.7205366808388766,
  "umap2": 0.5368325740892366
}