{
  "No direct optim ancestor": "None",
  "umap1": 0.045693600170423454,
  "umap2": 0.07778585467203092
}