{
  "No direct optim ancestor": "None",
  "umap1": 0.5651675969747547,
  "umap2": 0.26502286782140705
}