{
  "No direct optim ancestor": "None",
  "umap1": 0.14676437687234767,
  "umap2": 0.5444244518989144
}