{
  "No direct optim ancestor": "None",
  "umap1": 0.060057017807751634,
  "umap2": 0.37951232135397583
}