{
  "No direct optim ancestor": "None",
  "umap1": 0.8865286003995969,
  "umap2": 0.34053426708371737
}