{
  "No direct optim ancestor": "None",
  "umap1": 0.18759597162356068,
  "umap2": 0.5716763566537428
}