{
  "No direct optim ancestor": "None",
  "umap1": 0.47628585009844526,
  "umap2": 0.5329006526176979
}