{
  "No direct optim ancestor": "None",
  "umap1": 0.7239203750535028,
  "umap2": 0.7774739681904066
}