{
  "No direct optim ancestor": "None",
  "umap1": 0.6436112433396692,
  "umap2": 0.6349423702090962
}