{
  "No direct optim ancestor": "None",
  "umap1": 0.7435192783107064,
  "umap2": 0.7937865475147003
}