{
  "No direct optim ancestor": "None",
  "umap1": 0.04893480454746224,
  "umap2": 0.21352036172742406
}