{
  "No direct optim ancestor": "None",
  "umap1": 0.5512668276258348,
  "umap2": 0.6803843066409825
}