{
  "No direct optim ancestor": "None",
  "umap1": 0.8609385326987025,
  "umap2": 0.7017299148773762
}