{
  "No direct optim ancestor": "None",
  "umap1": 0.023103527066760887,
  "umap2": 0.9660548746168749
}