{
  "No direct optim ancestor": "None",
  "umap1": 0.2676150863020227,
  "umap2": 0.9769922370110432
}