{
  "No direct optim ancestor": "None",
  "umap1": 0.5960137499306761,
  "umap2": 0.05243593180691397
}