{
  "No direct optim ancestor": "None",
  "umap1": 0.6391702249976811,
  "umap2": 0.9414335701291361
}