{
  "No direct optim ancestor": "None",
  "umap1": 0.12907676700050885,
  "umap2": 0.5102731360420198
}