{
  "No direct optim ancestor": "None",
  "umap1": 0.9640986153831427,
  "umap2": 0.6281338586361845
}