{
  "No direct optim ancestor": "None",
  "umap1": 0.8105505924951822,
  "umap2": 0.12501565477781718
}