{
  "No direct optim ancestor": "None",
  "umap1": 0.85956459530207,
  "umap2": 0.5896404943681317
}