{
  "No direct optim ancestor": "None",
  "umap1": 0.5221353748646905,
  "umap2": 0.17533308703974426
}