{
  "No direct optim ancestor": "None",
  "umap1": 0.5122314880936619,
  "umap2": 0.2707691152154379
}