{
  "No direct optim ancestor": "None",
  "umap1": 0.7201871560972278,
  "umap2": 0.9682888158606773
}