{
  "No direct optim ancestor": "None",
  "umap1": 0.08215098339665927,
  "umap2": 0.42897824652662686
}