{
  "No direct optim ancestor": "None",
  "umap1": 0.7511252269693178,
  "umap2": 0.3463514325038002
}