{
  "No direct optim ancestor": "None",
  "umap1": 0.687054200096298,
  "umap2": 0.08091771443407925
}