{
  "No direct optim ancestor": "None",
  "umap1": 0.6058267532557132,
  "umap2": 0.4317740884198229
}