{
  "No direct optim ancestor": "None",
  "umap1": 0.41766246839930576,
  "umap2": 0.7169267043315438
}