{
  "No direct optim ancestor": "None",
  "umap1": 0.2874769206461901,
  "umap2": 0.16126372259869093
}