{
  "No direct optim ancestor": "None",
  "umap1": 0.33625026450876017,
  "umap2": 0.9159200210672219
}