{
  "No direct optim ancestor": "None",
  "umap1": 0.9794661256026092,
  "umap2": 0.2550929389675949
}