{
  "No direct optim ancestor": "None",
  "umap1": 0.24624992344350793,
  "umap2": 0.05556557127073247
}