{
  "No direct optim ancestor": "None",
  "umap1": 0.070472966806855,
  "umap2": 0.6333400803231471
}