{
  "No direct optim ancestor": "None",
  "umap1": 0.699097520820255,
  "umap2": 0.05851943218824163
}