{
  "No direct optim ancestor": "None",
  "umap1": 0.2378807294309403,
  "umap2": 0.8715300909860824
}