{
  "No direct optim ancestor": "None",
  "umap1": 0.35964321079808137,
  "umap2": 0.3042811375011716
}