{
  "No direct optim ancestor": "None",
  "umap1": 0.20543821011747398,
  "umap2": 0.23200532423329223
}