{
  "No direct optim ancestor": "None",
  "umap1": 0.22973201298762647,
  "umap2": 0.7154603698204519
}