{
  "No direct optim ancestor": "None",
  "umap1": 0.4025813078785945,
  "umap2": 0.6010490231670265
}