{
  "No direct optim ancestor": "None",
  "umap1": 0.530947411671753,
  "umap2": 0.8527141531098061
}