{
  "No direct optim ancestor": "None",
  "umap1": 0.8579650261664096,
  "umap2": 0.38482727071112954
}