{
  "No direct optim ancestor": "None",
  "umap1": 0.49332385474470675,
  "umap2": 0.4029814115093614
}