{
  "No direct optim ancestor": "None",
  "umap1": 0.8131628866625578,
  "umap2": 0.5960010142419647
}