{
  "No direct optim ancestor": "None",
  "umap1": 0.04754692792103121,
  "umap2": 0.32778309562896923
}