{
  "No direct optim ancestor": "None",
  "umap1": 0.7113192286511147,
  "umap2": 0.8022031311014792
}