{
  "No direct optim ancestor": "None",
  "umap1": 0.9126501986385043,
  "umap2": 0.2111885348497553
}