{
  "No direct optim ancestor": "None",
  "umap1": 0.2840887701463112,
  "umap2": 0.0231591647239745
}