{
  "No direct optim ancestor": "None",
  "umap1": 0.7064196555283326,
  "umap2": 0.4169826400144252
}