{
  "No direct optim ancestor": "None",
  "umap1": 0.4653186170974021,
  "umap2": 0.24808749840419053
}