{
  "No direct optim ancestor": "None",
  "umap1": 0.4617885471822374,
  "umap2": 0.8714906733467146
}