{
  "No direct optim ancestor": "None",
  "umap1": 0.6211948438892044,
  "umap2": 0.09637501448387331
}