{
  "No direct optim ancestor": "None",
  "umap1": 0.814895028168477,
  "umap2": 0.0675303800096766
}