{
  "No direct optim ancestor": "None",
  "umap1": 0.6942267425869485,
  "umap2": 0.7202776449895573
}