{
  "No direct optim ancestor": "None",
  "umap1": 0.06880000628348604,
  "umap2": 0.4698326681925995
}