{
  "No direct optim ancestor": "None",
  "umap1": 0.967805973009743,
  "umap2": 0.8507830530337743
}