{
  "No direct optim ancestor": "None",
  "umap1": 0.5586820301932071,
  "umap2": 0.19759204828677424
}