{
  "No direct optim ancestor": "None",
  "umap1": 0.7257487443915855,
  "umap2": 0.4501103279347286
}