{
  "No direct optim ancestor": "None",
  "umap1": 0.40515709296359925,
  "umap2": 0.7815065115291465
}