{
  "No direct optim ancestor": "None",
  "umap1": 0.7991144228505055,
  "umap2": 0.0736110110799455
}