{
  "No direct optim ancestor": "None",
  "umap1": 0.25614597740023604,
  "umap2": 0.9282556603693426
}