{
  "No direct optim ancestor": "None",
  "umap1": 0.8865894452981061,
  "umap2": 0.4442628951735891
}