{
  "No direct optim ancestor": "None",
  "umap1": 0.042654306855749446,
  "umap2": 0.8799511193603974
}