{
  "No direct optim ancestor": "None",
  "umap1": 0.39324570241470114,
  "umap2": 0.9984632561427066
}