{
  "No direct optim ancestor": "None",
  "umap1": 0.6379753450848932,
  "umap2": 0.6696138411502692
}