{
  "No direct optim ancestor": "None",
  "umap1": 0.8011003564564122,
  "umap2": 0.978041584606857
}