{
  "No direct optim ancestor": "None",
  "umap1": 0.8556300553746379,
  "umap2": 0.025720997655325206
}