{
  "No direct optim ancestor": "None",
  "umap1": 0.4900360373231488,
  "umap2": 0.2840672021226407
}