{
  "No direct optim ancestor": "None",
  "umap1": 0.6332739953763563,
  "umap2": 0.346238099296607
}