{
  "No direct optim ancestor": "None",
  "umap1": 0.5714453296787878,
  "umap2": 0.4973274363980914
}