{
  "No direct optim ancestor": "None",
  "umap1": 0.1735636455260816,
  "umap2": 0.933660226926401
}