{
  "No direct optim ancestor": "None",
  "umap1": 0.7253355608231165,
  "umap2": 0.9276215973648501
}