{
  "No direct optim ancestor": "None",
  "umap1": 0.0662169925995304,
  "umap2": 0.2928276853522954
}