{
  "No direct optim ancestor": "None",
  "umap1": 0.22676806481699252,
  "umap2": 0.5485362106016354
}