{
  "No direct optim ancestor": "None",
  "umap1": 0.5999719570031564,
  "umap2": 0.09804557805413805
}