{
  "No direct optim ancestor": "None",
  "umap1": 0.30314007919371244,
  "umap2": 0.8918737958587164
}