{
  "No direct optim ancestor": "None",
  "umap1": 0.16920029250280688,
  "umap2": 0.7751096675205499
}