{
  "No direct optim ancestor": "None",
  "umap1": 0.7859320391395962,
  "umap2": 0.6656656524347115
}