{
  "No direct optim ancestor": "None",
  "umap1": 0.6941458163094987,
  "umap2": 0.18393278344053687
}