{
  "No direct optim ancestor": "None",
  "umap1": 0.2849088569287499,
  "umap2": 0.7038208522110477
}