{
  "No direct optim ancestor": "None",
  "umap1": 0.6335117967235839,
  "umap2": 0.6361140817314136
}