{
  "No direct optim ancestor": "None",
  "umap1": 0.4069339244573503,
  "umap2": 0.0957678825596332
}