{
  "No direct optim ancestor": "None",
  "umap1": 0.8400792097807794,
  "umap2": 0.9615887771942891
}