{
  "No direct optim ancestor": "None",
  "umap1": 0.9016988040130214,
  "umap2": 0.28215227788634734
}