{
  "No direct optim ancestor": "None",
  "umap1": 0.9984685758093397,
  "umap2": 0.635047575710212
}