{
  "No direct optim ancestor": "None",
  "umap1": 0.9115193726840135,
  "umap2": 0.7644233395103772
}