{
  "No direct optim ancestor": "None",
  "umap1": 0.4118540294900155,
  "umap2": 0.5178307439090899
}