{
  "No direct optim ancestor": "None",
  "umap1": 0.5893688179723726,
  "umap2": 0.5715738027448986
}