{
  "No direct optim ancestor": "None",
  "umap1": 0.36627524475889317,
  "umap2": 0.4145011079928388
}