{
  "Ancestor's direct optim goal": "a photo of a coiled red snake with green scales",
  "umap1": 0.2710105701898001,
  "umap2": 0.08327371563025232
}