{
  "No direct optim ancestor": "None",
  "umap1": 0.6738863516016003,
  "umap2": 0.7708108008362213
}