{
  "No direct optim ancestor": "None",
  "umap1": 0.5426827968961929,
  "umap2": 0.6261531640729684
}