{
  "No direct optim ancestor": "None",
  "umap1": 0.8985332694099656,
  "umap2": 0.1604513246744842
}