{
  "No direct optim ancestor": "None",
  "umap1": 0.379417708365161,
  "umap2": 0.488223587064731
}