{
  "No direct optim ancestor": "None",
  "umap1": 0.5376115340766807,
  "umap2": 0.8035937252223704
}