{
  "Ancestor's direct optim goal": "a photo of a red scallop shell with green ridges and blue spots",
  "umap1": 0.946527863618847,
  "umap2": 0.9606070817091596
}