{
  "No direct optim ancestor": "None",
  "umap1": 0.7780905655703704,
  "umap2": 0.4677607815936543
}