{
  "No direct optim ancestor": "None",
  "umap1": 0.8030530039834733,
  "umap2": 0.8045188442214875
}