{
  "No direct optim ancestor": "None",
  "umap1": 0.7531216483027298,
  "umap2": 0.10290879778367679
}