{
  "No direct optim ancestor": "None",
  "umap1": 0.943771564413542,
  "umap2": 0.8525248296045324
}