{
  "No direct optim ancestor": "None",
  "umap1": 0.3179452452318908,
  "umap2": 0.6732089664056892
}