{
  "No direct optim ancestor": "None",
  "umap1": 0.6211435104435885,
  "umap2": 0.0016972356875907257
}