{
  "No direct optim ancestor": "None",
  "umap1": 0.14158846135181224,
  "umap2": 0.4832616413633216
}