{
  "No direct optim ancestor": "None",
  "umap1": 0.5968718907854045,
  "umap2": 0.3542720728754183
}