{
  "No direct optim ancestor": "None",
  "umap1": 0.6775170282241666,
  "umap2": 0.3154996101916495
}