{
  "No direct optim ancestor": "None",
  "umap1": 0.7383474771398542,
  "umap2": 0.5558489591105727
}