{
  "No direct optim ancestor": "None",
  "umap1": 0.32718924502892843,
  "umap2": 0.47729683569118464
}