{
  "Direct optim goal": "a photo of a five-armed red starfish with green spines",
  "umap1": 0.8445318380937953,
  "umap2": 0.9403268384081199
}