{
  "No direct optim ancestor": "None",
  "umap1": 0.6717516431433239,
  "umap2": 0.23432074144263537
}