{
  "No direct optim ancestor": "None",
  "umap1": 0.0024976389661177656,
  "umap2": 0.9604235875857404
}