{
  "No direct optim ancestor": "None",
  "umap1": 0.5531280137374834,
  "umap2": 0.1353128223538993
}