{
  "No direct optim ancestor": "None",
  "umap1": 0.09782929173345789,
  "umap2": 0.6759163174960823
}