{
  "No direct optim ancestor": "None",
  "umap1": 0.6604496444235953,
  "umap2": 0.7510218784022961
}