{
  "No direct optim ancestor": "None",
  "umap1": 0.5777885574424677,
  "umap2": 0.6585559838520718
}