{
  "No direct optim ancestor": "None",
  "umap1": 0.5242088995526685,
  "umap2": 0.7450664296152966
}