{
  "No direct optim ancestor": "None",
  "umap1": 0.834109989518715,
  "umap2": 0.16350581707195044
}