{
  "No direct optim ancestor": "None",
  "umap1": 0.6985856335624847,
  "umap2": 0.7475440692748523
}