{
  "No direct optim ancestor": "None",
  "umap1": 0.5049354575141335,
  "umap2": 0.6611970409570418
}