{
  "No direct optim ancestor": "None",
  "umap1": 0.8890462521258684,
  "umap2": 0.5527416054277351
}