{
  "No direct optim ancestor": "None",
  "umap1": 0.536436707624462,
  "umap2": 0.6444848788588872
}