{
  "No direct optim ancestor": "None",
  "umap1": 0.9754467576195935,
  "umap2": 0.4309697134825846
}