{
  "No direct optim ancestor": "None",
  "umap1": 0.4938910073589521,
  "umap2": 0.4179160946119834
}