{
  "No direct optim ancestor": "None",
  "umap1": 0.6826229896424509,
  "umap2": 0.756130005037286
}