{
  "No direct optim ancestor": "None",
  "umap1": 0.3421939650314161,
  "umap2": 0.9172768664734946
}