{
  "No direct optim ancestor": "None",
  "umap1": 0.20717511586749626,
  "umap2": 0.4667250872767639
}