{
  "No direct optim ancestor": "None",
  "umap1": 0.08745708049160328,
  "umap2": 0.5741715566057893
}