{
  "No direct optim ancestor": "None",
  "umap1": 0.9484797742263601,
  "umap2": 0.6853865712908792
}