{
  "No direct optim ancestor": "None",
  "umap1": 0.5096425374019543,
  "umap2": 0.6321227864181793
}