{
  "No direct optim ancestor": "None",
  "umap1": 0.6311880902049889,
  "umap2": 0.19772968586058948
}