{
  "No direct optim ancestor": "None",
  "umap1": 0.1998531405613908,
  "umap2": 0.5849207459132235
}