{
  "No direct optim ancestor": "None",
  "umap1": 0.6221007633914359,
  "umap2": 0.9867781676777393
}