{
  "No direct optim ancestor": "None",
  "umap1": 0.5003681149370084,
  "umap2": 0.9252159288472808
}