{
  "No direct optim ancestor": "None",
  "umap1": 0.21708751239235435,
  "umap2": 0.1613073183148529
}