{
  "No direct optim ancestor": "None",
  "umap1": 0.262001863509318,
  "umap2": 0.6682987496326891
}