{
  "No direct optim ancestor": "None",
  "umap1": 0.1634572775012153,
  "umap2": 0.6009011279976393
}