{
  "No direct optim ancestor": "None",
  "umap1": 0.7494358483563736,
  "umap2": 0.6370005133073419
}