{
  "No direct optim ancestor": "None",
  "umap1": 0.954726077698867,
  "umap2": 0.023997637317276443
}