{
  "No direct optim ancestor": "None",
  "umap1": 0.17596403589940468,
  "umap2": 0.09006923410362522
}