{
  "No direct optim ancestor": "None",
  "umap1": 0.3028218097747466,
  "umap2": 0.4024732593171868
}