{
  "No direct optim ancestor": "None",
  "umap1": 0.23658900743376787,
  "umap2": 0.9146783549110351
}