{
  "No direct optim ancestor": "None",
  "umap1": 0.7249816130026847,
  "umap2": 0.7477877559356141
}