{
  "No direct optim ancestor": "None",
  "umap1": 0.35680439663435104,
  "umap2": 0.6841250612413254
}