{
  "No direct optim ancestor": "None",
  "umap1": 0.955846738394209,
  "umap2": 0.47461752330172335
}