{
  "No direct optim ancestor": "None",
  "umap1": 0.4108225161747582,
  "umap2": 0.9214095575836443
}