{
  "No direct optim ancestor": "None",
  "umap1": 0.31688719443718794,
  "umap2": 0.5731776780092914
}