{
  "No direct optim ancestor": "None",
  "umap1": 0.08094258200140014,
  "umap2": 0.0696917912707945
}