{
  "No direct optim ancestor": "None",
  "umap1": 0.6354368683858884,
  "umap2": 0.8260864787785775
}