{
  "No direct optim ancestor": "None",
  "umap1": 0.4208599388029214,
  "umap2": 0.9791920173799714
}