{
  "No direct optim ancestor": "None",
  "umap1": 0.618135681789256,
  "umap2": 0.24819086371327337
}