{
  "No direct optim ancestor": "None",
  "umap1": 0.34709299791612325,
  "umap2": 0.9194229117516239
}