{
  "No direct optim ancestor": "None",
  "umap1": 0.5926896448464417,
  "umap2": 0.2002501526048165
}