{
  "No direct optim ancestor": "None",
  "umap1": 0.051382919599453514,
  "umap2": 0.8941438839186646
}