{
  "No direct optim ancestor": "None",
  "umap1": 0.7671762477347804,
  "umap2": 0.0945824351721597
}