{
  "No direct optim ancestor": "None",
  "umap1": 0.48274713269098757,
  "umap2": 0.6796391193911072
}