{
  "No direct optim ancestor": "None",
  "umap1": 0.20484921447391258,
  "umap2": 0.4035599177911794
}