{
  "No direct optim ancestor": "None",
  "umap1": 0.8020656586062277,
  "umap2": 0.15167205673579676
}