{
  "No direct optim ancestor": "None",
  "umap1": 0.36308770815514846,
  "umap2": 0.6815158033093454
}