{
  "No direct optim ancestor": "None",
  "umap1": 0.3784868513720512,
  "umap2": 0.66771024072349
}