{
  "No direct optim ancestor": "None",
  "umap1": 0.07934613211098374,
  "umap2": 0.8477961856585291
}