{
  "No direct optim ancestor": "None",
  "umap1": 0.8501837082010812,
  "umap2": 0.4718516110970573
}