{
  "No direct optim ancestor": "None",
  "umap1": 0.5780805309380864,
  "umap2": 0.07166871095934368
}