{
  "No direct optim ancestor": "None",
  "umap1": 0.5639863868694951,
  "umap2": 0.8278724336573839
}