{
  "No direct optim ancestor": "None",
  "umap1": 0.7610682364045859,
  "umap2": 0.629057336806279
}