{
  "No direct optim ancestor": "None",
  "umap1": 0.7926340754831039,
  "umap2": 0.5713114128456256
}