{
  "No direct optim ancestor": "None",
  "umap1": 0.7801921529243395,
  "umap2": 0.08232381575692238
}