{
  "No direct optim ancestor": "None",
  "umap1": 0.08716445853000354,
  "umap2": 0.5836694409332825
}