{
  "No direct optim ancestor": "None",
  "umap1": 0.33646385855788086,
  "umap2": 0.35948722448986536
}