{
  "No direct optim ancestor": "None",
  "umap1": 0.9566576617430304,
  "umap2": 0.06323163447413715
}