{
  "No direct optim ancestor": "None",
  "umap1": 0.3448610953488178,
  "umap2": 0.5921509038337209
}