{
  "No direct optim ancestor": "None",
  "umap1": 0.15701346109747438,
  "umap2": 0.28749204560719743
}