{
  "No direct optim ancestor": "None",
  "umap1": 0.42296389995830586,
  "umap2": 0.6286809017798403
}