{
  "No direct optim ancestor": "None",
  "umap1": 0.8732032728156993,
  "umap2": 0.6679508800362634
}