{
  "Direct optim goal": "a photo of a red nautilus shell with green ridges and blue chambers",
  "umap1": 0.07144289268592119,
  "umap2": 0.8848668600169207
}