{
  "No direct optim ancestor": "None",
  "umap1": 0.6024310593192046,
  "umap2": 0.5608026074803861
}