{
  "No direct optim ancestor": "None",
  "umap1": 0.5496125661581359,
  "umap2": 0.9969595953968732
}