{
  "No direct optim ancestor": "None",
  "umap1": 0.41775072951493986,
  "umap2": 0.16364178944990238
}