{
  "No direct optim ancestor": "None",
  "umap1": 0.7439036586015456,
  "umap2": 0.2818422731810313
}