{
  "No direct optim ancestor": "None",
  "umap1": 0.9230480414357131,
  "umap2": 0.7338827284300846
}