{
  "No direct optim ancestor": "None",
  "umap1": 0.31271715044230763,
  "umap2": 0.8411566894099618
}