{
  "No direct optim ancestor": "None",
  "umap1": 0.5640447136643588,
  "umap2": 0.03931888697583463
}