{
  "No direct optim ancestor": "None",
  "umap1": 0.6229080729700889,
  "umap2": 0.2275091627731044
}