{
  "No direct optim ancestor": "None",
  "umap1": 0.393996673212478,
  "umap2": 0.08223468733635841
}