{
  "No direct optim ancestor": "None",
  "umap1": 0.36954821166147767,
  "umap2": 0.7575801713796617
}