{
  "No direct optim ancestor": "None",
  "umap1": 0.7099634992682641,
  "umap2": 0.38120822039780433
}