{
  "No direct optim ancestor": "None",
  "umap1": 0.32183085679589485,
  "umap2": 0.8099831153260302
}