{
  "No direct optim ancestor": "None",
  "umap1": 0.3366763086594394,
  "umap2": 0.31746826573585396
}