{
  "No direct optim ancestor": "None",
  "umap1": 0.3006403815606975,
  "umap2": 0.8713045460274652
}