{
  "No direct optim ancestor": "None",
  "umap1": 0.2610572953610557,
  "umap2": 0.8343193051062361
}