{
  "No direct optim ancestor": "None",
  "umap1": 0.018075483279312077,
  "umap2": 0.4571793713949086
}