{
  "No direct optim ancestor": "None",
  "umap1": 0.08964088061254039,
  "umap2": 0.25601192742142564
}