{
  "No direct optim ancestor": "None",
  "umap1": 0.3613872741669939,
  "umap2": 0.7173835739810496
}