{
  "No direct optim ancestor": "None",
  "umap1": 0.4190339060910454,
  "umap2": 0.7206207473648318
}