{
  "No direct optim ancestor": "None",
  "umap1": 0.7122215056496298,
  "umap2": 0.8247812627998744
}