{
  "No direct optim ancestor": "None",
  "umap1": 0.10459146852316836,
  "umap2": 0.823505923647359
}