{
  "No direct optim ancestor": "None",
  "umap1": 0.5469119106468875,
  "umap2": 0.9819236897093435
}