{
  "No direct optim ancestor": "None",
  "umap1": 0.16497866474643919,
  "umap2": 0.8151172347796958
}