{
  "No direct optim ancestor": "None",
  "umap1": 0.3733835251752149,
  "umap2": 0.32051738432879473
}