{
  "No direct optim ancestor": "None",
  "umap1": 0.6375213493902706,
  "umap2": 0.41416693952562444
}