{
  "No direct optim ancestor": "None",
  "umap1": 0.4401404619744862,
  "umap2": 0.003994424184982859
}