{
  "No direct optim ancestor": "None",
  "umap1": 0.06791275192602708,
  "umap2": 0.8102181049210195
}