{
  "No direct optim ancestor": "None",
  "umap1": 0.4687025250285015,
  "umap2": 0.7428344489579961
}