{
  "No direct optim ancestor": "None",
  "umap1": 0.007892930443681001,
  "umap2": 0.49749220966711705
}