{
  "No direct optim ancestor": "None",
  "umap1": 0.8181729509608382,
  "umap2": 0.020251136001131154
}