{
  "No direct optim ancestor": "None",
  "umap1": 0.09912427451403472,
  "umap2": 0.2861214077891937
}