{
  "No direct optim ancestor": "None",
  "umap1": 0.6060065230890337,
  "umap2": 0.47414848890739936
}