{
  "No direct optim ancestor": "None",
  "umap1": 0.28114743233402484,
  "umap2": 0.1129000529431754
}