{
  "No direct optim ancestor": "None",
  "umap1": 0.02157812064699649,
  "umap2": 0.7258850507851675
}