{
  "No direct optim ancestor": "None",
  "umap1": 0.9629256983795614,
  "umap2": 0.08093963631351542
}