{
  "No direct optim ancestor": "None",
  "umap1": 0.48652450178082485,
  "umap2": 0.8202333739368688
}