{
  "No direct optim ancestor": "None",
  "umap1": 0.11796732696166401,
  "umap2": 0.034725728115061916
}