{
  "No direct optim ancestor": "None",
  "umap1": 0.4290096886073427,
  "umap2": 0.3443241301953871
}