{
  "No direct optim ancestor": "None",
  "umap1": 0.4148799707152441,
  "umap2": 0.42986656089819
}