{
  "No direct optim ancestor": "None",
  "umap1": 0.8189397222204515,
  "umap2": 0.15154835077727358
}