{
  "No direct optim ancestor": "None",
  "umap1": 0.017622106060544596,
  "umap2": 0.7137864302482725
}