{
  "No direct optim ancestor": "None",
  "umap1": 0.468594752049046,
  "umap2": 0.28333201722342416
}