{
  "No direct optim ancestor": "None",
  "umap1": 0.08091170174709938,
  "umap2": 0.937643773325497
}