{
  "No direct optim ancestor": "None",
  "umap1": 0.41063423716283,
  "umap2": 0.9829537605655184
}