{
  "No direct optim ancestor": "None",
  "umap1": 0.29420974291375834,
  "umap2": 0.3195380744715922
}