{
  "No direct optim ancestor": "None",
  "umap1": 0.10658136267897012,
  "umap2": 0.5582526452491763
}