{
  "No direct optim ancestor": "None",
  "umap1": 0.57119514097844,
  "umap2": 0.5500609885424443
}