{
  "No direct optim ancestor": "None",
  "umap1": 0.4144505990073082,
  "umap2": 0.42207719304829894
}