{
  "No direct optim ancestor": "None",
  "umap1": 0.17279914606359703,
  "umap2": 0.9340524539590553
}