{
  "No direct optim ancestor": "None",
  "umap1": 0.21245552835898596,
  "umap2": 0.3208418626439381
}