{
  "No direct optim ancestor": "None",
  "umap1": 0.03103391200712713,
  "umap2": 0.1608325345762247
}