{
  "No direct optim ancestor": "None",
  "umap1": 0.8339597814298044,
  "umap2": 0.25580068270749123
}