{
  "No direct optim ancestor": "None",
  "umap1": 0.13428717735821427,
  "umap2": 0.4273985251070148
}