{
  "No direct optim ancestor": "None",
  "umap1": 0.5819077465376222,
  "umap2": 0.8804813723496112
}