{
  "No direct optim ancestor": "None",
  "umap1": 0.48999624074551296,
  "umap2": 0.9922736474969326
}