{
  "No direct optim ancestor": "None",
  "umap1": 0.6046781202687197,
  "umap2": 0.800558484357044
}