{
  "No direct optim ancestor": "None",
  "umap1": 0.4376885106558799,
  "umap2": 0.9602672616414019
}