{
  "No direct optim ancestor": "None",
  "umap1": 0.3033399542808849,
  "umap2": 0.37651909266717076
}