{
  "No direct optim ancestor": "None",
  "umap1": 0.7951242425166134,
  "umap2": 0.04309756288284383
}