{
  "No direct optim ancestor": "None",
  "umap1": 0.7492177095613971,
  "umap2": 0.7813340272240616
}