{
  "No direct optim ancestor": "None",
  "umap1": 0.11932157659686016,
  "umap2": 0.6673469288859949
}