{
  "No direct optim ancestor": "None",
  "umap1": 0.6955653098488871,
  "umap2": 0.10486108184293552
}