{
  "No direct optim ancestor": "None",
  "umap1": 0.33228585509652286,
  "umap2": 0.3120390740979452
}