{
  "No direct optim ancestor": "None",
  "umap1": 0.007374736948176808,
  "umap2": 0.6884234627397897
}