{
  "No direct optim ancestor": "None",
  "umap1": 0.02702019159135305,
  "umap2": 0.271031679486869
}