{
  "No direct optim ancestor": "None",
  "umap1": 0.6744798721531664,
  "umap2": 0.417120148751847
}