{
  "No direct optim ancestor": "None",
  "umap1": 0.42070385573150304,
  "umap2": 0.7152361655351083
}