{
  "No direct optim ancestor": "None",
  "umap1": 0.5806014000813301,
  "umap2": 0.30804861960440866
}