{
  "No direct optim ancestor": "None",
  "umap1": 0.46096945130643774,
  "umap2": 0.1593535402155951
}