{
  "No direct optim ancestor": "None",
  "umap1": 0.10142401165717363,
  "umap2": 0.9381720440220325
}