{
  "No direct optim ancestor": "None",
  "umap1": 0.7506361898205973,
  "umap2": 0.138994263501939
}