{
  "No direct optim ancestor": "None",
  "umap1": 0.17802675775864985,
  "umap2": 0.36179203307169217
}