{
  "No direct optim ancestor": "None",
  "umap1": 0.7108327781934259,
  "umap2": 0.12623802888067082
}