{
  "No direct optim ancestor": "None",
  "umap1": 0.7552496882829329,
  "umap2": 0.48226620818614896
}