{
  "No direct optim ancestor": "None",
  "umap1": 0.8154868499855359,
  "umap2": 0.3342746537922323
}