{
  "No direct optim ancestor": "None",
  "umap1": 0.9261092208841731,
  "umap2": 0.9562749250252657
}