{
  "No direct optim ancestor": "None",
  "umap1": 0.18624630302744527,
  "umap2": 0.27045562059557937
}