{
  "No direct optim ancestor": "None",
  "umap1": 0.020591305106071323,
  "umap2": 0.35794595407467444
}