{
  "No direct optim ancestor": "None",
  "umap1": 0.5023286543102582,
  "umap2": 0.06257899931224353
}