{
  "No direct optim ancestor": "None",
  "umap1": 0.25452056064248874,
  "umap2": 0.3391691778933653
}