{
  "No direct optim ancestor": "None",
  "umap1": 0.4751883852290524,
  "umap2": 0.6426476158717441
}