{
  "No direct optim ancestor": "None",
  "umap1": 0.40560358210312863,
  "umap2": 0.02026613830014301
}