{
  "No direct optim ancestor": "None",
  "umap1": 0.7610512356286823,
  "umap2": 0.15417907014055154
}