{
  "No direct optim ancestor": "None",
  "umap1": 0.17397347904315785,
  "umap2": 0.830954674522311
}