{
  "No direct optim ancestor": "None",
  "umap1": 0.3739405755465749,
  "umap2": 0.27767473765084305
}