{
  "No direct optim ancestor": "None",
  "umap1": 0.547668017565024,
  "umap2": 0.7758513484825389
}