{
  "No direct optim ancestor": "None",
  "umap1": 0.2058398488414075,
  "umap2": 0.7244411460891428
}