{
  "No direct optim ancestor": "None",
  "umap1": 0.6583714456046401,
  "umap2": 0.3338487165058448
}