{
  "No direct optim ancestor": "None",
  "umap1": 0.5169635751444666,
  "umap2": 0.05203905543461318
}