{
  "No direct optim ancestor": "None",
  "umap1": 0.22459406284592476,
  "umap2": 0.18133483097027692
}