{
  "No direct optim ancestor": "None",
  "umap1": 0.37042000555903,
  "umap2": 0.6306334839855557
}