{
  "No direct optim ancestor": "None",
  "umap1": 0.7602881100547639,
  "umap2": 0.9244617068612299
}