{
  "No direct optim ancestor": "None",
  "umap1": 0.20765296707401115,
  "umap2": 0.22705182059224183
}