{
  "No direct optim ancestor": "None",
  "umap1": 0.16795528447197405,
  "umap2": 0.33081891423682985
}