{
  "No direct optim ancestor": "None",
  "umap1": 0.06957833826351467,
  "umap2": 0.8636906886798134
}