{
  "No direct optim ancestor": "None",
  "umap1": 0.5815430331892639,
  "umap2": 0.44046298782400006
}