{
  "No direct optim ancestor": "None",
  "umap1": 0.14898388657981565,
  "umap2": 0.27528405344879836
}