{
  "No direct optim ancestor": "None",
  "umap1": 0.9231347873601008,
  "umap2": 0.7400591904323023
}