{
  "No direct optim ancestor": "None",
  "umap1": 0.5456322570866423,
  "umap2": 0.9686202816450957
}