{
  "No direct optim ancestor": "None",
  "umap1": 0.9400500746407414,
  "umap2": 0.05247647692875845
}