{
  "No direct optim ancestor": "None",
  "umap1": 0.6218084186850661,
  "umap2": 0.1761230880545014
}