{
  "No direct optim ancestor": "None",
  "umap1": 0.8386044167875537,
  "umap2": 0.27336432168368663
}