{
  "No direct optim ancestor": "None",
  "umap1": 0.6727904018170198,
  "umap2": 0.60138888370943
}