{
  "No direct optim ancestor": "None",
  "umap1": 0.8231808029250853,
  "umap2": 0.32406037267793475
}