{
  "No direct optim ancestor": "None",
  "umap1": 0.35853181281160396,
  "umap2": 0.38715076882033883
}