{
  "No direct optim ancestor": "None",
  "umap1": 0.9541709756106924,
  "umap2": 0.9579759311147897
}