{
  "No direct optim ancestor": "None",
  "umap1": 0.5699689045158121,
  "umap2": 0.047538371485872144
}