{
  "No direct optim ancestor": "None",
  "umap1": 0.47123921913637834,
  "umap2": 0.869301064615918
}