{
  "No direct optim ancestor": "None",
  "umap1": 0.07158223822378196,
  "umap2": 0.6423941637155242
}