{
  "No direct optim ancestor": "None",
  "umap1": 0.3600042769452595,
  "umap2": 0.20629800659353104
}