{
  "No direct optim ancestor": "None",
  "umap1": 0.2340798865640129,
  "umap2": 0.5993911954798471
}