{
  "No direct optim ancestor": "None",
  "umap1": 0.987054069833633,
  "umap2": 0.6116617227415168
}