{
  "No direct optim ancestor": "None",
  "umap1": 0.4255294419089597,
  "umap2": 0.07014142953121816
}