{
  "No direct optim ancestor": "None",
  "umap1": 0.7850573662641387,
  "umap2": 0.591694452443125
}