{
  "No direct optim ancestor": "None",
  "umap1": 0.12922186334885066,
  "umap2": 0.7971553319991561
}