{
  "No direct optim ancestor": "None",
  "umap1": 0.9651121903653553,
  "umap2": 0.9813637162995962
}