{
  "No direct optim ancestor": "None",
  "umap1": 0.3496015236016312,
  "umap2": 0.6885825928030164
}