{
  "No direct optim ancestor": "None",
  "umap1": 0.0966347687069411,
  "umap2": 0.31701875570193827
}