{
  "No direct optim ancestor": "None",
  "umap1": 0.48748850032561686,
  "umap2": 0.3004760611375008
}