{
  "No direct optim ancestor": "None",
  "umap1": 0.5892295788179368,
  "umap2": 0.09794390856222845
}