{
  "No direct optim ancestor": "None",
  "umap1": 0.022910714718165193,
  "umap2": 0.5623198799118782
}