{
  "No direct optim ancestor": "None",
  "umap1": 0.7708116630372184,
  "umap2": 0.7748695713456032
}