{
  "No direct optim ancestor": "None",
  "umap1": 0.6648781971295762,
  "umap2": 0.68348894253232
}