{
  "No direct optim ancestor": "None",
  "umap1": 0.07521640141120722,
  "umap2": 0.5642868957269587
}