{
  "No direct optim ancestor": "None",
  "umap1": 0.4557709028540813,
  "umap2": 0.9605606954314252
}