{
  "No direct optim ancestor": "None",
  "umap1": 0.5091516724199437,
  "umap2": 0.42180053819016516
}