{
  "No direct optim ancestor": "None",
  "umap1": 0.6365907915200493,
  "umap2": 0.515828968380132
}