{
  "No direct optim ancestor": "None",
  "umap1": 0.07739860855707914,
  "umap2": 0.1925876104525801
}