{
  "No direct optim ancestor": "None",
  "umap1": 0.593629797853465,
  "umap2": 0.28880042859560684
}