{
  "No direct optim ancestor": "None",
  "umap1": 0.4337925414392665,
  "umap2": 0.045793848764029144
}