{
  "No direct optim ancestor": "None",
  "umap1": 0.672218884554591,
  "umap2": 0.4675380638640452
}