{
  "No direct optim ancestor": "None",
  "umap1": 0.25512104324653884,
  "umap2": 0.4464217673145796
}