{
  "No direct optim ancestor": "None",
  "umap1": 0.607263118480265,
  "umap2": 0.6222787585531142
}