{
  "No direct optim ancestor": "None",
  "umap1": 0.6314413392925949,
  "umap2": 0.4774885902507613
}