{
  "No direct optim ancestor": "None",
  "umap1": 0.6802456337940282,
  "umap2": 0.6245895396599908
}