{
  "No direct optim ancestor": "None",
  "umap1": 0.06454047708686361,
  "umap2": 0.17260025253257205
}