{
  "No direct optim ancestor": "None",
  "umap1": 0.526641191280264,
  "umap2": 0.4685652111050287
}