{
  "No direct optim ancestor": "None",
  "umap1": 0.7996322571241353,
  "umap2": 0.15027467111372905
}