{
  "No direct optim ancestor": "None",
  "umap1": 0.6438464786715744,
  "umap2": 0.7030068594699238
}