{
  "No direct optim ancestor": "None",
  "umap1": 0.3905520765299517,
  "umap2": 0.8524498048211975
}