{
  "No direct optim ancestor": "None",
  "umap1": 0.44628114188897305,
  "umap2": 0.13160021480658068
}