{
  "No direct optim ancestor": "None",
  "umap1": 0.9104498570800089,
  "umap2": 0.7053410353469752
}