{
  "Direct optim goal": "a photo of a red sea urchin shell with green spines and blue pores",
  "umap1": 0.622367997786966,
  "umap2": 0.7689386376583944
}