{
  "No direct optim ancestor": "None",
  "umap1": 0.014248123928051637,
  "umap2": 0.2773471810582364
}