{
  "No direct optim ancestor": "None",
  "umap1": 0.5811826186943615,
  "umap2": 0.23253880511608627
}