{
  "No direct optim ancestor": "None",
  "umap1": 0.5058613348591036,
  "umap2": 0.6659730741149709
}