{
  "No direct optim ancestor": "None",
  "umap1": 0.331773431012907,
  "umap2": 0.43784643458634287
}