{
  "No direct optim ancestor": "None",
  "umap1": 0.8907337028455237,
  "umap2": 0.39041774386180217
}