{
  "No direct optim ancestor": "None",
  "umap1": 0.6675533295214024,
  "umap2": 0.12877110098426492
}