{
  "Ancestor's direct optim goal": "a photo of a tree branch with green leaves and red berries",
  "umap1": 0.8654188004493104,
  "umap2": 0.300868105000733
}