{
  "No direct optim ancestor": "None",
  "umap1": 0.9952433630871425,
  "umap2": 0.44744659179962865
}