{
  "No direct optim ancestor": "None",
  "umap1": 0.12979722555642148,
  "umap2": 0.34872800288924066
}