{
  "No direct optim ancestor": "None",
  "umap1": 0.8119079682343515,
  "umap2": 0.9951779190575064
}