{
  "No direct optim ancestor": "None",
  "umap1": 0.40579804374848494,
  "umap2": 0.7239602157694165
}