{
  "No direct optim ancestor": "None",
  "umap1": 0.5964201453806101,
  "umap2": 0.7601830278987475
}