{
  "No direct optim ancestor": "None",
  "umap1": 0.6940741238586853,
  "umap2": 0.9327014114035737
}