{
  "No direct optim ancestor": "None",
  "umap1": 0.11666528779305796,
  "umap2": 0.77866595699346
}