{
  "No direct optim ancestor": "None",
  "umap1": 0.11903240521317804,
  "umap2": 0.4076954592992553
}