{
  "No direct optim ancestor": "None",
  "umap1": 0.5420860269413109,
  "umap2": 0.42508432073790525
}