{
  "No direct optim ancestor": "None",
  "umap1": 0.04008118598981736,
  "umap2": 0.6830567264239645
}