{
  "No direct optim ancestor": "None",
  "umap1": 0.8618178261453702,
  "umap2": 0.37777137354886825
}