{
  "No direct optim ancestor": "None",
  "umap1": 0.4548616404277769,
  "umap2": 0.27442541283711996
}