{
  "No direct optim ancestor": "None",
  "umap1": 0.09027406251739101,
  "umap2": 0.4894116670278801
}