{
  "No direct optim ancestor": "None",
  "umap1": 0.10356764024449072,
  "umap2": 0.3412060794558126
}