{
  "No direct optim ancestor": "None",
  "umap1": 0.010166006213520151,
  "umap2": 0.8501532436040979
}