{
  "No direct optim ancestor": "None",
  "umap1": 0.05715155186827947,
  "umap2": 0.06175818420576218
}