{
  "No direct optim ancestor": "None",
  "umap1": 0.6028955979450761,
  "umap2": 0.522460477512504
}