{
  "No direct optim ancestor": "None",
  "umap1": 0.2863109171384448,
  "umap2": 0.5708584556986515
}