{
  "No direct optim ancestor": "None",
  "umap1": 0.1786565733213824,
  "umap2": 0.3613718484536994
}