{
  "No direct optim ancestor": "None",
  "umap1": 0.19676247179021922,
  "umap2": 0.9797649522848818
}