{
  "No direct optim ancestor": "None",
  "umap1": 0.10148398061929287,
  "umap2": 0.10344817023136776
}