{
  "No direct optim ancestor": "None",
  "umap1": 0.5833443542657493,
  "umap2": 0.7940546495282407
}