{
  "No direct optim ancestor": "None",
  "umap1": 0.2394340741975184,
  "umap2": 0.9698937382596837
}