{
  "No direct optim ancestor": "None",
  "umap1": 0.42809155542775157,
  "umap2": 0.4756904810840489
}