{
  "No direct optim ancestor": "None",
  "umap1": 0.18137978821609968,
  "umap2": 0.5495699035575781
}