{
  "Direct optim goal": "a photo of a flower",
  "umap1": 0.17504400367946238,
  "umap2": 0.6610680752668342
}