{
  "No direct optim ancestor": "None",
  "umap1": 0.5441131540369375,
  "umap2": 0.27624280408869406
}