{
  "No direct optim ancestor": "None",
  "umap1": 0.7533927838087413,
  "umap2": 0.42084122055634865
}