{
  "No direct optim ancestor": "None",
  "umap1": 0.0603390407032488,
  "umap2": 0.21660263875407904
}