{
  "No direct optim ancestor": "None",
  "umap1": 0.35857108185408737,
  "umap2": 0.4402027677965199
}