{
  "Ancestor's direct optim goal": "a photo of a red frosted donut with green sprinkles",
  "umap1": 0.2813677556074031,
  "umap2": 0.9475194582784399
}