{
  "No direct optim ancestor": "None",
  "umap1": 0.903869925176709,
  "umap2": 0.16967773146459975
}