{
  "No direct optim ancestor": "None",
  "umap1": 0.3983175604358007,
  "umap2": 0.12550138487841778
}