{
  "No direct optim ancestor": "None",
  "umap1": 0.48109955699800455,
  "umap2": 0.7759809272301662
}