{
  "No direct optim ancestor": "None",
  "umap1": 0.15009473508884408,
  "umap2": 0.38654744613897785
}