{
  "No direct optim ancestor": "None",
  "umap1": 0.04356247900431809,
  "umap2": 0.4406080516933901
}