{
  "No direct optim ancestor": "None",
  "umap1": 0.07951775659059213,
  "umap2": 0.05894547384162785
}