{
  "No direct optim ancestor": "None",
  "umap1": 0.44604693492353764,
  "umap2": 0.42849376324811195
}