{
  "No direct optim ancestor": "None",
  "umap1": 0.18924020720697976,
  "umap2": 0.45710061592222295
}