{
  "No direct optim ancestor": "None",
  "umap1": 0.48630149107600507,
  "umap2": 0.34511441452570657
}