{
  "No direct optim ancestor": "None",
  "umap1": 0.7053184320785448,
  "umap2": 0.1104504968528105
}