{
  "No direct optim ancestor": "None",
  "umap1": 0.322472324783716,
  "umap2": 0.8162075837070931
}