{
  "No direct optim ancestor": "None",
  "umap1": 0.8385050076080053,
  "umap2": 0.09039927266070102
}