{
  "No direct optim ancestor": "None",
  "umap1": 0.68029913372366,
  "umap2": 0.8943654204283699
}