{
  "No direct optim ancestor": "None",
  "umap1": 0.12191323771250706,
  "umap2": 0.06894246380353852
}