{
  "No direct optim ancestor": "None",
  "umap1": 0.9043609839700976,
  "umap2": 0.6742005355788581
}