{
  "No direct optim ancestor": "None",
  "umap1": 0.01484424016414343,
  "umap2": 0.6969583175949108
}