{
  "No direct optim ancestor": "None",
  "umap1": 0.48998691681295137,
  "umap2": 0.6885101578310754
}