{
  "No direct optim ancestor": "None",
  "umap1": 0.36687297634828564,
  "umap2": 0.44230726084610794
}