{
  "No direct optim ancestor": "None",
  "umap1": 0.2825481121143295,
  "umap2": 0.5633947139227229
}