{
  "No direct optim ancestor": "None",
  "umap1": 0.16137637593928367,
  "umap2": 0.7519427019744662
}