{
  "No direct optim ancestor": "None",
  "umap1": 0.42823135298945525,
  "umap2": 0.8362978115075296
}