{
  "No direct optim ancestor": "None",
  "umap1": 0.8956251841054051,
  "umap2": 0.9435105039522832
}