{
  "No direct optim ancestor": "None",
  "umap1": 0.8252401563852894,
  "umap2": 0.9332460577513395
}