{
  "No direct optim ancestor": "None",
  "umap1": 0.13462249069477827,
  "umap2": 0.8253823851210776
}