{
  "No direct optim ancestor": "None",
  "umap1": 0.22617169778646318,
  "umap2": 0.04660970987756907
}