{
  "No direct optim ancestor": "None",
  "umap1": 0.15366333336541005,
  "umap2": 0.3188399474078871
}