{
  "No direct optim ancestor": "None",
  "umap1": 0.9037612618592452,
  "umap2": 0.5918506052802007
}