{
  "No direct optim ancestor": "None",
  "umap1": 0.29606530074295134,
  "umap2": 0.17119646608911743
}