{
  "No direct optim ancestor": "None",
  "umap1": 0.27103153345706954,
  "umap2": 0.47720497930784767
}