{
  "No direct optim ancestor": "None",
  "umap1": 0.7275195187540879,
  "umap2": 0.40469832466196054
}