{
  "No direct optim ancestor": "None",
  "umap1": 0.8187731876893206,
  "umap2": 0.27349597008284043
}