{
  "No direct optim ancestor": "None",
  "umap1": 0.6920903001777613,
  "umap2": 0.5472668163425397
}