{
  "No direct optim ancestor": "None",
  "umap1": 0.75850024427985,
  "umap2": 0.851380461263407
}