{
  "No direct optim ancestor": "None",
  "umap1": 0.030476030023664502,
  "umap2": 0.35346037396950203
}