{
  "No direct optim ancestor": "None",
  "umap1": 0.07243970407577427,
  "umap2": 0.06325613969275667
}