{
  "No direct optim ancestor": "None",
  "umap1": 0.15231331289725014,
  "umap2": 0.062249728861126896
}