{
  "No direct optim ancestor": "None",
  "umap1": 0.15068261409574224,
  "umap2": 0.610040224090261
}