{
  "No direct optim ancestor": "None",
  "umap1": 0.6135371561383293,
  "umap2": 0.0037851586152349848
}