{
  "No direct optim ancestor": "None",
  "umap1": 0.5903435655174543,
  "umap2": 0.40791469785807444
}