{
  "No direct optim ancestor": "None",
  "umap1": 0.4064000056358552,
  "umap2": 0.7061270650130316
}