{
  "No direct optim ancestor": "None",
  "umap1": 0.9776981304863697,
  "umap2": 0.9505698790666359
}