{
  "No direct optim ancestor": "None",
  "umap1": 0.35896608000813857,
  "umap2": 0.09372274779268752
}