{
  "No direct optim ancestor": "None",
  "umap1": 0.8719934476960524,
  "umap2": 0.7425938772436637
}