{
  "No direct optim ancestor": "None",
  "umap1": 0.766823178830748,
  "umap2": 0.40835706273471817
}