{
  "No direct optim ancestor": "None",
  "umap1": 0.015343009284209397,
  "umap2": 0.8503379309543964
}