{
  "No direct optim ancestor": "None",
  "umap1": 0.13851175943649163,
  "umap2": 0.6479533166826164
}