{
  "No direct optim ancestor": "None",
  "umap1": 0.3691311828656034,
  "umap2": 0.7849869535363475
}