{
  "No direct optim ancestor": "None",
  "umap1": 0.9100980378293392,
  "umap2": 0.16147544978319261
}