{
  "No direct optim ancestor": "None",
  "umap1": 0.4155856873422541,
  "umap2": 0.2978750127660863
}