{
  "No direct optim ancestor": "None",
  "umap1": 0.30868147948729985,
  "umap2": 0.5331483094914609
}