{
  "No direct optim ancestor": "None",
  "umap1": 0.8684518689769694,
  "umap2": 0.42697830538486337
}