{
  "No direct optim ancestor": "None",
  "umap1": 0.46524768367967484,
  "umap2": 0.6386547840113278
}