{
  "No direct optim ancestor": "None",
  "umap1": 0.7432671749854646,
  "umap2": 0.07446596487790658
}