{
  "No direct optim ancestor": "None",
  "umap1": 0.7084335902743387,
  "umap2": 0.15300199510586743
}