{
  "No direct optim ancestor": "None",
  "umap1": 0.4584066422331471,
  "umap2": 0.4666328703637689
}