{
  "No direct optim ancestor": "None",
  "umap1": 0.0648826121583318,
  "umap2": 0.7042651137733767
}