{
  "No direct optim ancestor": "None",
  "umap1": 0.6266164495528914,
  "umap2": 0.441067802058843
}