{
  "No direct optim ancestor": "None",
  "umap1": 0.23269253858512873,
  "umap2": 0.5405573453411724
}