{
  "No direct optim ancestor": "None",
  "umap1": 0.7729829108630328,
  "umap2": 0.2647068808854941
}