{
  "No direct optim ancestor": "None",
  "umap1": 0.7326698987543004,
  "umap2": 0.635474174121913
}