{
  "No direct optim ancestor": "None",
  "umap1": 0.6642046489036432,
  "umap2": 0.9752175047781176
}