{
  "No direct optim ancestor": "None",
  "umap1": 0.8904803517653482,
  "umap2": 0.7853233301816788
}