{
  "No direct optim ancestor": "None",
  "umap1": 0.16131723313173785,
  "umap2": 0.6284368244003014
}