{
  "No direct optim ancestor": "None",
  "umap1": 0.8748615322868749,
  "umap2": 0.022531411738486717
}