{
  "No direct optim ancestor": "None",
  "umap1": 0.7558246815528914,
  "umap2": 0.9356169953809204
}