{
  "No direct optim ancestor": "None",
  "umap1": 0.3846200017706026,
  "umap2": 0.9661738659060145
}