{
  "No direct optim ancestor": "None",
  "umap1": 0.8368553326892293,
  "umap2": 0.983813088854532
}