{
  "No direct optim ancestor": "None",
  "umap1": 0.4052667307524942,
  "umap2": 0.017060804590837697
}