{
  "No direct optim ancestor": "None",
  "umap1": 0.36792480731698163,
  "umap2": 0.6906208953648317
}