{
  "No direct optim ancestor": "None",
  "umap1": 0.10987589464974301,
  "umap2": 0.33782902688642846
}