{
  "No direct optim ancestor": "None",
  "umap1": 0.0817982535587024,
  "umap2": 0.17194736054433746
}