{
  "No direct optim ancestor": "None",
  "umap1": 0.3376582829202962,
  "umap2": 0.03261793071274599
}