{
  "No direct optim ancestor": "None",
  "umap1": 0.2964400767120928,
  "umap2": 0.6698104777765954
}