{
  "No direct optim ancestor": "None",
  "umap1": 0.4216275675127368,
  "umap2": 0.22342265680170614
}