{
  "No direct optim ancestor": "None",
  "umap1": 0.3454696900607872,
  "umap2": 0.4000816065241507
}