{
  "No direct optim ancestor": "None",
  "umap1": 0.2672002062136619,
  "umap2": 0.963337459941926
}