{
  "No direct optim ancestor": "None",
  "umap1": 0.663090421088735,
  "umap2": 0.6866513830133384
}