{
  "No direct optim ancestor": "None",
  "umap1": 0.18991954535517008,
  "umap2": 0.5904497051330806
}