{
  "No direct optim ancestor": "None",
  "umap1": 0.3472677580173156,
  "umap2": 0.5840358046983202
}