{
  "No direct optim ancestor": "None",
  "umap1": 0.838164571486051,
  "umap2": 0.7781438235962967
}