{
  "No direct optim ancestor": "None",
  "umap1": 0.19559424766993183,
  "umap2": 0.31904570099581253
}