{
  "No direct optim ancestor": "None",
  "umap1": 0.500852546931587,
  "umap2": 0.48685486001487377
}