{
  "No direct optim ancestor": "None",
  "umap1": 0.5631163265885516,
  "umap2": 0.09394947608509441
}