{
  "No direct optim ancestor": "None",
  "umap1": 0.8372316605209721,
  "umap2": 0.3981758893910162
}