{
  "No direct optim ancestor": "None",
  "umap1": 0.17223754726200957,
  "umap2": 0.4730549750556151
}