{
  "No direct optim ancestor": "None",
  "umap1": 0.18753197347654693,
  "umap2": 0.3875418264231668
}