{
  "No direct optim ancestor": "None",
  "umap1": 0.7646427737059917,
  "umap2": 0.6804456213498435
}