{
  "No direct optim ancestor": "None",
  "umap1": 0.6173542167268302,
  "umap2": 0.5975678192840983
}