{
  "No direct optim ancestor": "None",
  "umap1": 0.8576846710936377,
  "umap2": 0.7728371545931245
}