{
  "No direct optim ancestor": "None",
  "umap1": 0.650345318384373,
  "umap2": 0.4821655402130123
}