{
  "No direct optim ancestor": "None",
  "umap1": 0.9919016418625474,
  "umap2": 0.6002622614825235
}