{
  "No direct optim ancestor": "None",
  "umap1": 0.8119267958814936,
  "umap2": 0.7334468116137111
}