{
  "Direct optim goal": "a photo of a red seven-pointed star with green outline",
  "umap1": 0.8613883359861935,
  "umap2": 0.4360309658664292
}