{
  "No direct optim ancestor": "None",
  "umap1": 0.5557561224208173,
  "umap2": 0.3755061128270186
}