{
  "No direct optim ancestor": "None",
  "umap1": 0.6433994139036016,
  "umap2": 0.24431953643469784
}