{
  "No direct optim ancestor": "None",
  "umap1": 0.8621134518446683,
  "umap2": 0.5315620011472701
}