{
  "No direct optim ancestor": "None",
  "umap1": 0.8192615345918702,
  "umap2": 0.9003242062940753
}