{
  "No direct optim ancestor": "None",
  "umap1": 0.139376084420189,
  "umap2": 0.08444286378904486
}