{
  "No direct optim ancestor": "None",
  "umap1": 0.7834195015608684,
  "umap2": 0.6338802763874143
}