{
  "No direct optim ancestor": "None",
  "umap1": 0.20815083805664925,
  "umap2": 0.06383344836601801
}