{
  "No direct optim ancestor": "None",
  "umap1": 0.3022972513801345,
  "umap2": 0.918674281120221
}