{
  "No direct optim ancestor": "None",
  "umap1": 0.7925183570706098,
  "umap2": 0.7093569012103155
}