{
  "No direct optim ancestor": "None",
  "umap1": 0.5087688780395495,
  "umap2": 0.5552207988987325
}