{
  "No direct optim ancestor": "None",
  "umap1": 0.3962763556122265,
  "umap2": 0.9937624037448011
}