{
  "No direct optim ancestor": "None",
  "umap1": 0.6454506938145698,
  "umap2": 0.45114948791454557
}