{
  "No direct optim ancestor": "None",
  "umap1": 0.6913037497513997,
  "umap2": 0.35343918441133804
}