{
  "No direct optim ancestor": "None",
  "umap1": 0.28990885298080316,
  "umap2": 0.41123551497207067
}