{
  "No direct optim ancestor": "None",
  "umap1": 0.03910589072586501,
  "umap2": 0.9305169657194763
}