{
  "No direct optim ancestor": "None",
  "umap1": 0.6235988013782982,
  "umap2": 0.5521801278621693
}