{
  "No direct optim ancestor": "None",
  "umap1": 0.3707113050226991,
  "umap2": 0.09269627901197508
}