{
  "No direct optim ancestor": "None",
  "umap1": 0.22959878478105789,
  "umap2": 0.640358919018216
}