{
  "No direct optim ancestor": "None",
  "umap1": 0.1102314916927638,
  "umap2": 0.16165160687437208
}