{
  "No direct optim ancestor": "None",
  "umap1": 0.9523431029245679,
  "umap2": 0.7244909557188547
}