{
  "No direct optim ancestor": "None",
  "umap1": 0.14870502509333838,
  "umap2": 0.655866816011596
}