{
  "No direct optim ancestor": "None",
  "umap1": 0.5013162567676264,
  "umap2": 0.154870359660913
}