{
  "No direct optim ancestor": "None",
  "umap1": 0.45694968691615323,
  "umap2": 0.6795890366665807
}