{
  "No direct optim ancestor": "None",
  "umap1": 0.37391829118213893,
  "umap2": 0.44474469966449004
}