{
  "No direct optim ancestor": "None",
  "umap1": 0.9794296944012075,
  "umap2": 0.10313619261623297
}