{
  "No direct optim ancestor": "None",
  "umap1": 0.18096320717661252,
  "umap2": 0.7951441825920483
}