{
  "No direct optim ancestor": "None",
  "umap1": 0.5860437951194569,
  "umap2": 0.810817503728049
}