{
  "No direct optim ancestor": "None",
  "umap1": 0.6798958855096902,
  "umap2": 0.3725305579375934
}