{
  "No direct optim ancestor": "None",
  "umap1": 0.14911002527568484,
  "umap2": 0.1810438753700072
}