{
  "No direct optim ancestor": "None",
  "umap1": 0.3765888405124661,
  "umap2": 0.18471353053602257
}