{
  "No direct optim ancestor": "None",
  "umap1": 0.416132350467183,
  "umap2": 0.7482694395198255
}