{
  "No direct optim ancestor": "None",
  "umap1": 0.47976026075096057,
  "umap2": 0.7916473680446683
}