{
  "No direct optim ancestor": "None",
  "umap1": 0.5014293992238508,
  "umap2": 0.6483702024576236
}