{
  "No direct optim ancestor": "None",
  "umap1": 0.4032209807400138,
  "umap2": 0.6880229599579772
}