{
  "No direct optim ancestor": "None",
  "umap1": 0.13202596077609163,
  "umap2": 0.5247063276317763
}