{
  "No direct optim ancestor": "None",
  "umap1": 0.8206787878294192,
  "umap2": 0.0345200052152832
}