{
  "No direct optim ancestor": "None",
  "umap1": 0.9474522917046336,
  "umap2": 0.9248326987577772
}