{
  "No direct optim ancestor": "None",
  "umap1": 0.22495744643289217,
  "umap2": 0.8345214667633647
}