{
  "No direct optim ancestor": "None",
  "umap1": 0.4503042489869118,
  "umap2": 0.9587770420886926
}