{
  "No direct optim ancestor": "None",
  "umap1": 0.11858971188665224,
  "umap2": 0.8783017697239307
}