{
  "No direct optim ancestor": "None",
  "umap1": 0.2785273548364141,
  "umap2": 0.5126122717359595
}