{
  "No direct optim ancestor": "None",
  "umap1": 0.6337287932255681,
  "umap2": 0.5790997520861058
}