{
  "No direct optim ancestor": "None",
  "umap1": 0.14961726413859378,
  "umap2": 0.903388646276957
}