{
  "No direct optim ancestor": "None",
  "umap1": 0.7561702076435761,
  "umap2": 0.7211838014908332
}