{
  "No direct optim ancestor": "None",
  "umap1": 0.5786252531962419,
  "umap2": 0.6424994284772341
}