{
  "No direct optim ancestor": "None",
  "umap1": 0.560942343109575,
  "umap2": 0.7157054020798765
}