{
  "No direct optim ancestor": "None",
  "umap1": 0.7877533753271789,
  "umap2": 0.40197635815387767
}