{
  "No direct optim ancestor": "None",
  "umap1": 0.8868115189176461,
  "umap2": 0.8195430903236718
}