{
  "No direct optim ancestor": "None",
  "umap1": 0.2740917250357753,
  "umap2": 0.2042581951239275
}