{
  "No direct optim ancestor": "None",
  "umap1": 0.6420385490631827,
  "umap2": 0.09491742221051269
}