{
  "No direct optim ancestor": "None",
  "umap1": 0.1351098003941248,
  "umap2": 0.5729666189875905
}