{
  "No direct optim ancestor": "None",
  "umap1": 0.01830255440697126,
  "umap2": 0.28213301743025043
}