{
  "No direct optim ancestor": "None",
  "umap1": 0.7146738048267226,
  "umap2": 0.8948490543753151
}