{
  "No direct optim ancestor": "None",
  "umap1": 0.8142881884130266,
  "umap2": 0.3647625351223934
}