{
  "No direct optim ancestor": "None",
  "umap1": 0.35786074978866134,
  "umap2": 0.6411522146063088
}