{
  "No direct optim ancestor": "None",
  "umap1": 0.9330593545157697,
  "umap2": 0.7666947133374588
}