{
  "No direct optim ancestor": "None",
  "umap1": 0.12824610921726376,
  "umap2": 0.05516034888670096
}