{
  "No direct optim ancestor": "None",
  "umap1": 0.13348504675320594,
  "umap2": 0.7333526523010587
}