{
  "No direct optim ancestor": "None",
  "umap1": 0.16057367186562566,
  "umap2": 0.36399720184898277
}