{
  "No direct optim ancestor": "None",
  "umap1": 0.9363794284392166,
  "umap2": 0.8125812661730162
}