{
  "No direct optim ancestor": "None",
  "umap1": 0.8769179148438964,
  "umap2": 0.33954123039611095
}