{
  "No direct optim ancestor": "None",
  "umap1": 0.71735594115451,
  "umap2": 0.4335240589041581
}