{
  "No direct optim ancestor": "None",
  "umap1": 0.7285862969137286,
  "umap2": 0.2944109976472219
}