{
  "No direct optim ancestor": "None",
  "umap1": 0.035351830143186436,
  "umap2": 0.5201330401679911
}