{
  "No direct optim ancestor": "None",
  "umap1": 0.8155483731980093,
  "umap2": 0.9919638598320898
}