{
  "No direct optim ancestor": "None",
  "umap1": 0.5913832444889789,
  "umap2": 0.059204503660568175
}