{
  "No direct optim ancestor": "None",
  "umap1": 0.6581076485783854,
  "umap2": 0.5544107378056967
}