{
  "No direct optim ancestor": "None",
  "umap1": 0.9195612292392276,
  "umap2": 0.241839807869193
}