{
  "No direct optim ancestor": "None",
  "umap1": 0.4640158215553982,
  "umap2": 0.9776658083470913
}