{
  "No direct optim ancestor": "None",
  "umap1": 0.49443827692476705,
  "umap2": 0.9139871614127122
}