{
  "No direct optim ancestor": "None",
  "umap1": 0.002656208302867058,
  "umap2": 0.9621486316262556
}