{
  "No direct optim ancestor": "None",
  "umap1": 0.5392499651740819,
  "umap2": 0.38283504480998376
}