{
  "No direct optim ancestor": "None",
  "umap1": 0.3536411640579259,
  "umap2": 0.7214732214266462
}