{
  "No direct optim ancestor": "None",
  "umap1": 0.8893640544731063,
  "umap2": 0.17108029118521062
}