{
  "No direct optim ancestor": "None",
  "umap1": 0.6241227694072683,
  "umap2": 0.9454135375794914
}