{
  "No direct optim ancestor": "None",
  "umap1": 0.3139214379490066,
  "umap2": 0.44865373149532395
}