{
  "No direct optim ancestor": "None",
  "umap1": 0.18231596634519476,
  "umap2": 0.6688431430325085
}