{
  "No direct optim ancestor": "None",
  "umap1": 0.7416603597768026,
  "umap2": 0.87611193981287
}