{
  "No direct optim ancestor": "None",
  "umap1": 0.36973025575518603,
  "umap2": 0.4342657714769955
}