{
  "No direct optim ancestor": "None",
  "umap1": 0.8338800057196134,
  "umap2": 0.8437780190888444
}