{
  "No direct optim ancestor": "None",
  "umap1": 0.19448686316865904,
  "umap2": 0.24625208489286088
}