{
  "No direct optim ancestor": "None",
  "umap1": 0.018982670410596203,
  "umap2": 0.26625023681770776
}