{
  "No direct optim ancestor": "None",
  "umap1": 0.6021463837528217,
  "umap2": 0.8499762842188345
}