{
  "No direct optim ancestor": "None",
  "umap1": 0.9980171594365979,
  "umap2": 0.40473911030669585
}