{
  "No direct optim ancestor": "None",
  "umap1": 0.4390639561040206,
  "umap2": 0.17684578131869944
}