{
  "No direct optim ancestor": "None",
  "umap1": 0.9226662491918145,
  "umap2": 0.3810292826822719
}