{
  "No direct optim ancestor": "None",
  "umap1": 0.8622577941796038,
  "umap2": 0.8160175828051558
}