{
  "No direct optim ancestor": "None",
  "umap1": 0.7366029050869085,
  "umap2": 0.3642833145679011
}