{
  "No direct optim ancestor": "None",
  "umap1": 0.04768323308826761,
  "umap2": 0.07252044099245392
}