{
  "No direct optim ancestor": "None",
  "umap1": 0.8159266374585689,
  "umap2": 0.19120298669593805
}