{
  "No direct optim ancestor": "None",
  "umap1": 0.36654399021291684,
  "umap2": 0.17939526189622157
}