{
  "No direct optim ancestor": "None",
  "umap1": 0.17346061371740018,
  "umap2": 0.431473675765094
}