{
  "No direct optim ancestor": "None",
  "umap1": 0.8538032935646159,
  "umap2": 0.9035654941184305
}