{
  "No direct optim ancestor": "None",
  "umap1": 0.6843856819373618,
  "umap2": 0.5895549892256319
}