{
  "No direct optim ancestor": "None",
  "umap1": 0.7434939150818787,
  "umap2": 0.358343791569974
}