{
  "No direct optim ancestor": "None",
  "umap1": 0.5786463084276624,
  "umap2": 0.9325075722720053
}