{
  "No direct optim ancestor": "None",
  "umap1": 0.8275587839065572,
  "umap2": 0.5379987774561952
}