{
  "No direct optim ancestor": "None",
  "umap1": 0.8298109673621612,
  "umap2": 0.030855313698564535
}