{
  "No direct optim ancestor": "None",
  "umap1": 0.7859605996496238,
  "umap2": 0.9535127007714937
}