{
  "No direct optim ancestor": "None",
  "umap1": 0.40920903093253325,
  "umap2": 0.02028544972060664
}