{
  "No direct optim ancestor": "None",
  "umap1": 0.6867417408997056,
  "umap2": 0.5886440375590908
}