{
  "No direct optim ancestor": "None",
  "umap1": 0.19333909109286385,
  "umap2": 0.07087379586611142
}