{
  "No direct optim ancestor": "None",
  "umap1": 0.4061152471521974,
  "umap2": 0.46589518749017866
}