{
  "No direct optim ancestor": "None",
  "umap1": 0.778850748063244,
  "umap2": 0.8727252074717775
}