{
  "No direct optim ancestor": "None",
  "umap1": 0.8982422625621337,
  "umap2": 0.6738228376266034
}