{
  "No direct optim ancestor": "None",
  "umap1": 0.9979392207262321,
  "umap2": 0.7556132590457357
}