{
  "No direct optim ancestor": "None",
  "umap1": 0.01761362839540892,
  "umap2": 0.38282123161502446
}