{
  "No direct optim ancestor": "None",
  "umap1": 0.43595295238167575,
  "umap2": 0.7630184630151802
}