{
  "No direct optim ancestor": "None",
  "umap1": 0.7479672773434758,
  "umap2": 0.6238583883803311
}