{
  "No direct optim ancestor": "None",
  "umap1": 0.3288487931116737,
  "umap2": 0.3547614387549204
}