{
  "No direct optim ancestor": "None",
  "umap1": 0.7771520625318755,
  "umap2": 0.6717047980069125
}