{
  "No direct optim ancestor": "None",
  "umap1": 0.2985587180099625,
  "umap2": 0.7509182476776776
}