{
  "No direct optim ancestor": "None",
  "umap1": 0.8464448347856314,
  "umap2": 0.1786649349924997
}