{
  "No direct optim ancestor": "None",
  "umap1": 0.23855742867357088,
  "umap2": 0.6430046598635544
}