{
  "No direct optim ancestor": "None",
  "umap1": 0.4398437010168511,
  "umap2": 0.24654857627678495
}