{
  "No direct optim ancestor": "None",
  "umap1": 0.547756234931307,
  "umap2": 0.7208845881761287
}