{
  "No direct optim ancestor": "None",
  "umap1": 0.8636529759305326,
  "umap2": 0.09585275523877235
}