{
  "No direct optim ancestor": "None",
  "umap1": 0.8912104376253551,
  "umap2": 0.16145811052159087
}