{
  "No direct optim ancestor": "None",
  "umap1": 0.6535098405130603,
  "umap2": 0.3472318102630868
}