{
  "No direct optim ancestor": "None",
  "umap1": 0.1673647887123354,
  "umap2": 0.36682406027064174
}