{
  "No direct optim ancestor": "None",
  "umap1": 0.03329617409328833,
  "umap2": 0.0573275430455058
}