{
  "No direct optim ancestor": "None",
  "umap1": 0.027790130063779728,
  "umap2": 0.908178867996975
}