{
  "No direct optim ancestor": "None",
  "umap1": 0.13546816951588458,
  "umap2": 0.8137220532993712
}