{
  "No direct optim ancestor": "None",
  "umap1": 0.5971326535674583,
  "umap2": 0.3936635574044116
}