{
  "No direct optim ancestor": "None",
  "umap1": 0.5523344206015126,
  "umap2": 0.5275766218769226
}