{
  "No direct optim ancestor": "None",
  "umap1": 0.02346702730433603,
  "umap2": 0.16041674625992952
}