{
  "No direct optim ancestor": "None",
  "umap1": 0.8300741461058675,
  "umap2": 0.35615147023319105
}