{
  "No direct optim ancestor": "None",
  "umap1": 0.7401491163129165,
  "umap2": 0.8788394592420836
}