{
  "No direct optim ancestor": "None",
  "umap1": 0.8141805314915528,
  "umap2": 0.569969297069112
}