{
  "No direct optim ancestor": "None",
  "umap1": 0.5131948631674126,
  "umap2": 0.026707627141449697
}