{
  "No direct optim ancestor": "None",
  "umap1": 0.1592150366346019,
  "umap2": 0.5808810823226378
}