{
  "No direct optim ancestor": "None",
  "umap1": 0.38575408447436,
  "umap2": 0.7770917764646627
}