{
  "No direct optim ancestor": "None",
  "umap1": 0.11578843124604277,
  "umap2": 0.6774431668181177
}