{
  "No direct optim ancestor": "None",
  "umap1": 0.03610767082878552,
  "umap2": 0.05840178841023458
}