{
  "No direct optim ancestor": "None",
  "umap1": 0.8816838176881853,
  "umap2": 0.9958930984079776
}