{
  "No direct optim ancestor": "None",
  "umap1": 0.4866027407631678,
  "umap2": 0.5574126810707173
}