{
  "No direct optim ancestor": "None",
  "umap1": 0.33154883922031875,
  "umap2": 0.4684894660368114
}