{
  "No direct optim ancestor": "None",
  "umap1": 0.9480157726682653,
  "umap2": 0.35822932935954077
}