{
  "No direct optim ancestor": "None",
  "umap1": 0.11603207853549835,
  "umap2": 0.1385998462795761
}