{
  "No direct optim ancestor": "None",
  "umap1": 0.9391658731806634,
  "umap2": 0.14182504457005218
}