{
  "No direct optim ancestor": "None",
  "umap1": 0.833083118935865,
  "umap2": 0.9475929516872003
}