{
  "No direct optim ancestor": "None",
  "umap1": 0.7295463060751594,
  "umap2": 0.821795581993495
}