{
  "No direct optim ancestor": "None",
  "umap1": 0.7140889710792134,
  "umap2": 0.24979429355312066
}