{
  "No direct optim ancestor": "None",
  "umap1": 0.7791365338405954,
  "umap2": 0.8651790919733485
}