{
  "No direct optim ancestor": "None",
  "umap1": 0.6380491994723532,
  "umap2": 0.6848492831504871
}