{
  "No direct optim ancestor": "None",
  "umap1": 0.5605473126592706,
  "umap2": 0.8898545508923125
}