{
  "No direct optim ancestor": "None",
  "umap1": 0.7339587521031807,
  "umap2": 0.5218130655460388
}