{
  "No direct optim ancestor": "None",
  "umap1": 0.3968174441594243,
  "umap2": 0.22468450262097406
}