{
  "No direct optim ancestor": "None",
  "umap1": 0.6896334843477431,
  "umap2": 0.2828067912672336
}