{
  "No direct optim ancestor": "None",
  "umap1": 0.46753161271403176,
  "umap2": 0.13484578638691025
}