{
  "No direct optim ancestor": "None",
  "umap1": 0.7179018212594339,
  "umap2": 0.2692975761802253
}