{
  "No direct optim ancestor": "None",
  "umap1": 0.9289841088530125,
  "umap2": 0.48981517554199916
}