{
  "No direct optim ancestor": "None",
  "umap1": 0.48909419552023237,
  "umap2": 0.5483087588772269
}