{
  "No direct optim ancestor": "None",
  "umap1": 0.35102589985015253,
  "umap2": 0.018135276850995585
}