{
  "No direct optim ancestor": "None",
  "umap1": 0.6594910498866683,
  "umap2": 0.5653079788646473
}