{
  "No direct optim ancestor": "None",
  "umap1": 0.32614435055375035,
  "umap2": 0.6510599894147376
}