{
  "No direct optim ancestor": "None",
  "umap1": 0.04188751405406166,
  "umap2": 0.509196233505863
}