{
  "No direct optim ancestor": "None",
  "umap1": 0.8178581539793711,
  "umap2": 0.3382376877798581
}