{
  "No direct optim ancestor": "None",
  "umap1": 0.8536145940065093,
  "umap2": 0.24159703072125427
}