{
  "No direct optim ancestor": "None",
  "umap1": 0.12747586473805816,
  "umap2": 0.4057255825513285
}