{
  "No direct optim ancestor": "None",
  "umap1": 0.906478145616413,
  "umap2": 0.13652530367924243
}