{
  "No direct optim ancestor": "None",
  "umap1": 0.8943726347445871,
  "umap2": 0.3529652302421781
}