{
  "No direct optim ancestor": "None",
  "umap1": 0.5839105433066824,
  "umap2": 0.6150776714865005
}