{
  "No direct optim ancestor": "None",
  "umap1": 0.11075412470270296,
  "umap2": 0.19581276205841025
}