{
  "No direct optim ancestor": "None",
  "umap1": 0.2846443853263869,
  "umap2": 0.8496177579806845
}