{
  "No direct optim ancestor": "None",
  "umap1": 0.7626966608401479,
  "umap2": 0.36777788060041317
}