{
  "No direct optim ancestor": "None",
  "umap1": 0.1517877122870045,
  "umap2": 0.7220924774284774
}