{
  "No direct optim ancestor": "None",
  "umap1": 0.6574676704889796,
  "umap2": 0.976860601651947
}