{
  "No direct optim ancestor": "None",
  "umap1": 0.9598337995024395,
  "umap2": 0.2805192123207598
}