{
  "No direct optim ancestor": "None",
  "umap1": 0.6780529751590554,
  "umap2": 0.04646416327262093
}