{
  "No direct optim ancestor": "None",
  "umap1": 0.15341520744656612,
  "umap2": 0.11933190234113633
}