{
  "No direct optim ancestor": "None",
  "umap1": 0.8092433568191653,
  "umap2": 0.5365814026711984
}