{
  "No direct optim ancestor": "None",
  "umap1": 0.678031776303004,
  "umap2": 0.5011517536516287
}