{
  "No direct optim ancestor": "None",
  "umap1": 0.25532126239983166,
  "umap2": 0.2387873992944578
}