{
  "No direct optim ancestor": "None",
  "umap1": 0.668632049061873,
  "umap2": 0.1642004104283381
}