{
  "No direct optim ancestor": "None",
  "umap1": 0.5734451482937554,
  "umap2": 0.23522659234625876
}