{
  "No direct optim ancestor": "None",
  "umap1": 0.5729085374190027,
  "umap2": 0.8919760809670988
}