{
  "No direct optim ancestor": "None",
  "umap1": 0.500632700241381,
  "umap2": 0.11932813064329417
}