{
  "No direct optim ancestor": "None",
  "umap1": 0.04308301189197106,
  "umap2": 0.04801897077228712
}