{
  "No direct optim ancestor": "None",
  "umap1": 0.33428341251540195,
  "umap2": 0.3782014609532901
}