{
  "No direct optim ancestor": "None",
  "umap1": 0.3943400538189662,
  "umap2": 0.5223969291472935
}