{
  "No direct optim ancestor": "None",
  "umap1": 0.6300822946582201,
  "umap2": 0.8664046714840618
}