{
  "No direct optim ancestor": "None",
  "umap1": 0.16884269032286647,
  "umap2": 0.48086483192987806
}