{
  "No direct optim ancestor": "None",
  "umap1": 0.34828714364126356,
  "umap2": 0.4431567025854186
}