{
  "No direct optim ancestor": "None",
  "umap1": 0.02444008865690539,
  "umap2": 0.02061875985343886
}