{
  "Ancestor's direct optim goal": "a mandala of eight red triangles with green dots",
  "umap1": 0.3198330665640766,
  "umap2": 0.8940476023727879
}