{
  "No direct optim ancestor": "None",
  "umap1": 0.2668587756358737,
  "umap2": 0.7992095345695093
}