{
  "No direct optim ancestor": "None",
  "umap1": 0.2894764365204566,
  "umap2": 0.276792647406641
}