{
  "No direct optim ancestor": "None",
  "umap1": 0.25734085485762215,
  "umap2": 0.1912775308965824
}