{
  "No direct optim ancestor": "None",
  "umap1": 0.06084587850498502,
  "umap2": 0.42991208480176546
}