{
  "No direct optim ancestor": "None",
  "umap1": 0.1134296169543777,
  "umap2": 0.8584097607022497
}