{
  "No direct optim ancestor": "None",
  "umap1": 0.3225051698248004,
  "umap2": 0.7051308109543305
}