{
  "No direct optim ancestor": "None",
  "umap1": 0.23120974657393456,
  "umap2": 0.6812147831019482
}