{
  "No direct optim ancestor": "None",
  "umap1": 0.4390442672317286,
  "umap2": 0.1539937702991152
}