{
  "No direct optim ancestor": "None",
  "umap1": 0.7549994240697304,
  "umap2": 0.07028481566194467
}