{
  "No direct optim ancestor": "None",
  "umap1": 0.9009425400204413,
  "umap2": 0.9567260662551872
}