{
  "No direct optim ancestor": "None",
  "umap1": 0.09952583344193844,
  "umap2": 0.8178855060860083
}