{
  "No direct optim ancestor": "None",
  "umap1": 0.7689036794387218,
  "umap2": 0.17661475594411213
}