{
  "No direct optim ancestor": "None",
  "umap1": 0.7309866522584333,
  "umap2": 0.6522562074690267
}