{
  "No direct optim ancestor": "None",
  "umap1": 0.8674972947409537,
  "umap2": 0.09662654884719613
}