{
  "No direct optim ancestor": "None",
  "umap1": 0.14563495295416007,
  "umap2": 0.6020940938926213
}