{
  "No direct optim ancestor": "None",
  "umap1": 0.7573470552859121,
  "umap2": 0.6434115916000385
}