{
  "No direct optim ancestor": "None",
  "umap1": 0.8909163976187373,
  "umap2": 0.00012035818035938117
}