{
  "No direct optim ancestor": "None",
  "umap1": 0.6100221848642354,
  "umap2": 0.6775566759317998
}