{
  "No direct optim ancestor": "None",
  "umap1": 0.9234990245199429,
  "umap2": 0.11165197480217082
}