{
  "No direct optim ancestor": "None",
  "umap1": 0.8718953050760125,
  "umap2": 0.6207736453748269
}