{
  "No direct optim ancestor": "None",
  "umap1": 0.9388252786055269,
  "umap2": 0.48765826981327476
}