{
  "No direct optim ancestor": "None",
  "umap1": 0.8030202304212892,
  "umap2": 0.9446289019489691
}