{
  "No direct optim ancestor": "None",
  "umap1": 0.14196865987764073,
  "umap2": 0.7333422505715761
}