{
  "No direct optim ancestor": "None",
  "umap1": 0.781255942425986,
  "umap2": 0.381372392718882
}