{
  "No direct optim ancestor": "None",
  "umap1": 0.8284844143518304,
  "umap2": 0.16650689994709877
}