{
  "No direct optim ancestor": "None",
  "umap1": 0.7851595611386102,
  "umap2": 0.5257029211122513
}