{
  "No direct optim ancestor": "None",
  "umap1": 0.4456554857191596,
  "umap2": 0.6408011214389727
}