{
  "No direct optim ancestor": "None",
  "umap1": 0.5620394984446244,
  "umap2": 0.8584616577145354
}