{
  "No direct optim ancestor": "None",
  "umap1": 0.0730610869172641,
  "umap2": 0.6794917101743082
}