{
  "No direct optim ancestor": "None",
  "umap1": 0.7756033732858836,
  "umap2": 0.7282076795010913
}