{
  "No direct optim ancestor": "None",
  "umap1": 0.38665725974809784,
  "umap2": 0.5528427977986385
}