{
  "No direct optim ancestor": "None",
  "umap1": 0.07962250389837666,
  "umap2": 0.5083774411162911
}