{
  "No direct optim ancestor": "None",
  "umap1": 0.010104878872433054,
  "umap2": 0.8432876979934286
}