{
  "No direct optim ancestor": "None",
  "umap1": 0.11564540744786755,
  "umap2": 0.9130915390185823
}