{
  "No direct optim ancestor": "None",
  "umap1": 0.5039553268775417,
  "umap2": 0.9182945747117789
}