{
  "No direct optim ancestor": "None",
  "umap1": 0.35142445607268646,
  "umap2": 0.8888647234188339
}