{
  "No direct optim ancestor": "None",
  "umap1": 0.6338480619543457,
  "umap2": 0.09079800388005188
}