{
  "No direct optim ancestor": "None",
  "umap1": 0.6957839962101339,
  "umap2": 0.7078697888877554
}