{
  "No direct optim ancestor": "None",
  "umap1": 0.3137451102023786,
  "umap2": 0.9627563253279022
}