{
  "No direct optim ancestor": "None",
  "umap1": 0.27426211115113275,
  "umap2": 0.8156988923315016
}