{
  "No direct optim ancestor": "None",
  "umap1": 0.05669483124571717,
  "umap2": 0.9094642359849155
}