{
  "No direct optim ancestor": "None",
  "umap1": 0.6189888537084958,
  "umap2": 0.84145873975415
}