{
  "No direct optim ancestor": "None",
  "umap1": 0.45008359462020353,
  "umap2": 0.9287609281024023
}