{
  "No direct optim ancestor": "None",
  "umap1": 0.3880472734522775,
  "umap2": 0.25367577885935966
}