{
  "No direct optim ancestor": "None",
  "umap1": 0.9300959210226801,
  "umap2": 0.7713329549158171
}