{
  "No direct optim ancestor": "None",
  "umap1": 0.6200237140610086,
  "umap2": 0.547205168826924
}