{
  "No direct optim ancestor": "None",
  "umap1": 0.3721111716398334,
  "umap2": 0.4962732221437798
}