{
  "No direct optim ancestor": "None",
  "umap1": 0.6933574267354929,
  "umap2": 0.46557701084726977
}