{
  "No direct optim ancestor": "None",
  "umap1": 0.7672415749534713,
  "umap2": 0.7032753742441791
}