{
  "No direct optim ancestor": "None",
  "umap1": 0.3437195862482295,
  "umap2": 0.09374945818479075
}