{
  "No direct optim ancestor": "None",
  "umap1": 0.3459863249027175,
  "umap2": 0.11053439432592271
}