{
  "No direct optim ancestor": "None",
  "umap1": 0.6012246626433938,
  "umap2": 0.9502939471780115
}