{
  "No direct optim ancestor": "None",
  "umap1": 0.5691491983785951,
  "umap2": 0.5503849828206839
}