{
  "No direct optim ancestor": "None",
  "umap1": 0.9584663969765359,
  "umap2": 0.7104052115102575
}