{
  "No direct optim ancestor": "None",
  "umap1": 0.4098952519557827,
  "umap2": 0.8744387140515129
}