{
  "No direct optim ancestor": "None",
  "umap1": 0.8960028467441208,
  "umap2": 0.1426191710340986
}