{
  "No direct optim ancestor": "None",
  "umap1": 0.025816606544684317,
  "umap2": 0.47579971456425396
}