{
  "No direct optim ancestor": "None",
  "umap1": 0.572779559476113,
  "umap2": 0.6996536382312993
}