{
  "No direct optim ancestor": "None",
  "umap1": 0.8861423523798816,
  "umap2": 0.31908581655837276
}