{
  "No direct optim ancestor": "None",
  "umap1": 0.10178296871814252,
  "umap2": 0.4719028784451207
}