{
  "No direct optim ancestor": "None",
  "umap1": 0.9787714577487396,
  "umap2": 0.9914038257496656
}