{
  "No direct optim ancestor": "None",
  "umap1": 0.9538272454323034,
  "umap2": 0.7532498348452737
}