{
  "No direct optim ancestor": "None",
  "umap1": 0.6345180108334572,
  "umap2": 0.6149088652117081
}