{
  "No direct optim ancestor": "None",
  "umap1": 0.3006980966311714,
  "umap2": 0.31178174720193097
}