{
  "No direct optim ancestor": "None",
  "umap1": 0.4723010662775544,
  "umap2": 0.888121727302166
}