{
  "No direct optim ancestor": "None",
  "umap1": 0.04911505485310197,
  "umap2": 0.43914829579778947
}