{
  "No direct optim ancestor": "None",
  "umap1": 0.00948561119704494,
  "umap2": 0.9762982659178769
}