{
  "No direct optim ancestor": "None",
  "umap1": 0.6136365997773078,
  "umap2": 0.4036306028205334
}