{
  "No direct optim ancestor": "None",
  "umap1": 0.9841861659345699,
  "umap2": 0.48260420655627556
}