{
  "No direct optim ancestor": "None",
  "umap1": 0.19592568519791909,
  "umap2": 0.6614701154342469
}