{
  "No direct optim ancestor": "None",
  "umap1": 0.40410397906658946,
  "umap2": 0.9636813744261874
}