{
  "No direct optim ancestor": "None",
  "umap1": 0.8299829207513971,
  "umap2": 0.821177265985498
}