{
  "No direct optim ancestor": "None",
  "umap1": 0.08009190837038738,
  "umap2": 0.42411495306205993
}