{
  "No direct optim ancestor": "None",
  "umap1": 0.2834532003824487,
  "umap2": 0.7186010976094964
}