{
  "No direct optim ancestor": "None",
  "umap1": 0.1837772240824629,
  "umap2": 0.5686358856280412
}