{
  "No direct optim ancestor": "None",
  "umap1": 0.4895927385099631,
  "umap2": 0.5767056970361705
}