{
  "No direct optim ancestor": "None",
  "umap1": 0.1976805464097634,
  "umap2": 0.3950536388866063
}