{
  "No direct optim ancestor": "None",
  "umap1": 0.18474193910712322,
  "umap2": 0.8966845028079599
}