{
  "No direct optim ancestor": "None",
  "umap1": 0.3690698027570056,
  "umap2": 0.07933578165140398
}