{
  "No direct optim ancestor": "None",
  "umap1": 0.612904246833573,
  "umap2": 0.23990617074950382
}