{
  "No direct optim ancestor": "None",
  "umap1": 0.9946656736297994,
  "umap2": 0.5362940758717929
}