{
  "No direct optim ancestor": "None",
  "umap1": 0.03396118797579051,
  "umap2": 0.5931713022275411
}