{
  "No direct optim ancestor": "None",
  "umap1": 0.4758908414555425,
  "umap2": 0.27162273878301335
}