{
  "No direct optim ancestor": "None",
  "umap1": 0.751211239954937,
  "umap2": 0.5364079318429019
}