{
  "No direct optim ancestor": "None",
  "umap1": 0.007438090261917996,
  "umap2": 0.5209846641631598
}