{
  "No direct optim ancestor": "None",
  "umap1": 0.14153542455818702,
  "umap2": 0.039744363310755815
}