{
  "No direct optim ancestor": "None",
  "umap1": 0.07199240286763087,
  "umap2": 0.9768961148444784
}