{
  "No direct optim ancestor": "None",
  "umap1": 0.1447886590651417,
  "umap2": 0.3632799784410605
}