{
  "No direct optim ancestor": "None",
  "umap1": 0.4414541068418407,
  "umap2": 0.7721209375317507
}