{
  "No direct optim ancestor": "None",
  "umap1": 0.3038207402364419,
  "umap2": 0.0576194051463792
}