{
  "No direct optim ancestor": "None",
  "umap1": 0.2818887251903184,
  "umap2": 0.6237565732694991
}