{
  "No direct optim ancestor": "None",
  "umap1": 0.0811749544539836,
  "umap2": 0.5321326139148946
}