{
  "No direct optim ancestor": "None",
  "umap1": 0.9447793134614575,
  "umap2": 0.6784967566372145
}