{
  "No direct optim ancestor": "None",
  "umap1": 0.8520402180370388,
  "umap2": 0.859902251558602
}