{
  "No direct optim ancestor": "None",
  "umap1": 0.4810919011809226,
  "umap2": 0.8872264146574441
}