{
  "No direct optim ancestor": "None",
  "umap1": 0.05015946941203475,
  "umap2": 0.5812879024382668
}