{
  "No direct optim ancestor": "None",
  "umap1": 0.7549690848864596,
  "umap2": 0.37375038684004214
}