{
  "No direct optim ancestor": "None",
  "umap1": 0.27666936120640584,
  "umap2": 0.5988971496935763
}