{
  "No direct optim ancestor": "None",
  "umap1": 0.6518247600125621,
  "umap2": 0.09354030909761968
}