{
  "No direct optim ancestor": "None",
  "umap1": 0.8035983265965845,
  "umap2": 0.948889127821744
}