{
  "No direct optim ancestor": "None",
  "umap1": 0.07451767542861287,
  "umap2": 0.6816766170492424
}