{
  "No direct optim ancestor": "None",
  "umap1": 0.24583550011574107,
  "umap2": 0.49633842352206103
}