{
  "No direct optim ancestor": "None",
  "umap1": 0.3991268834068544,
  "umap2": 0.36463355064964387
}