{
  "No direct optim ancestor": "None",
  "umap1": 0.5241506879339008,
  "umap2": 0.16847086429628033
}