{
  "No direct optim ancestor": "None",
  "umap1": 0.8910247722560822,
  "umap2": 0.6299501785406572
}