{
  "No direct optim ancestor": "None",
  "umap1": 0.9171572983133476,
  "umap2": 0.10191119300042839
}