{
  "No direct optim ancestor": "None",
  "umap1": 0.7395162262621578,
  "umap2": 0.27075543630929033
}