{
  "No direct optim ancestor": "None",
  "umap1": 0.9101781592167323,
  "umap2": 0.43988873779244253
}