{
  "No direct optim ancestor": "None",
  "umap1": 0.008254534969915128,
  "umap2": 0.5460482320337915
}