{
  "No direct optim ancestor": "None",
  "umap1": 0.5896137125891654,
  "umap2": 0.32207981793630547
}