{
  "No direct optim ancestor": "None",
  "umap1": 0.8055792917919852,
  "umap2": 0.5255874566053962
}