{
  "No direct optim ancestor": "None",
  "umap1": 0.2490197459068223,
  "umap2": 0.16174923813669762
}