{
  "No direct optim ancestor": "None",
  "umap1": 0.0251685522396653,
  "umap2": 0.7431787152221513
}