{
  "No direct optim ancestor": "None",
  "umap1": 0.9626703140618047,
  "umap2": 0.8432951161338035
}