{
  "No direct optim ancestor": "None",
  "umap1": 0.299772830892439,
  "umap2": 0.14028145235766232
}