{
  "No direct optim ancestor": "None",
  "umap1": 0.7901741936226752,
  "umap2": 0.8573719546935111
}