{
  "No direct optim ancestor": "None",
  "umap1": 0.046604368203374436,
  "umap2": 0.677803679996879
}