{
  "No direct optim ancestor": "None",
  "umap1": 0.43638124162172687,
  "umap2": 0.47434864901397833
}