{
  "No direct optim ancestor": "None",
  "umap1": 0.8706918859275796,
  "umap2": 0.1933912290679981
}