{
  "No direct optim ancestor": "None",
  "umap1": 0.8933173920041814,
  "umap2": 0.7369915829390931
}