{
  "No direct optim ancestor": "None",
  "umap1": 0.8267875547487271,
  "umap2": 0.412751509301876
}