{
  "No direct optim ancestor": "None",
  "umap1": 0.02029988945207195,
  "umap2": 0.5123984686569483
}