{
  "No direct optim ancestor": "None",
  "umap1": 0.1919035288840949,
  "umap2": 0.055112002584232544
}