{
  "No direct optim ancestor": "None",
  "umap1": 0.7674971046499585,
  "umap2": 0.09728718638108536
}