{
  "No direct optim ancestor": "None",
  "umap1": 0.6870606140015999,
  "umap2": 0.6408731784116146
}