{
  "No direct optim ancestor": "None",
  "umap1": 0.7736926614093135,
  "umap2": 0.17629639999655555
}