{
  "No direct optim ancestor": "None",
  "umap1": 0.12464539614473702,
  "umap2": 0.3022758917159979
}