{
  "No direct optim ancestor": "None",
  "umap1": 0.14311807032877621,
  "umap2": 0.21779559099737245
}