{
  "No direct optim ancestor": "None",
  "umap1": 0.6501385240388079,
  "umap2": 0.6185325855176591
}