{
  "No direct optim ancestor": "None",
  "umap1": 0.24448063869595515,
  "umap2": 0.25073690685378636
}