{
  "No direct optim ancestor": "None",
  "umap1": 0.06019745715816416,
  "umap2": 0.370011291427487
}