{
  "No direct optim ancestor": "None",
  "umap1": 0.19303475220128818,
  "umap2": 0.730935176629641
}