{
  "No direct optim ancestor": "None",
  "umap1": 0.6776600787171366,
  "umap2": 0.844380484920578
}