{
  "No direct optim ancestor": "None",
  "umap1": 0.48167109610574976,
  "umap2": 0.14040349650801243
}