{
  "No direct optim ancestor": "None",
  "umap1": 0.6883335963307681,
  "umap2": 0.8697217823571968
}