{
  "No direct optim ancestor": "None",
  "umap1": 0.8087921111498664,
  "umap2": 0.9739804740901533
}