{
  "No direct optim ancestor": "None",
  "umap1": 0.47605092339799904,
  "umap2": 0.8139290382599349
}