{
  "No direct optim ancestor": "None",
  "umap1": 0.3029650789298558,
  "umap2": 0.8425663023163195
}