{
  "No direct optim ancestor": "None",
  "umap1": 0.6215156119780632,
  "umap2": 0.4694418882301037
}