{
  "No direct optim ancestor": "None",
  "umap1": 0.4858549793460879,
  "umap2": 0.29415560031011345
}