{
  "No direct optim ancestor": "None",
  "umap1": 0.12104960123127351,
  "umap2": 0.3174153988660656
}