{
  "No direct optim ancestor": "None",
  "umap1": 0.6073066707933703,
  "umap2": 0.2119621895082776
}