{
  "No direct optim ancestor": "None",
  "umap1": 0.6382028899292508,
  "umap2": 0.2435259662805319
}