{
  "No direct optim ancestor": "None",
  "umap1": 0.30113395980414626,
  "umap2": 0.8438014795686656
}