{
  "No direct optim ancestor": "None",
  "umap1": 0.9745967884955443,
  "umap2": 0.842075956101785
}