{
  "No direct optim ancestor": "None",
  "umap1": 0.5115527725630608,
  "umap2": 0.7875772588051814
}