{
  "No direct optim ancestor": "None",
  "umap1": 0.77296415515505,
  "umap2": 0.7190932410258675
}