{
  "No direct optim ancestor": "None",
  "umap1": 0.632208383114255,
  "umap2": 0.3728963437262166
}