{
  "No direct optim ancestor": "None",
  "umap1": 0.9133081966934761,
  "umap2": 0.1437548186397163
}