{
  "No direct optim ancestor": "None",
  "umap1": 0.4505118701371308,
  "umap2": 0.036097919790511246
}