{
  "No direct optim ancestor": "None",
  "umap1": 0.5869816422057362,
  "umap2": 0.477022057160151
}