{
  "No direct optim ancestor": "None",
  "umap1": 0.5015948048295947,
  "umap2": 0.44375217898537045
}