{
  "No direct optim ancestor": "None",
  "umap1": 0.33526578420694453,
  "umap2": 0.886245406264693
}