{
  "No direct optim ancestor": "None",
  "umap1": 0.22057680943282987,
  "umap2": 0.4520212563075432
}