{
  "No direct optim ancestor": "None",
  "umap1": 0.5494913210959564,
  "umap2": 0.20906411039158812
}