{
  "No direct optim ancestor": "None",
  "umap1": 0.5996588705798356,
  "umap2": 0.012309795533751444
}