{
  "No direct optim ancestor": "None",
  "umap1": 0.9284166885285505,
  "umap2": 0.04203017246304286
}