{
  "No direct optim ancestor": "None",
  "umap1": 0.8009821386193747,
  "umap2": 0.18233735672729323
}