{
  "No direct optim ancestor": "None",
  "umap1": 0.44876237215755377,
  "umap2": 0.8689690361952614
}