{
  "No direct optim ancestor": "None",
  "umap1": 0.46191698089442346,
  "umap2": 0.5749192794383726
}