{
  "No direct optim ancestor": "None",
  "umap1": 0.1426729603592386,
  "umap2": 0.2807346977638804
}