{
  "No direct optim ancestor": "None",
  "umap1": 0.8638907061443779,
  "umap2": 0.5168865265218986
}