{
  "No direct optim ancestor": "None",
  "umap1": 0.8783736727487151,
  "umap2": 0.2931694346342
}