{
  "No direct optim ancestor": "None",
  "umap1": 0.42220627016640644,
  "umap2": 0.6658980403255484
}