{
  "No direct optim ancestor": "None",
  "umap1": 0.724497494431565,
  "umap2": 0.760277300556264
}