{
  "No direct optim ancestor": "None",
  "umap1": 0.13391159427793697,
  "umap2": 0.7435637821996168
}