{
  "No direct optim ancestor": "None",
  "umap1": 0.5750901861687284,
  "umap2": 0.5522065362417594
}