{
  "No direct optim ancestor": "None",
  "umap1": 0.16606858843933603,
  "umap2": 0.6872334532299316
}