{
  "No direct optim ancestor": "None",
  "umap1": 0.9957347441792321,
  "umap2": 0.47500507748141996
}