{
  "No direct optim ancestor": "None",
  "umap1": 0.8107598266185482,
  "umap2": 0.6123198303157256
}