{
  "No direct optim ancestor": "None",
  "umap1": 0.5203483677832068,
  "umap2": 0.054106623075910076
}