{
  "No direct optim ancestor": "None",
  "umap1": 0.6758693360735777,
  "umap2": 0.4456574425578196
}