{
  "No direct optim ancestor": "None",
  "umap1": 0.8938509699624339,
  "umap2": 0.8022260029258758
}