{
  "No direct optim ancestor": "None",
  "umap1": 0.9702673477747047,
  "umap2": 0.015634665594542962
}