{
  "No direct optim ancestor": "None",
  "umap1": 0.6955347101484514,
  "umap2": 0.30787090595847844
}