{
  "Direct optim goal": "a photo of a red dragonfly with translucent green wings",
  "umap1": 0.11488395199568757,
  "umap2": 0.6808881925904315
}