{
  "No direct optim ancestor": "None",
  "umap1": 0.30589646951095095,
  "umap2": 0.1590646160615936
}