{
  "No direct optim ancestor": "None",
  "umap1": 0.4813681896977352,
  "umap2": 0.5532216526928367
}