{
  "No direct optim ancestor": "None",
  "umap1": 0.4461225117027279,
  "umap2": 0.05179072625850012
}