{
  "No direct optim ancestor": "None",
  "umap1": 0.6786431824763809,
  "umap2": 0.637189402984497
}