{
  "No direct optim ancestor": "None",
  "umap1": 0.14050094898124454,
  "umap2": 0.16372731188425071
}