{
  "No direct optim ancestor": "None",
  "umap1": 0.07016071985499972,
  "umap2": 0.9525743534904388
}