{
  "No direct optim ancestor": "None",
  "umap1": 0.49657693039941075,
  "umap2": 0.9284667505661843
}