{
  "No direct optim ancestor": "None",
  "umap1": 0.11610479062554291,
  "umap2": 0.8143239252205602
}