{
  "No direct optim ancestor": "None",
  "umap1": 0.09328833041990614,
  "umap2": 0.4122411297671946
}