{
  "No direct optim ancestor": "None",
  "umap1": 0.29161291942934053,
  "umap2": 0.5968027193424359
}