{
  "No direct optim ancestor": "None",
  "umap1": 0.541630538718871,
  "umap2": 0.942789404216894
}