{
  "No direct optim ancestor": "None",
  "umap1": 0.626936257584112,
  "umap2": 0.8725735857079068
}