{
  "No direct optim ancestor": "None",
  "umap1": 0.7583110151732705,
  "umap2": 0.47235130470221354
}