{
  "No direct optim ancestor": "None",
  "umap1": 0.8163485780321434,
  "umap2": 0.9453113440444011
}