{
  "No direct optim ancestor": "None",
  "umap1": 0.3667243745466552,
  "umap2": 0.3965275481828776
}