{
  "No direct optim ancestor": "None",
  "umap1": 0.37587441109950204,
  "umap2": 0.13013005982378323
}