{
  "No direct optim ancestor": "None",
  "umap1": 0.6854390957161293,
  "umap2": 0.8239224323003619
}