{
  "No direct optim ancestor": "None",
  "umap1": 0.801669108349127,
  "umap2": 0.5324341433303001
}