{
  "No direct optim ancestor": "None",
  "umap1": 0.9023128504330132,
  "umap2": 0.5768455136714872
}