{
  "No direct optim ancestor": "None",
  "umap1": 0.6273949761454322,
  "umap2": 0.37685163043422787
}