{
  "No direct optim ancestor": "None",
  "umap1": 0.42290884989509014,
  "umap2": 0.1278119556323294
}