{
  "No direct optim ancestor": "None",
  "umap1": 0.6403173191007914,
  "umap2": 0.2367319462171903
}