{
  "No direct optim ancestor": "None",
  "umap1": 0.7217484557386081,
  "umap2": 0.6840602868862099
}