{
  "No direct optim ancestor": "None",
  "umap1": 0.48678001110771696,
  "umap2": 0.886087022006373
}