{
  "No direct optim ancestor": "None",
  "umap1": 0.6651914097378797,
  "umap2": 0.2591098807816673
}