{
  "No direct optim ancestor": "None",
  "umap1": 0.014681691637925876,
  "umap2": 0.017168444790084614
}