{
  "No direct optim ancestor": "None",
  "umap1": 0.0720399592920673,
  "umap2": 0.29654541080643615
}