{
  "No direct optim ancestor": "None",
  "umap1": 0.688071914925647,
  "umap2": 0.9718974005212386
}