{
  "No direct optim ancestor": "None",
  "umap1": 0.14300630816137616,
  "umap2": 0.6239448143061908
}