{
  "No direct optim ancestor": "None",
  "umap1": 0.9459279370209419,
  "umap2": 0.478835057132609
}