{
  "No direct optim ancestor": "None",
  "umap1": 0.9659553033407587,
  "umap2": 0.7777528687326406
}