{
  "No direct optim ancestor": "None",
  "umap1": 0.4875938607002738,
  "umap2": 0.5736143459666183
}