{
  "No direct optim ancestor": "None",
  "umap1": 0.86823310980526,
  "umap2": 0.7600083926244715
}