{
  "No direct optim ancestor": "None",
  "umap1": 0.34680584283530824,
  "umap2": 0.3773905782292648
}