{
  "No direct optim ancestor": "None",
  "umap1": 0.41811929102592493,
  "umap2": 0.7678903412688712
}