{
  "No direct optim ancestor": "None",
  "umap1": 0.8904939552657017,
  "umap2": 0.7394269169413115
}