{
  "No direct optim ancestor": "None",
  "umap1": 0.9012501742571782,
  "umap2": 0.1987627745330658
}