{
  "No direct optim ancestor": "None",
  "umap1": 0.9902559693822586,
  "umap2": 0.2507543737853172
}