{
  "No direct optim ancestor": "None",
  "umap1": 0.5397156867180769,
  "umap2": 0.6408832310053433
}