{
  "No direct optim ancestor": "None",
  "umap1": 0.1396772443057005,
  "umap2": 0.3506787831124123
}