{
  "No direct optim ancestor": "None",
  "umap1": 0.422524658630793,
  "umap2": 0.4399117747189971
}