{
  "No direct optim ancestor": "None",
  "umap1": 0.5755037375729758,
  "umap2": 0.7018243996558771
}