{
  "No direct optim ancestor": "None",
  "umap1": 0.024164706289269366,
  "umap2": 0.5578619810372617
}