{
  "No direct optim ancestor": "None",
  "umap1": 0.5202184117234157,
  "umap2": 0.5688648819819864
}