{
  "No direct optim ancestor": "None",
  "umap1": 0.38573969833197674,
  "umap2": 0.3240851175748253
}