{
  "No direct optim ancestor": "None",
  "umap1": 0.7930505366259932,
  "umap2": 0.48654945778027536
}