{
  "No direct optim ancestor": "None",
  "umap1": 0.5491624338917538,
  "umap2": 0.6634292693415409
}