{
  "No direct optim ancestor": "None",
  "umap1": 0.8313996459834172,
  "umap2": 0.8649802750703143
}