{
  "No direct optim ancestor": "None",
  "umap1": 0.37185450349650684,
  "umap2": 0.02527943385423237
}