{
  "No direct optim ancestor": "None",
  "umap1": 0.8561249137291278,
  "umap2": 0.20744534873355458
}