{
  "No direct optim ancestor": "None",
  "umap1": 0.5248116351751322,
  "umap2": 0.5994937709076897
}