{
  "No direct optim ancestor": "None",
  "umap1": 0.15268192297866723,
  "umap2": 0.4935823253408368
}