{
  "No direct optim ancestor": "None",
  "umap1": 0.6746382533661279,
  "umap2": 0.5505462649289373
}