{
  "No direct optim ancestor": "None",
  "umap1": 0.052566219742665066,
  "umap2": 0.7616832997218503
}