{
  "No direct optim ancestor": "None",
  "umap1": 0.7028162751571706,
  "umap2": 0.46792309425801504
}