{
  "No direct optim ancestor": "None",
  "umap1": 0.07119420799689868,
  "umap2": 0.45414386549681085
}