{
  "No direct optim ancestor": "None",
  "umap1": 0.14121194571703577,
  "umap2": 0.6720929972487002
}