{
  "No direct optim ancestor": "None",
  "umap1": 0.7344515243499815,
  "umap2": 0.4833027235272215
}