{
  "No direct optim ancestor": "None",
  "umap1": 0.19315619805146145,
  "umap2": 0.8716659783228383
}