{
  "No direct optim ancestor": "None",
  "umap1": 0.9281580207663521,
  "umap2": 0.31656966922274843
}