{
  "No direct optim ancestor": "None",
  "umap1": 0.6606248307734783,
  "umap2": 0.8255851911427147
}