{
  "No direct optim ancestor": "None",
  "umap1": 0.8087367223762282,
  "umap2": 0.3056307692511101
}