{
  "No direct optim ancestor": "None",
  "umap1": 0.10856016971560212,
  "umap2": 0.24673618304414224
}