{
  "No direct optim ancestor": "None",
  "umap1": 0.44838402928918897,
  "umap2": 0.04733833034141943
}