{
  "No direct optim ancestor": "None",
  "umap1": 0.7727122827737853,
  "umap2": 0.15685293393669997
}