{
  "No direct optim ancestor": "None",
  "umap1": 0.4217464820711838,
  "umap2": 0.2942516847079827
}