{
  "No direct optim ancestor": "None",
  "umap1": 0.7611517807054011,
  "umap2": 0.18513103532992836
}