{
  "No direct optim ancestor": "None",
  "umap1": 0.4341979536475352,
  "umap2": 0.07804813992176429
}