{
  "No direct optim ancestor": "None",
  "umap1": 0.4899408952012346,
  "umap2": 0.036002247425567346
}