{
  "No direct optim ancestor": "None",
  "umap1": 0.7010826265359482,
  "umap2": 0.286846403449703
}