{
  "No direct optim ancestor": "None",
  "umap1": 0.7146965178710106,
  "umap2": 0.1950956588418291
}