{
  "No direct optim ancestor": "None",
  "umap1": 0.6881298029733532,
  "umap2": 0.2682658181983285
}