{
  "No direct optim ancestor": "None",
  "umap1": 0.2165662017962514,
  "umap2": 0.35751373558176536
}