{
  "No direct optim ancestor": "None",
  "umap1": 0.4325235087033915,
  "umap2": 0.20299645375668152
}