{
  "No direct optim ancestor": "None",
  "umap1": 0.8001735324839077,
  "umap2": 0.005852360540987034
}