{
  "No direct optim ancestor": "None",
  "umap1": 0.3962269776322912,
  "umap2": 0.07890663502235684
}