{
  "No direct optim ancestor": "None",
  "umap1": 0.9244094528740261,
  "umap2": 0.9014600930118772
}