{
  "No direct optim ancestor": "None",
  "umap1": 0.9728795031221621,
  "umap2": 0.4531393786097049
}