{
  "No direct optim ancestor": "None",
  "umap1": 0.09679318774819445,
  "umap2": 0.5296427847144163
}