{
  "No direct optim ancestor": "None",
  "umap1": 0.33649788245687917,
  "umap2": 0.8462205072221299
}