{
  "No direct optim ancestor": "None",
  "umap1": 0.15028811359133443,
  "umap2": 0.5762492308884068
}