{
  "No direct optim ancestor": "None",
  "umap1": 0.6815326085675146,
  "umap2": 0.15797533986387047
}