{
  "No direct optim ancestor": "None",
  "umap1": 0.5823239870039854,
  "umap2": 0.6869832995388635
}