{
  "No direct optim ancestor": "None",
  "umap1": 0.49182625263197544,
  "umap2": 0.21597397826013465
}