{
  "No direct optim ancestor": "None",
  "umap1": 0.698756568359721,
  "umap2": 0.0627063674482623
}