{
  "No direct optim ancestor": "None",
  "umap1": 0.8994859005613435,
  "umap2": 0.485375460622286
}