{
  "No direct optim ancestor": "None",
  "umap1": 0.7172698881158491,
  "umap2": 0.794334334054885
}