{
  "No direct optim ancestor": "None",
  "umap1": 0.49129362996567616,
  "umap2": 0.9691301195900369
}