{
  "No direct optim ancestor": "None",
  "umap1": 0.9489198536820858,
  "umap2": 0.4258066038571614
}