{
  "No direct optim ancestor": "None",
  "umap1": 0.5620907990543037,
  "umap2": 0.016224514027007753
}