{
  "No direct optim ancestor": "None",
  "umap1": 0.4016727804424567,
  "umap2": 0.5893746729278718
}