{
  "No direct optim ancestor": "None",
  "umap1": 0.8910997298325042,
  "umap2": 0.8141083156259904
}