{
  "No direct optim ancestor": "None",
  "umap1": 0.9342233440859772,
  "umap2": 0.8898616925920039
}