{
  "No direct optim ancestor": "None",
  "umap1": 0.6164029003824762,
  "umap2": 0.6904359637776754
}