{
  "No direct optim ancestor": "None",
  "umap1": 0.797589882698528,
  "umap2": 0.985278546066274
}