{
  "No direct optim ancestor": "None",
  "umap1": 0.07360035680847421,
  "umap2": 0.5578275263443171
}