{
  "No direct optim ancestor": "None",
  "umap1": 0.4444632058931798,
  "umap2": 0.35082083540384124
}