{
  "No direct optim ancestor": "None",
  "umap1": 0.5178428413926258,
  "umap2": 0.2873181197031236
}