{
  "No direct optim ancestor": "None",
  "umap1": 0.22691674712089083,
  "umap2": 0.7509968696180225
}