{
  "No direct optim ancestor": "None",
  "umap1": 0.5186793040645122,
  "umap2": 0.8278091071418796
}