{
  "No direct optim ancestor": "None",
  "umap1": 0.5495775247921713,
  "umap2": 0.27269575143690106
}