{
  "No direct optim ancestor": "None",
  "umap1": 0.94703595070809,
  "umap2": 0.9792245669683445
}