{
  "No direct optim ancestor": "None",
  "umap1": 0.5143974919920666,
  "umap2": 0.29173390145142075
}