{
  "No direct optim ancestor": "None",
  "umap1": 0.4238634819083428,
  "umap2": 0.34018517862708475
}