{
  "No direct optim ancestor": "None",
  "umap1": 0.29836716370500427,
  "umap2": 0.6533218310859354
}