{
  "No direct optim ancestor": "None",
  "umap1": 0.11127009639312757,
  "umap2": 0.7375253860287659
}