{
  "No direct optim ancestor": "None",
  "umap1": 0.6002262850564339,
  "umap2": 0.9004608969097191
}