{
  "No direct optim ancestor": "None",
  "umap1": 0.11135459870820397,
  "umap2": 0.394933008404015
}