{
  "No direct optim ancestor": "None",
  "umap1": 0.9676370741017959,
  "umap2": 0.18633849372401878
}