{
  "No direct optim ancestor": "None",
  "umap1": 0.8663661727071287,
  "umap2": 0.687117755294472
}