{
  "No direct optim ancestor": "None",
  "umap1": 0.49416537773993496,
  "umap2": 0.7089730589274759
}