{
  "No direct optim ancestor": "None",
  "umap1": 0.45248602220417944,
  "umap2": 0.4188322005959463
}