{
  "No direct optim ancestor": "None",
  "umap1": 0.32473670439504065,
  "umap2": 0.0772629485757379
}