{
  "No direct optim ancestor": "None",
  "umap1": 0.6555829034559909,
  "umap2": 0.7422147064117715
}