{
  "No direct optim ancestor": "None",
  "umap1": 0.5784166034591509,
  "umap2": 0.9304081958595695
}