{
  "No direct optim ancestor": "None",
  "umap1": 0.46455075673765556,
  "umap2": 0.5367589213188483
}