{
  "No direct optim ancestor": "None",
  "umap1": 0.8537966647560729,
  "umap2": 0.8230251648556159
}