{
  "No direct optim ancestor": "None",
  "umap1": 0.16243764088987733,
  "umap2": 0.18925490102880138
}