{
  "No direct optim ancestor": "None",
  "umap1": 0.26601873526502695,
  "umap2": 0.13575826625213427
}