{
  "No direct optim ancestor": "None",
  "umap1": 0.3977478554773147,
  "umap2": 0.5108128786030913
}