{
  "No direct optim ancestor": "None",
  "umap1": 0.17204940469311825,
  "umap2": 0.7240655250820339
}