{
  "No direct optim ancestor": "None",
  "umap1": 0.7570510578798684,
  "umap2": 0.3202502896378556
}