{
  "No direct optim ancestor": "None",
  "umap1": 0.34584096870192205,
  "umap2": 0.9628358390492326
}