{
  "No direct optim ancestor": "None",
  "umap1": 0.10974578438375615,
  "umap2": 0.3090065551171335
}