{
  "No direct optim ancestor": "None",
  "umap1": 0.1944558306909433,
  "umap2": 0.23348653422590826
}