{
  "No direct optim ancestor": "None",
  "umap1": 0.7199066091934484,
  "umap2": 0.07477546343260744
}