{
  "No direct optim ancestor": "None",
  "umap1": 0.1382755699198953,
  "umap2": 0.49580488111814636
}