{
  "No direct optim ancestor": "None",
  "umap1": 0.38074046145148477,
  "umap2": 0.27897922804955866
}