{
  "No direct optim ancestor": "None",
  "umap1": 0.1258763775940307,
  "umap2": 0.04149434761161752
}