{
  "No direct optim ancestor": "None",
  "umap1": 0.5259178970866332,
  "umap2": 0.545334967958038
}