{
  "No direct optim ancestor": "None",
  "umap1": 0.6164429399385327,
  "umap2": 0.9781283948911438
}