{
  "No direct optim ancestor": "None",
  "umap1": 0.014857577786146048,
  "umap2": 0.5699010878126153
}