{
  "No direct optim ancestor": "None",
  "umap1": 0.8472999307229861,
  "umap2": 0.8327117205830752
}