{
  "Ancestor's direct optim goal": "a pink square",
  "umap1": 0.9442312246969987,
  "umap2": 0.11389210359105828
}