{
  "No direct optim ancestor": "None",
  "umap1": 0.5263494159451196,
  "umap2": 0.7590643260302936
}