{
  "No direct optim ancestor": "None",
  "umap1": 0.8756055492968793,
  "umap2": 0.062417064315415494
}