{
  "No direct optim ancestor": "None",
  "umap1": 0.708083799078398,
  "umap2": 0.3246329569220493
}