{
  "No direct optim ancestor": "None",
  "umap1": 0.5318244788633212,
  "umap2": 0.7390703140605569
}