{
  "No direct optim ancestor": "None",
  "umap1": 0.11431391369959798,
  "umap2": 0.9373710252326157
}