{
  "No direct optim ancestor": "None",
  "umap1": 0.2909139014305502,
  "umap2": 0.9373468487359558
}