{
  "No direct optim ancestor": "None",
  "umap1": 0.5213011032168877,
  "umap2": 0.4053548408585198
}