{
  "No direct optim ancestor": "None",
  "umap1": 0.6793349984918842,
  "umap2": 0.23512798937458268
}