{
  "No direct optim ancestor": "None",
  "umap1": 0.12368834859127553,
  "umap2": 0.46531058577580686
}