{
  "No direct optim ancestor": "None",
  "umap1": 0.04335893588167916,
  "umap2": 0.7995998938542987
}