{
  "No direct optim ancestor": "None",
  "umap1": 0.28046545382172816,
  "umap2": 0.39855509649081267
}