{
  "No direct optim ancestor": "None",
  "umap1": 0.33004036875313236,
  "umap2": 0.8050062889469158
}