{
  "No direct optim ancestor": "None",
  "umap1": 0.6549071488222369,
  "umap2": 0.20761623422785713
}