{
  "No direct optim ancestor": "None",
  "umap1": 0.46853455610092043,
  "umap2": 0.5861504709398999
}