{
  "No direct optim ancestor": "None",
  "umap1": 0.251224839001034,
  "umap2": 0.10496725241925331
}