{
  "No direct optim ancestor": "None",
  "umap1": 0.8239196369656994,
  "umap2": 0.5700502694853222
}