{
  "No direct optim ancestor": "None",
  "umap1": 0.6408596596777575,
  "umap2": 0.6016803302991343
}