{
  "No direct optim ancestor": "None",
  "umap1": 0.7951373206947966,
  "umap2": 0.5217969012242623
}