{
  "No direct optim ancestor": "None",
  "umap1": 0.3537011555241414,
  "umap2": 0.972766002486263
}