{
  "No direct optim ancestor": "None",
  "umap1": 0.6124650771440068,
  "umap2": 0.6255104462267441
}