{
  "No direct optim ancestor": "None",
  "umap1": 0.5480263701397735,
  "umap2": 0.3627634439465416
}