{
  "No direct optim ancestor": "None",
  "umap1": 0.908381333182411,
  "umap2": 0.3888872246627211
}