{
  "No direct optim ancestor": "None",
  "umap1": 0.9278293733068551,
  "umap2": 0.8823893526000699
}