{
  "No direct optim ancestor": "None",
  "umap1": 0.63795684135858,
  "umap2": 0.3060678104018083
}