{
  "No direct optim ancestor": "None",
  "umap1": 0.32684090966413326,
  "umap2": 0.8129354613815851
}