{
  "No direct optim ancestor": "None",
  "umap1": 0.3118053655384875,
  "umap2": 0.3281384931744139
}