{
  "No direct optim ancestor": "None",
  "umap1": 0.8954074331066365,
  "umap2": 0.22057416339681357
}