{
  "No direct optim ancestor": "None",
  "umap1": 0.9360085730606831,
  "umap2": 0.2345412321699072
}