{
  "No direct optim ancestor": "None",
  "umap1": 0.42793751198380037,
  "umap2": 0.09721887290839681
}