{
  "No direct optim ancestor": "None",
  "umap1": 0.831017670501495,
  "umap2": 0.23849091353866703
}