{
  "No direct optim ancestor": "None",
  "umap1": 0.6950572869922222,
  "umap2": 0.27134352862073485
}