{
  "No direct optim ancestor": "None",
  "umap1": 0.19302181600914625,
  "umap2": 0.8075941284212205
}