{
  "No direct optim ancestor": "None",
  "umap1": 0.9943628233172283,
  "umap2": 0.09071991520923472
}