{
  "No direct optim ancestor": "None",
  "umap1": 0.3978620875450626,
  "umap2": 0.49450409193998635
}