{
  "No direct optim ancestor": "None",
  "umap1": 0.7834184236812692,
  "umap2": 0.18816607523450113
}