{
  "No direct optim ancestor": "None",
  "umap1": 0.053406802710090684,
  "umap2": 0.3116769355775363
}