{
  "No direct optim ancestor": "None",
  "umap1": 0.8142906531135389,
  "umap2": 0.6247124565871419
}