{
  "No direct optim ancestor": "None",
  "umap1": 0.6697809851825319,
  "umap2": 0.0797463755457073
}