{
  "No direct optim ancestor": "None",
  "umap1": 0.8479597396493229,
  "umap2": 0.6087853227726815
}