{
  "No direct optim ancestor": "None",
  "umap1": 0.02279734494506591,
  "umap2": 0.6612168146593843
}