{
  "No direct optim ancestor": "None",
  "umap1": 0.8424427202632303,
  "umap2": 0.653083295849839
}