{
  "No direct optim ancestor": "None",
  "umap1": 0.052872833311522816,
  "umap2": 0.7082733444865149
}