{
  "No direct optim ancestor": "None",
  "umap1": 0.8356504703397134,
  "umap2": 0.10680851342820052
}