{
  "No direct optim ancestor": "None",
  "umap1": 0.31111390516903026,
  "umap2": 0.2218612475157884
}