{
  "No direct optim ancestor": "None",
  "umap1": 0.04292636277342954,
  "umap2": 0.64015881625736
}