{
  "No direct optim ancestor": "None",
  "umap1": 0.020639536262335056,
  "umap2": 0.5526458904351106
}