{
  "No direct optim ancestor": "None",
  "umap1": 0.05155297856471053,
  "umap2": 0.9333439006510814
}