{
  "No direct optim ancestor": "None",
  "umap1": 0.8001400812321835,
  "umap2": 0.30607139832653485
}