{
  "No direct optim ancestor": "None",
  "umap1": 0.03985021582633297,
  "umap2": 0.40339433468474384
}