{
  "No direct optim ancestor": "None",
  "umap1": 0.16979597487743647,
  "umap2": 0.3360012072473284
}