{
  "No direct optim ancestor": "None",
  "umap1": 0.064479824553622,
  "umap2": 0.6294975457126143
}