{
  "No direct optim ancestor": "None",
  "umap1": 0.07503757297803304,
  "umap2": 0.6280413007647431
}