{
  "No direct optim ancestor": "None",
  "umap1": 0.9904787946694974,
  "umap2": 0.9939963500136406
}