{
  "No direct optim ancestor": "None",
  "umap1": 0.7245832411442144,
  "umap2": 0.8658592561623388
}