{
  "No direct optim ancestor": "None",
  "umap1": 0.843527394389535,
  "umap2": 0.49209784838668336
}