{
  "No direct optim ancestor": "None",
  "umap1": 0.9988256961032927,
  "umap2": 0.9342157873282432
}