{
  "No direct optim ancestor": "None",
  "umap1": 0.15344242820190612,
  "umap2": 0.05124778749083769
}