{
  "No direct optim ancestor": "None",
  "umap1": 0.6585198114909224,
  "umap2": 0.42901882344217956
}