{
  "No direct optim ancestor": "None",
  "umap1": 0.18906359749978396,
  "umap2": 0.015641862273038987
}