{
  "No direct optim ancestor": "None",
  "umap1": 0.8096247559734446,
  "umap2": 0.1962108131532897
}