{
  "No direct optim ancestor": "None",
  "umap1": 0.40321916796751256,
  "umap2": 0.39366740255313204
}