{
  "No direct optim ancestor": "None",
  "umap1": 0.04685973511129682,
  "umap2": 0.08324521308909771
}