{
  "No direct optim ancestor": "None",
  "umap1": 0.05995131320659375,
  "umap2": 0.14664794085023225
}