{
  "No direct optim ancestor": "None",
  "umap1": 0.6115958886769478,
  "umap2": 0.6955590409549248
}