{
  "No direct optim ancestor": "None",
  "umap1": 0.05237462170239704,
  "umap2": 0.7976090915663423
}