{
  "No direct optim ancestor": "None",
  "umap1": 0.4524858544434984,
  "umap2": 0.7004029187694367
}