{
  "No direct optim ancestor": "None",
  "umap1": 0.9816489809555341,
  "umap2": 0.6676860248738092
}