{
  "No direct optim ancestor": "None",
  "umap1": 0.2107710313710064,
  "umap2": 0.11396686433128167
}