{
  "No direct optim ancestor": "None",
  "umap1": 0.5626505579489542,
  "umap2": 0.7183149157184376
}