{
  "No direct optim ancestor": "None",
  "umap1": 0.7542015952934693,
  "umap2": 0.9641441063284806
}