{
  "No direct optim ancestor": "None",
  "umap1": 0.5533198935201772,
  "umap2": 0.5333854901890396
}