{
  "No direct optim ancestor": "None",
  "umap1": 0.9996315111087751,
  "umap2": 0.6774298806594643
}