{
  "No direct optim ancestor": "None",
  "umap1": 0.6465375891249234,
  "umap2": 0.7536467965686752
}