{
  "No direct optim ancestor": "None",
  "umap1": 0.9250273859021771,
  "umap2": 0.12300110499690908
}