{
  "No direct optim ancestor": "None",
  "umap1": 0.40744496468145575,
  "umap2": 0.9665142690231069
}