{
  "No direct optim ancestor": "None",
  "umap1": 0.5478858289918349,
  "umap2": 0.5816240172413111
}