{
  "No direct optim ancestor": "None",
  "umap1": 0.6058102288147319,
  "umap2": 0.4884870860340088
}