{
  "No direct optim ancestor": "None",
  "umap1": 0.847826939396415,
  "umap2": 0.3384631389627054
}