{
  "No direct optim ancestor": "None",
  "umap1": 0.20169336828848383,
  "umap2": 0.9208481239048343
}