{
  "No direct optim ancestor": "None",
  "umap1": 0.6196692304883097,
  "umap2": 0.29017356720314447
}