{
  "No direct optim ancestor": "None",
  "umap1": 0.42599580286503536,
  "umap2": 0.8403449697094916
}