{
  "No direct optim ancestor": "None",
  "umap1": 0.9733364207560223,
  "umap2": 0.5068567622999376
}