{
  "No direct optim ancestor": "None",
  "umap1": 0.6783034850909797,
  "umap2": 0.9657906701553007
}