{
  "No direct optim ancestor": "None",
  "umap1": 0.26644733693323897,
  "umap2": 0.641401196596947
}