{
  "No direct optim ancestor": "None",
  "umap1": 0.7538117064374542,
  "umap2": 0.2124522158909916
}