{
  "No direct optim ancestor": "None",
  "umap1": 0.8917074932328406,
  "umap2": 0.41528160800356406
}