{
  "No direct optim ancestor": "None",
  "umap1": 0.29853189518946033,
  "umap2": 0.6431972651197914
}