{
  "No direct optim ancestor": "None",
  "umap1": 0.8235973398592565,
  "umap2": 0.7256383993956411
}