{
  "No direct optim ancestor": "None",
  "umap1": 0.6037181195837887,
  "umap2": 0.6718938236221643
}