{
  "No direct optim ancestor": "None",
  "umap1": 0.7779369244368632,
  "umap2": 0.5991515690144541
}