{
  "No direct optim ancestor": "None",
  "umap1": 0.4819862363328714,
  "umap2": 0.07452840200421729
}