{
  "No direct optim ancestor": "None",
  "umap1": 0.20790174322502852,
  "umap2": 0.5424892101818675
}