{
  "No direct optim ancestor": "None",
  "umap1": 0.7561002590674918,
  "umap2": 0.018933767321648975
}