{
  "No direct optim ancestor": "None",
  "umap1": 0.4060468434593474,
  "umap2": 0.7629794126542383
}