{
  "No direct optim ancestor": "None",
  "umap1": 0.6363205890626024,
  "umap2": 0.40367652918515506
}