{
  "No direct optim ancestor": "None",
  "umap1": 0.22194342069646744,
  "umap2": 0.3444491668606662
}