{
  "No direct optim ancestor": "None",
  "umap1": 0.7468185681070499,
  "umap2": 0.7572870598215239
}