{
  "No direct optim ancestor": "None",
  "umap1": 0.7298976808098177,
  "umap2": 0.4954662475237085
}