{
  "No direct optim ancestor": "None",
  "umap1": 0.8309446238085176,
  "umap2": 0.5030924550858883
}