{
  "No direct optim ancestor": "None",
  "umap1": 0.11264905259575342,
  "umap2": 0.21988609337680276
}