{
  "No direct optim ancestor": "None",
  "umap1": 0.8270720328884108,
  "umap2": 0.513577978022339
}