{
  "No direct optim ancestor": "None",
  "umap1": 0.0424013183301305,
  "umap2": 0.35723563837116745
}