{
  "No direct optim ancestor": "None",
  "umap1": 0.6631671556184557,
  "umap2": 0.33005224373294506
}