{
  "No direct optim ancestor": "None",
  "umap1": 0.008092472413472218,
  "umap2": 0.6449178377072918
}