{
  "No direct optim ancestor": "None",
  "umap1": 0.49599685046302056,
  "umap2": 0.988012926542562
}