{
  "No direct optim ancestor": "None",
  "umap1": 0.09850411344390952,
  "umap2": 0.36924551109192627
}