{
  "No direct optim ancestor": "None",
  "umap1": 0.9995331730853145,
  "umap2": 0.14964594841777368
}