{
  "No direct optim ancestor": "None",
  "umap1": 0.9231334960784183,
  "umap2": 0.8148205158494182
}