{
  "No direct optim ancestor": "None",
  "umap1": 0.5981828793255246,
  "umap2": 0.21091370915920316
}