{
  "No direct optim ancestor": "None",
  "umap1": 0.7773236401480214,
  "umap2": 0.5116019980902402
}