{
  "No direct optim ancestor": "None",
  "umap1": 0.1472011269226301,
  "umap2": 0.7643856112716555
}