{
  "No direct optim ancestor": "None",
  "umap1": 0.6234796467640267,
  "umap2": 0.20985773635752203
}