{
  "No direct optim ancestor": "None",
  "umap1": 0.6120617789040287,
  "umap2": 0.9610454449771487
}