{
  "No direct optim ancestor": "None",
  "umap1": 0.788320224521229,
  "umap2": 0.5653582265231097
}