{
  "No direct optim ancestor": "None",
  "umap1": 0.8874946876553416,
  "umap2": 0.44871418576350075
}