{
  "No direct optim ancestor": "None",
  "umap1": 0.8153991348726157,
  "umap2": 0.8153055752028737
}