{
  "No direct optim ancestor": "None",
  "umap1": 0.44426712428360593,
  "umap2": 0.49099174890157216
}