{
  "No direct optim ancestor": "None",
  "umap1": 0.6105131059406925,
  "umap2": 0.5772445896090876
}