{
  "No direct optim ancestor": "None",
  "umap1": 0.987028472548905,
  "umap2": 0.009287001583885734
}