{
  "No direct optim ancestor": "None",
  "umap1": 0.73458100309373,
  "umap2": 0.07632335792747735
}