{
  "No direct optim ancestor": "None",
  "umap1": 0.619179127857182,
  "umap2": 0.9671979816480202
}