{
  "No direct optim ancestor": "None",
  "umap1": 0.18456550405421146,
  "umap2": 0.10800802237773832
}