{
  "No direct optim ancestor": "None",
  "umap1": 0.7304809766135649,
  "umap2": 0.6557742009130704
}