{
  "No direct optim ancestor": "None",
  "umap1": 0.798060135948754,
  "umap2": 0.16815238604323923
}