{
  "No direct optim ancestor": "None",
  "umap1": 0.018993399199725758,
  "umap2": 0.6965421167269478
}