{
  "No direct optim ancestor": "None",
  "umap1": 0.5392975725167621,
  "umap2": 0.7396012450863213
}