{
  "No direct optim ancestor": "None",
  "umap1": 0.5174233459717134,
  "umap2": 0.7592894848712889
}