{
  "No direct optim ancestor": "None",
  "umap1": 0.14832205973683044,
  "umap2": 0.8163522440157743
}