{
  "No direct optim ancestor": "None",
  "umap1": 0.6107781781174667,
  "umap2": 0.6647128012806258
}