{
  "No direct optim ancestor": "None",
  "umap1": 0.7050845976224013,
  "umap2": 0.8303902194005593
}