{
  "No direct optim ancestor": "None",
  "umap1": 0.05198775441987491,
  "umap2": 0.3158100599504463
}