{
  "No direct optim ancestor": "None",
  "umap1": 0.5457156588511202,
  "umap2": 0.583097348820841
}