{
  "No direct optim ancestor": "None",
  "umap1": 0.48020656554714036,
  "umap2": 0.38416235661448905
}