{
  "No direct optim ancestor": "None",
  "umap1": 0.8864153520017771,
  "umap2": 0.44233358952560364
}