{
  "No direct optim ancestor": "None",
  "umap1": 0.011081214223066183,
  "umap2": 0.7894671989533267
}