{
  "No direct optim ancestor": "None",
  "umap1": 0.01637248828459892,
  "umap2": 0.3066361127156395
}