{
  "No direct optim ancestor": "None",
  "umap1": 0.027187102654611883,
  "umap2": 0.45490289454322774
}