{
  "No direct optim ancestor": "None",
  "umap1": 0.44467138536911355,
  "umap2": 0.7120127171336467
}