{
  "No direct optim ancestor": "None",
  "umap1": 0.9520297567700036,
  "umap2": 0.18539105745718099
}