{
  "No direct optim ancestor": "None",
  "umap1": 0.7695171256818136,
  "umap2": 0.4191118333973931
}