{
  "No direct optim ancestor": "None",
  "umap1": 0.6588966361638465,
  "umap2": 0.4450583376808047
}