{
  "No direct optim ancestor": "None",
  "umap1": 0.7799435839417226,
  "umap2": 0.2478433999786085
}