{
  "No direct optim ancestor": "None",
  "umap1": 0.2425817513361267,
  "umap2": 0.5963205655957928
}