{
  "No direct optim ancestor": "None",
  "umap1": 0.6238279856053833,
  "umap2": 0.5877191161816985
}