{
  "No direct optim ancestor": "None",
  "umap1": 0.7895202226089069,
  "umap2": 0.8185745778600463
}