{
  "No direct optim ancestor": "None",
  "umap1": 0.7907001369373001,
  "umap2": 0.4092172795633835
}