{
  "No direct optim ancestor": "None",
  "umap1": 0.5555451332910546,
  "umap2": 0.6633684648616711
}