{
  "No direct optim ancestor": "None",
  "umap1": 0.27574194548092734,
  "umap2": 0.4097444591413485
}