{
  "No direct optim ancestor": "None",
  "umap1": 0.8255618021877293,
  "umap2": 0.5360919023107641
}