{
  "No direct optim ancestor": "None",
  "umap1": 0.10739185438417109,
  "umap2": 0.21881944622781513
}