{
  "No direct optim ancestor": "None",
  "umap1": 0.6527156334511474,
  "umap2": 0.40662740454847335
}