{
  "No direct optim ancestor": "None",
  "umap1": 0.526716086969504,
  "umap2": 0.24158845696964004
}