{
  "No direct optim ancestor": "None",
  "umap1": 0.470633756570523,
  "umap2": 0.16213097334764737
}