{
  "No direct optim ancestor": "None",
  "umap1": 0.2383232294655664,
  "umap2": 0.5801413508817027
}