{
  "No direct optim ancestor": "None",
  "umap1": 0.3822296359020927,
  "umap2": 0.9651484916319495
}