{
  "No direct optim ancestor": "None",
  "umap1": 0.8819564162197323,
  "umap2": 0.6636702179462044
}