{
  "Direct optim goal": "a photo of a red circuit board with green traces and blue solder joints",
  "umap1": 0.7294610754853017,
  "umap2": 0.48942020475059833
}