{
  "No direct optim ancestor": "None",
  "umap1": 0.06393679508674543,
  "umap2": 0.31318010489932624
}