{
  "No direct optim ancestor": "None",
  "umap1": 0.9684975252191167,
  "umap2": 0.126087176395551
}