{
  "No direct optim ancestor": "None",
  "umap1": 0.12593427304456883,
  "umap2": 0.7786813727074302
}