{
  "No direct optim ancestor": "None",
  "umap1": 0.7174317133634677,
  "umap2": 0.6825356943189305
}