{
  "No direct optim ancestor": "None",
  "umap1": 0.8276019219636174,
  "umap2": 0.19953410411107853
}