{
  "No direct optim ancestor": "None",
  "umap1": 0.18734782328936517,
  "umap2": 0.012858845347356596
}