{
  "No direct optim ancestor": "None",
  "umap1": 0.9129313681262167,
  "umap2": 0.5252871526066385
}