{
  "No direct optim ancestor": "None",
  "umap1": 0.5510525019566201,
  "umap2": 0.15386863450364086
}