{
  "No direct optim ancestor": "None",
  "umap1": 0.7439687065923365,
  "umap2": 0.974671586184079
}