{
  "No direct optim ancestor": "None",
  "umap1": 0.4065493483887074,
  "umap2": 0.9029152006000507
}