{
  "No direct optim ancestor": "None",
  "umap1": 0.6385669498821688,
  "umap2": 0.5163904888520523
}