{
  "No direct optim ancestor": "None",
  "umap1": 0.9313307447422806,
  "umap2": 0.8204843069329812
}