{
  "No direct optim ancestor": "None",
  "umap1": 0.9053759631922625,
  "umap2": 0.9777798808638243
}