{
  "No direct optim ancestor": "None",
  "umap1": 0.6563251045781403,
  "umap2": 0.13652673587150188
}