{
  "Ancestor's direct optim goal": "an orange triangle",
  "umap1": 0.9520564217850268,
  "umap2": 0.9664415283860222
}