{
  "No direct optim ancestor": "None",
  "umap1": 0.7911063341450063,
  "umap2": 0.16601964808296543
}