{
  "No direct optim ancestor": "None",
  "umap1": 0.27827603317407557,
  "umap2": 0.04117568098564772
}