{
  "No direct optim ancestor": "None",
  "umap1": 0.05015948473578802,
  "umap2": 0.9017372966298599
}