{
  "No direct optim ancestor": "None",
  "umap1": 0.49942131397051437,
  "umap2": 0.07453527101326474
}