{
  "No direct optim ancestor": "None",
  "umap1": 0.650619914087079,
  "umap2": 0.17161412775561646
}