{
  "No direct optim ancestor": "None",
  "umap1": 0.7773746645196951,
  "umap2": 0.7293899885784446
}