{
  "No direct optim ancestor": "None",
  "umap1": 0.330885275093866,
  "umap2": 0.9507015625958405
}