{
  "No direct optim ancestor": "None",
  "umap1": 0.656631858666957,
  "umap2": 0.07490355656927705
}