{
  "No direct optim ancestor": "None",
  "umap1": 0.7090184187283832,
  "umap2": 0.336951391454375
}