{
  "No direct optim ancestor": "None",
  "umap1": 0.2459630687495633,
  "umap2": 0.1555176046320137
}