{
  "No direct optim ancestor": "None",
  "umap1": 0.14197515037540964,
  "umap2": 0.5656862559774078
}