{
  "No direct optim ancestor": "None",
  "umap1": 0.9805230041881028,
  "umap2": 0.9507665277352817
}