{
  "No direct optim ancestor": "None",
  "umap1": 0.7263418974980465,
  "umap2": 0.30635859736657456
}