{
  "No direct optim ancestor": "None",
  "umap1": 0.15402993360588912,
  "umap2": 0.3414837923100037
}