{
  "No direct optim ancestor": "None",
  "umap1": 0.3149656667852745,
  "umap2": 0.8337045902975044
}