{
  "No direct optim ancestor": "None",
  "umap1": 0.38444683226809206,
  "umap2": 0.7113567099293899
}