{
  "No direct optim ancestor": "None",
  "umap1": 0.06204837356004145,
  "umap2": 0.8337656256445777
}