{
  "No direct optim ancestor": "None",
  "umap1": 0.3934878575260329,
  "umap2": 0.4349544175446678
}