{
  "No direct optim ancestor": "None",
  "umap1": 0.4735750144432863,
  "umap2": 0.5864894976415387
}