{
  "No direct optim ancestor": "None",
  "umap1": 0.937477042451565,
  "umap2": 0.1342722986321646
}