{
  "No direct optim ancestor": "None",
  "umap1": 0.18806378876077234,
  "umap2": 0.8204156317032361
}