{
  "No direct optim ancestor": "None",
  "umap1": 0.4224636033954793,
  "umap2": 0.34762062657432147
}