{
  "No direct optim ancestor": "None",
  "umap1": 0.3499968761399632,
  "umap2": 0.9000763250425412
}