{
  "No direct optim ancestor": "None",
  "umap1": 0.49674109497581054,
  "umap2": 0.8311143038695927
}