{
  "No direct optim ancestor": "None",
  "umap1": 0.4666285019092503,
  "umap2": 0.21516445978576726
}