{
  "No direct optim ancestor": "None",
  "umap1": 0.6655137538188903,
  "umap2": 0.49143302399980926
}