{
  "No direct optim ancestor": "None",
  "umap1": 0.5890494972581595,
  "umap2": 0.6247611251739501
}