{
  "No direct optim ancestor": "None",
  "umap1": 0.049928155494888604,
  "umap2": 0.079925238339146
}