{
  "No direct optim ancestor": "None",
  "umap1": 0.21822957279724975,
  "umap2": 0.19340463595845825
}