{
  "No direct optim ancestor": "None",
  "umap1": 0.3096946251428887,
  "umap2": 0.41865997952834866
}