{
  "No direct optim ancestor": "None",
  "umap1": 0.9143652664921303,
  "umap2": 0.13571434591629317
}