{
  "No direct optim ancestor": "None",
  "umap1": 0.9895813150061917,
  "umap2": 0.4666813529610667
}