{
  "No direct optim ancestor": "None",
  "umap1": 0.8056136130953296,
  "umap2": 0.31033735252368155
}