{
  "No direct optim ancestor": "None",
  "umap1": 0.5732953507971061,
  "umap2": 0.9749278053894063
}