{
  "No direct optim ancestor": "None",
  "umap1": 0.4441188888731239,
  "umap2": 0.4002388192788293
}