{
  "No direct optim ancestor": "None",
  "umap1": 0.9627539124327537,
  "umap2": 0.011914216476849204
}