{
  "No direct optim ancestor": "None",
  "umap1": 0.9759097108930096,
  "umap2": 0.03125062952911328
}