{
  "No direct optim ancestor": "None",
  "umap1": 0.08904866227615982,
  "umap2": 0.6824079400803187
}