{
  "No direct optim ancestor": "None",
  "umap1": 0.4318801908929327,
  "umap2": 0.31022315988636684
}