{
  "No direct optim ancestor": "None",
  "umap1": 0.15909576204820108,
  "umap2": 0.20403956627467024
}