{
  "umap1": 0.03606604346205977,
  "umap2": 0.5682078896727458
}