{
  "No direct optim ancestor": "None",
  "umap1": 0.13093022803180732,
  "umap2": 0.8545202216563471
}