{
  "No direct optim ancestor": "None",
  "umap1": 0.4976961156674675,
  "umap2": 0.9547248155287592
}