{
  "No direct optim ancestor": "None",
  "umap1": 0.7342117935752658,
  "umap2": 0.31833464487437435
}