{
  "No direct optim ancestor": "None",
  "umap1": 0.1748728741439195,
  "umap2": 0.32490666493959897
}