{
  "No direct optim ancestor": "None",
  "umap1": 0.6410296579646487,
  "umap2": 0.39208791087219497
}