{
  "No direct optim ancestor": "None",
  "umap1": 0.9567679283245025,
  "umap2": 0.1271675613497164
}