{
  "No direct optim ancestor": "None",
  "umap1": 0.9991313203440934,
  "umap2": 0.5258070536756311
}