{
  "No direct optim ancestor": "None",
  "umap1": 0.22744456029887028,
  "umap2": 0.18926251106881042
}