{
  "No direct optim ancestor": "None",
  "umap1": 0.005688946701724151,
  "umap2": 0.5708616905994083
}