{
  "No direct optim ancestor": "None",
  "umap1": 0.36686407666709087,
  "umap2": 0.45216356275711644
}