{
  "No direct optim ancestor": "None",
  "umap1": 0.39560122710920687,
  "umap2": 0.02572621465809788
}