{
  "No direct optim ancestor": "None",
  "umap1": 0.8181586819173913,
  "umap2": 0.4473254395051226
}