{
  "No direct optim ancestor": "None",
  "umap1": 0.2376254668459754,
  "umap2": 0.3254407102656186
}