{
  "No direct optim ancestor": "None",
  "umap1": 0.3283967770757459,
  "umap2": 0.06657513738471721
}