{
  "No direct optim ancestor": "None",
  "umap1": 0.32043047567219396,
  "umap2": 0.15849141872321526
}