{
  "No direct optim ancestor": "None",
  "umap1": 0.9250761626911774,
  "umap2": 0.5347578585074635
}