{
  "No direct optim ancestor": "None",
  "umap1": 0.6398532668581256,
  "umap2": 0.8134315151119916
}