{
  "No direct optim ancestor": "None",
  "umap1": 0.7805907996173771,
  "umap2": 0.6117270148367154
}