{
  "No direct optim ancestor": "None",
  "umap1": 0.6997373516356616,
  "umap2": 0.6735378913971041
}