{
  "No direct optim ancestor": "None",
  "umap1": 0.0693259954060329,
  "umap2": 0.26387030747100026
}