{
  "No direct optim ancestor": "None",
  "umap1": 0.45827075672049056,
  "umap2": 0.43614541004199436
}