{
  "No direct optim ancestor": "None",
  "umap1": 0.14548676124524018,
  "umap2": 0.0729829400812233
}