{
  "No direct optim ancestor": "None",
  "umap1": 0.8858864265293352,
  "umap2": 0.4280053380291923
}