{
  "No direct optim ancestor": "None",
  "umap1": 0.4209334133644753,
  "umap2": 0.5846960797343319
}