{
  "No direct optim ancestor": "None",
  "umap1": 0.6791180231728673,
  "umap2": 0.8923739357250855
}