{
  "No direct optim ancestor": "None",
  "umap1": 0.22404016602897325,
  "umap2": 0.08662696537424519
}