{
  "No direct optim ancestor": "None",
  "umap1": 0.20616048987454705,
  "umap2": 0.7474756614647363
}