{
  "No direct optim ancestor": "None",
  "umap1": 0.3142459047129993,
  "umap2": 0.5844025296879966
}