{
  "No direct optim ancestor": "None",
  "umap1": 0.5888205159942947,
  "umap2": 0.21162206992562627
}