{
  "No direct optim ancestor": "None",
  "umap1": 0.18377536512630577,
  "umap2": 0.712981613104037
}