{
  "No direct optim ancestor": "None",
  "umap1": 0.10481229977747342,
  "umap2": 0.3131302498450338
}