{
  "No direct optim ancestor": "None",
  "umap1": 0.5015923656892507,
  "umap2": 0.07957786743592477
}