{
  "No direct optim ancestor": "None",
  "umap1": 0.6645606844382593,
  "umap2": 0.5496547331462094
}