{
  "No direct optim ancestor": "None",
  "umap1": 0.4349313108667159,
  "umap2": 0.4715652561012418
}