{
  "No direct optim ancestor": "None",
  "umap1": 0.6912676445823123,
  "umap2": 0.4889992757097935
}