{
  "No direct optim ancestor": "None",
  "umap1": 0.3161697556154893,
  "umap2": 0.038251233567334286
}