{
  "No direct optim ancestor": "None",
  "umap1": 0.9694863107030335,
  "umap2": 0.49285695278741226
}