{
  "No direct optim ancestor": "None",
  "umap1": 0.058890327178239166,
  "umap2": 0.18949453904029223
}