{
  "No direct optim ancestor": "None",
  "umap1": 0.2403616965011668,
  "umap2": 0.7817904474870533
}