{
  "No direct optim ancestor": "None",
  "umap1": 0.17187051086941885,
  "umap2": 0.45561184217138295
}