{
  "No direct optim ancestor": "None",
  "umap1": 0.1540575778916381,
  "umap2": 0.4218490674719203
}