{
  "No direct optim ancestor": "None",
  "umap1": 0.6041146335646359,
  "umap2": 0.10223526483139633
}