{
  "No direct optim ancestor": "None",
  "umap1": 0.48811415493364674,
  "umap2": 0.027685222078566274
}