{
  "No direct optim ancestor": "None",
  "umap1": 0.24946781352955283,
  "umap2": 0.9030059050528302
}