{
  "No direct optim ancestor": "None",
  "umap1": 0.2278156764497663,
  "umap2": 0.47321254491189835
}