{
  "No direct optim ancestor": "None",
  "umap1": 0.7545225449881245,
  "umap2": 0.22854911165185476
}