{
  "No direct optim ancestor": "None",
  "umap1": 0.10852277531784016,
  "umap2": 0.007379064371707322
}