{
  "No direct optim ancestor": "None",
  "umap1": 0.28533453334904335,
  "umap2": 0.12243714043514087
}