{
  "No direct optim ancestor": "None",
  "umap1": 0.8013858047119028,
  "umap2": 0.008297320161106181
}