{
  "No direct optim ancestor": "None",
  "umap1": 0.22896318327747622,
  "umap2": 0.5520446772538646
}