{
  "No direct optim ancestor": "None",
  "umap1": 0.9885237207804848,
  "umap2": 0.2958954731196688
}