{
  "No direct optim ancestor": "None",
  "umap1": 0.2806660893448346,
  "umap2": 0.762051725880388
}