{
  "Direct optim goal": "a close-up photo of a dragon fruit with red skin, green scales, and blue seeds",
  "umap1": 0.2095276456407823,
  "umap2": 0.34377648718452447
}