{
  "No direct optim ancestor": "None",
  "umap1": 0.2754667168296563,
  "umap2": 0.8368676002227752
}