{
  "No direct optim ancestor": "None",
  "umap1": 0.7504496597142926,
  "umap2": 0.9547780936395798
}