{
  "No direct optim ancestor": "None",
  "umap1": 0.5349118971297796,
  "umap2": 0.7867272505382744
}