{
  "No direct optim ancestor": "None",
  "umap1": 0.3473617787555999,
  "umap2": 0.176722754336472
}