{
  "No direct optim ancestor": "None",
  "umap1": 0.07207165867547605,
  "umap2": 0.7398084474374703
}