{
  "No direct optim ancestor": "None",
  "umap1": 0.3373422714249743,
  "umap2": 0.08063004279425856
}