{
  "No direct optim ancestor": "None",
  "umap1": 0.7134002645048819,
  "umap2": 0.3359407581493321
}