{
  "No direct optim ancestor": "None",
  "umap1": 0.5743503746178866,
  "umap2": 0.6897632297259072
}