{
  "No direct optim ancestor": "None",
  "umap1": 0.13462050475072473,
  "umap2": 0.7536131892780487
}