{
  "No direct optim ancestor": "None",
  "umap1": 0.15356776340525136,
  "umap2": 0.6162813952948827
}