{
  "No direct optim ancestor": "None",
  "umap1": 0.5135176804299108,
  "umap2": 0.0035214163310405278
}