{
  "No direct optim ancestor": "None",
  "umap1": 0.6080440349949637,
  "umap2": 0.5465877629301669
}