{
  "No direct optim ancestor": "None",
  "umap1": 0.06613885374098771,
  "umap2": 0.5844848485048322
}