{
  "No direct optim ancestor": "None",
  "umap1": 0.35544044980576384,
  "umap2": 0.5718812001699364
}