{
  "No direct optim ancestor": "None",
  "umap1": 0.5512617865009268,
  "umap2": 0.9279103280330885
}