{
  "No direct optim ancestor": "None",
  "umap1": 0.16554559951381753,
  "umap2": 0.35003352528619747
}