{
  "No direct optim ancestor": "None",
  "umap1": 0.5669203781074033,
  "umap2": 0.5908693845615168
}