{
  "No direct optim ancestor": "None",
  "umap1": 0.9098442271066475,
  "umap2": 0.08620096362157315
}