{
  "No direct optim ancestor": "None",
  "umap1": 0.4410127539339266,
  "umap2": 0.8150463800497934
}