{
  "No direct optim ancestor": "None",
  "umap1": 0.34187338866951367,
  "umap2": 0.7444163180452205
}