{
  "No direct optim ancestor": "None",
  "umap1": 0.4546223366481106,
  "umap2": 0.4874356679204157
}