{
  "No direct optim ancestor": "None",
  "umap1": 0.6366697938061271,
  "umap2": 0.14339933967592355
}