{
  "No direct optim ancestor": "None",
  "umap1": 0.8639901785666779,
  "umap2": 0.843915036635165
}