{
  "No direct optim ancestor": "None",
  "umap1": 0.12104470029101533,
  "umap2": 0.3558956019916809
}