{
  "No direct optim ancestor": "None",
  "umap1": 0.7228838934246451,
  "umap2": 0.5683682543718833
}