{
  "No direct optim ancestor": "None",
  "umap1": 0.0511903701803077,
  "umap2": 0.5232257160453878
}