{
  "Direct optim goal": "a photo of a red planet with six green moons",
  "umap1": 0.704851170873883,
  "umap2": 0.26689056342859707
}