{
  "No direct optim ancestor": "None",
  "umap1": 0.31918386251733677,
  "umap2": 0.5339080301450043
}