{
  "No direct optim ancestor": "None",
  "umap1": 0.5027600012904535,
  "umap2": 0.7140087756115409
}