{
  "No direct optim ancestor": "None",
  "umap1": 0.021879215269034247,
  "umap2": 0.15575035891053435
}