{
  "No direct optim ancestor": "None",
  "umap1": 0.4468606573856817,
  "umap2": 0.5559855321103739
}