{
  "No direct optim ancestor": "None",
  "umap1": 0.7761622741745853,
  "umap2": 0.45779659158555286
}