{
  "No direct optim ancestor": "None",
  "umap1": 0.2549917278507119,
  "umap2": 0.7446782312971837
}