{
  "No direct optim ancestor": "None",
  "umap1": 0.9241048471748813,
  "umap2": 0.18257926048577489
}