{
  "No direct optim ancestor": "None",
  "umap1": 0.7520086085725555,
  "umap2": 0.8797716020697252
}