{
  "No direct optim ancestor": "None",
  "umap1": 0.4617377057533394,
  "umap2": 0.38845352114336307
}