{
  "No direct optim ancestor": "None",
  "umap1": 0.6411782485516079,
  "umap2": 0.0014722888374240073
}