{
  "No direct optim ancestor": "None",
  "umap1": 0.7036040456488905,
  "umap2": 0.7397710869785077
}