{
  "No direct optim ancestor": "None",
  "umap1": 0.19621240150499397,
  "umap2": 0.7605973208917576
}