{
  "No direct optim ancestor": "None",
  "umap1": 0.9195366489876906,
  "umap2": 0.9277129821084672
}