{
  "No direct optim ancestor": "None",
  "umap1": 0.5709975174267764,
  "umap2": 0.06521242211151901
}