{
  "No direct optim ancestor": "None",
  "umap1": 0.14348714249649075,
  "umap2": 0.7174713495183622
}