{
  "No direct optim ancestor": "None",
  "umap1": 0.9233442204078015,
  "umap2": 0.15003623107887198
}