{
  "No direct optim ancestor": "None",
  "umap1": 0.9488601801698692,
  "umap2": 0.6086553315911507
}