{
  "No direct optim ancestor": "None",
  "umap1": 0.9887129294907825,
  "umap2": 0.05433587623361669
}