{
  "No direct optim ancestor": "None",
  "umap1": 0.7820372398840985,
  "umap2": 0.6418831602138362
}