{
  "No direct optim ancestor": "None",
  "umap1": 0.5584640880318885,
  "umap2": 0.10840386124974044
}