{
  "No direct optim ancestor": "None",
  "umap1": 0.4238563750716713,
  "umap2": 0.4245306994455784
}