{
  "No direct optim ancestor": "None",
  "umap1": 0.9238606284041657,
  "umap2": 0.8653406380657092
}