{
  "No direct optim ancestor": "None",
  "umap1": 0.3174975795749714,
  "umap2": 0.9947067621785917
}