{
  "No direct optim ancestor": "None",
  "umap1": 0.43447098228144043,
  "umap2": 0.9388199901300989
}