{
  "No direct optim ancestor": "None",
  "umap1": 0.4541909680507945,
  "umap2": 0.10184349008790727
}