{
  "No direct optim ancestor": "None",
  "umap1": 0.8035645092223843,
  "umap2": 0.9442360569009197
}