{
  "No direct optim ancestor": "None",
  "umap1": 0.8536869314970377,
  "umap2": 0.1119476427929007
}