{
  "No direct optim ancestor": "None",
  "umap1": 0.9078555979290635,
  "umap2": 0.9207528833717458
}