{
  "No direct optim ancestor": "None",
  "umap1": 0.09388671225777978,
  "umap2": 0.35211863507088426
}