{
  "No direct optim ancestor": "None",
  "umap1": 0.28037805954347284,
  "umap2": 0.9509351659525764
}