{
  "No direct optim ancestor": "None",
  "umap1": 0.17798797178452164,
  "umap2": 0.7841287742623374
}