{
  "No direct optim ancestor": "None",
  "umap1": 0.8759321927795588,
  "umap2": 0.5072963650532283
}