{
  "No direct optim ancestor": "None",
  "umap1": 0.8361986807410027,
  "umap2": 0.1373729612811857
}