{
  "No direct optim ancestor": "None",
  "umap1": 0.1622409476348078,
  "umap2": 0.2660087609194355
}