{
  "Direct optim goal": "a photo of a red six-pointed star with green outline",
  "umap1": 0.5498013433307525,
  "umap2": 0.42139399387906407
}