{
  "No direct optim ancestor": "None",
  "umap1": 0.3818918456687779,
  "umap2": 0.14566576529212216
}