{
  "No direct optim ancestor": "None",
  "umap1": 0.9876883176297344,
  "umap2": 0.47287590042067873
}