{
  "No direct optim ancestor": "None",
  "umap1": 0.2738123058637627,
  "umap2": 0.18130339137201523
}