{
  "Direct optim goal": "a photo of a green fern leaf",
  "umap1": 0.2765351271511767,
  "umap2": 0.8977546264865869
}