{
  "No direct optim ancestor": "None",
  "umap1": 0.10914360411466495,
  "umap2": 0.4733989990486346
}