{
  "No direct optim ancestor": "None",
  "umap1": 0.06671193890952898,
  "umap2": 0.538363839058218
}