{
  "Ancestor's direct optim goal": "a photo of a starfish with five red arms and green spots",
  "umap1": 0.6889134841350997,
  "umap2": 0.7439981730839791
}