{
  "No direct optim ancestor": "None",
  "umap1": 0.2453689800428921,
  "umap2": 0.32207944319187864
}