{
  "No direct optim ancestor": "None",
  "umap1": 0.9154654398218987,
  "umap2": 0.5767872684718868
}