{
  "No direct optim ancestor": "None",
  "umap1": 0.9701549174592701,
  "umap2": 0.896864824033223
}