{
  "No direct optim ancestor": "None",
  "umap1": 0.3158125239146461,
  "umap2": 0.9678671555065245
}