{
  "No direct optim ancestor": "None",
  "umap1": 0.9691031057876167,
  "umap2": 0.39848058512383333
}