{
  "No direct optim ancestor": "None",
  "umap1": 0.9232007635675797,
  "umap2": 0.19272596258468944
}