{
  "No direct optim ancestor": "None",
  "umap1": 0.16413935475082375,
  "umap2": 0.7748146424375654
}