{
  "No direct optim ancestor": "None",
  "umap1": 0.9120970187490841,
  "umap2": 0.16078693829293056
}