{
  "No direct optim ancestor": "None",
  "umap1": 0.004349042695497296,
  "umap2": 0.7213162123288904
}