{
  "No direct optim ancestor": "None",
  "umap1": 0.2938224969784058,
  "umap2": 0.3494952252556083
}