{
  "No direct optim ancestor": "None",
  "umap1": 0.9491232723202996,
  "umap2": 0.5154904074924633
}