{
  "No direct optim ancestor": "None",
  "umap1": 0.40125035007765397,
  "umap2": 0.8958752792886222
}