{
  "No direct optim ancestor": "None",
  "umap1": 0.09359179282132202,
  "umap2": 0.8012127067476676
}