{
  "No direct optim ancestor": "None",
  "umap1": 0.9967380709260322,
  "umap2": 0.0907415407383555
}