{
  "No direct optim ancestor": "None",
  "umap1": 0.48843669264608336,
  "umap2": 0.18346995153976697
}