{
  "No direct optim ancestor": "None",
  "umap1": 0.38244916578170063,
  "umap2": 0.5375575211573732
}