{
  "No direct optim ancestor": "None",
  "umap1": 0.516039116049595,
  "umap2": 0.04366966559262142
}