{
  "No direct optim ancestor": "None",
  "umap1": 0.7733624665021263,
  "umap2": 0.5331700958904566
}