{
  "No direct optim ancestor": "None",
  "umap1": 0.2433038543985624,
  "umap2": 0.3825545959945814
}