{
  "No direct optim ancestor": "None",
  "umap1": 0.42056673655886867,
  "umap2": 0.6764150598857623
}