{
  "No direct optim ancestor": "None",
  "umap1": 0.14301425938653878,
  "umap2": 0.8447697584583049
}