{
  "No direct optim ancestor": "None",
  "umap1": 0.9767520513842957,
  "umap2": 0.6958513980306026
}