{
  "No direct optim ancestor": "None",
  "umap1": 0.11543042412375171,
  "umap2": 0.6540795291589048
}