{
  "No direct optim ancestor": "None",
  "umap1": 0.7132809732510179,
  "umap2": 0.5476728577478523
}