{
  "No direct optim ancestor": "None",
  "umap1": 0.14407494312600821,
  "umap2": 0.7785309530693482
}