{
  "No direct optim ancestor": "None",
  "umap1": 0.3673327998425764,
  "umap2": 0.7625759468150044
}