{
  "No direct optim ancestor": "None",
  "umap1": 0.8699131291399549,
  "umap2": 0.466343536725625
}