{
  "No direct optim ancestor": "None",
  "umap1": 0.9842224608673378,
  "umap2": 0.6632892337957708
}