{
  "No direct optim ancestor": "None",
  "umap1": 0.3850447649712233,
  "umap2": 0.08718447499784454
}