{
  "No direct optim ancestor": "None",
  "umap1": 0.6056086648710809,
  "umap2": 0.7903963864376932
}