{
  "No direct optim ancestor": "None",
  "umap1": 0.5491719008700956,
  "umap2": 0.3847762515226639
}