{
  "No direct optim ancestor": "None",
  "umap1": 0.11944236764883132,
  "umap2": 0.42931681402183675
}