{
  "No direct optim ancestor": "None",
  "umap1": 0.3578110230604692,
  "umap2": 0.6795195003580061
}