{
  "No direct optim ancestor": "None",
  "umap1": 0.40162610238761864,
  "umap2": 0.7956521174074642
}