{
  "No direct optim ancestor": "None",
  "umap1": 0.32283450902346944,
  "umap2": 0.8666982440129218
}