{
  "Direct optim goal": "a photo of a red frog with green eyes and blue feet",
  "umap1": 0.9783380011887783,
  "umap2": 0.5777731949542502
}