{
  "No direct optim ancestor": "None",
  "umap1": 0.14631696399850003,
  "umap2": 0.7693303613231469
}