{
  "No direct optim ancestor": "None",
  "umap1": 0.7693901672614681,
  "umap2": 0.6134502027164325
}