{
  "No direct optim ancestor": "None",
  "umap1": 0.133652486099478,
  "umap2": 0.7621608571960711
}