{
  "No direct optim ancestor": "None",
  "umap1": 0.45743377882059966,
  "umap2": 0.5060434230524471
}