{
  "No direct optim ancestor": "None",
  "umap1": 0.29210951721396894,
  "umap2": 0.4052624923597654
}