{
  "No direct optim ancestor": "None",
  "umap1": 0.8014754837515324,
  "umap2": 0.9006830117951548
}