{
  "No direct optim ancestor": "None",
  "umap1": 0.006805987320363527,
  "umap2": 0.14639084046912698
}