{
  "No direct optim ancestor": "None",
  "umap1": 0.5027042596890278,
  "umap2": 0.5830206125680928
}