{
  "No direct optim ancestor": "None",
  "umap1": 0.8286526082499123,
  "umap2": 0.3441528431521168
}