{
  "No direct optim ancestor": "None",
  "umap1": 0.474608538171178,
  "umap2": 0.42821139227463345
}