{
  "No direct optim ancestor": "None",
  "umap1": 0.5634405465366177,
  "umap2": 0.8354174431739431
}