{
  "No direct optim ancestor": "None",
  "umap1": 0.13777137777636383,
  "umap2": 0.38176362432301847
}