{
  "No direct optim ancestor": "None",
  "umap1": 0.2947803205192334,
  "umap2": 0.4084360122099209
}