{
  "No direct optim ancestor": "None",
  "umap1": 0.5817112871967413,
  "umap2": 0.5729635735121219
}