{
  "No direct optim ancestor": "None",
  "umap1": 0.7239487706915291,
  "umap2": 0.017738464439299606
}