{
  "No direct optim ancestor": "None",
  "umap1": 0.7078946532183303,
  "umap2": 0.644534238171681
}