{
  "No direct optim ancestor": "None",
  "umap1": 0.10199311981789239,
  "umap2": 0.9839819028807469
}