{
  "No direct optim ancestor": "None",
  "umap1": 0.686497027152995,
  "umap2": 0.2232695166762556
}