{
  "No direct optim ancestor": "None",
  "umap1": 0.6525668952222877,
  "umap2": 0.9542290518659226
}