{
  "No direct optim ancestor": "None",
  "umap1": 0.1451218403647141,
  "umap2": 0.8770499406708054
}