{
  "No direct optim ancestor": "None",
  "umap1": 0.3391719405328274,
  "umap2": 0.09812902533322154
}