{
  "No direct optim ancestor": "None",
  "umap1": 0.9898015353226833,
  "umap2": 0.8429505839513751
}