{
  "No direct optim ancestor": "None",
  "umap1": 0.2631041290874817,
  "umap2": 0.6751527854374955
}