{
  "No direct optim ancestor": "None",
  "umap1": 0.7636090924946656,
  "umap2": 0.5176514129078285
}