{
  "No direct optim ancestor": "None",
  "umap1": 0.8695349094118222,
  "umap2": 0.03505829611436273
}