{
  "No direct optim ancestor": "None",
  "umap1": 0.4567879119612156,
  "umap2": 0.4677934993567402
}