{
  "No direct optim ancestor": "None",
  "umap1": 0.578335573081712,
  "umap2": 0.9740042568557719
}