{
  "No direct optim ancestor": "None",
  "umap1": 0.07979564553669127,
  "umap2": 0.5243834480958799
}