{
  "No direct optim ancestor": "None",
  "umap1": 0.4741905660485124,
  "umap2": 0.5028399143283108
}