{
  "No direct optim ancestor": "None",
  "umap1": 0.5033321003948494,
  "umap2": 0.4157043712021653
}