{
  "No direct optim ancestor": "None",
  "umap1": 0.26789236437153097,
  "umap2": 0.4366229805092128
}