{
  "No direct optim ancestor": "None",
  "umap1": 0.5460644744502575,
  "umap2": 0.7991303467878832
}