{
  "No direct optim ancestor": "None",
  "umap1": 0.7447393262006419,
  "umap2": 0.3119283498219345
}