{
  "No direct optim ancestor": "None",
  "umap1": 0.46546407693831116,
  "umap2": 0.21907904591942695
}