{
  "No direct optim ancestor": "None",
  "umap1": 0.054538077610161495,
  "umap2": 0.3267873817478335
}