{
  "No direct optim ancestor": "None",
  "umap1": 0.7933663048790113,
  "umap2": 0.07663448099913761
}