{
  "No direct optim ancestor": "None",
  "umap1": 0.11374564614042193,
  "umap2": 0.7155602041684276
}