{
  "No direct optim ancestor": "None",
  "umap1": 0.33044150795261373,
  "umap2": 0.4596289214898073
}