{
  "No direct optim ancestor": "None",
  "umap1": 0.15005495090768373,
  "umap2": 0.7745623405747131
}