{
  "No direct optim ancestor": "None",
  "umap1": 0.053033983174914034,
  "umap2": 0.6324333714687826
}