{
  "No direct optim ancestor": "None",
  "umap1": 0.7274945185146316,
  "umap2": 0.4147289565314498
}