{
  "No direct optim ancestor": "None",
  "umap1": 0.42263023539471223,
  "umap2": 0.2110264814180206
}