{
  "No direct optim ancestor": "None",
  "umap1": 0.5158819735243884,
  "umap2": 0.9539547081376204
}