{
  "No direct optim ancestor": "None",
  "umap1": 0.6243946302713965,
  "umap2": 0.4540740982054834
}