{
  "No direct optim ancestor": "None",
  "umap1": 0.6425942220103061,
  "umap2": 0.019114324643876635
}