{
  "No direct optim ancestor": "None",
  "umap1": 0.331315315143644,
  "umap2": 0.39261605221783336
}