{
  "No direct optim ancestor": "None",
  "umap1": 0.9992054383038673,
  "umap2": 0.03931940341650175
}