{
  "No direct optim ancestor": "None",
  "umap1": 0.7403866407952319,
  "umap2": 0.2614814222273122
}