{
  "No direct optim ancestor": "None",
  "umap1": 0.3046019513211047,
  "umap2": 0.982028770380362
}