{
  "No direct optim ancestor": "None",
  "umap1": 0.8757536219298195,
  "umap2": 0.2827795792720602
}