{
  "No direct optim ancestor": "None",
  "umap1": 0.05346585073074017,
  "umap2": 0.6167969676051164
}