{
  "No direct optim ancestor": "None",
  "umap1": 0.11930385464389681,
  "umap2": 0.762761344478011
}