{
  "No direct optim ancestor": "None",
  "umap1": 0.1431882042334781,
  "umap2": 0.6877781939098055
}