{
  "No direct optim ancestor": "None",
  "umap1": 0.10923475944996208,
  "umap2": 0.7714074981250713
}