{
  "No direct optim ancestor": "None",
  "umap1": 0.9238427524458864,
  "umap2": 0.22929368134400563
}