{
  "No direct optim ancestor": "None",
  "umap1": 0.7894749152833995,
  "umap2": 0.056629764026572826
}