{
  "No direct optim ancestor": "None",
  "umap1": 0.06838792750163958,
  "umap2": 0.7286864105421786
}