{
  "No direct optim ancestor": "None",
  "umap1": 0.702276444769329,
  "umap2": 0.3713750853248575
}