{
  "No direct optim ancestor": "None",
  "umap1": 0.8485030520464063,
  "umap2": 0.7490673695030777
}