{
  "No direct optim ancestor": "None",
  "umap1": 0.742433362920464,
  "umap2": 0.47236500933191794
}