{
  "No direct optim ancestor": "None",
  "umap1": 0.9060532030106869,
  "umap2": 0.865926765961575
}