{
  "No direct optim ancestor": "None",
  "umap1": 0.5968424231869492,
  "umap2": 0.14533954410536087
}