{
  "No direct optim ancestor": "None",
  "umap1": 0.05337260849782266,
  "umap2": 0.39160882791019536
}