{
  "No direct optim ancestor": "None",
  "umap1": 0.3672489762621508,
  "umap2": 0.936860005328512
}