{
  "No direct optim ancestor": "None",
  "umap1": 0.1534875507647938,
  "umap2": 0.436955994894367
}