{
  "No direct optim ancestor": "None",
  "umap1": 0.47525538436087467,
  "umap2": 0.37256154184896273
}