{
  "No direct optim ancestor": "None",
  "umap1": 0.7621939065053746,
  "umap2": 0.11131911188069332
}