{
  "No direct optim ancestor": "None",
  "umap1": 0.3673049884287267,
  "umap2": 0.9517606338196406
}