{
  "No direct optim ancestor": "None",
  "umap1": 0.8228790957613752,
  "umap2": 0.5296080218783356
}