{
  "No direct optim ancestor": "None",
  "umap1": 0.36135518992523274,
  "umap2": 0.5958297980695931
}