{
  "No direct optim ancestor": "None",
  "umap1": 0.13193173877094588,
  "umap2": 0.33175255649018975
}