{
  "No direct optim ancestor": "None",
  "umap1": 0.634770164255355,
  "umap2": 0.5472370575740504
}