{
  "No direct optim ancestor": "None",
  "umap1": 0.5493254137956534,
  "umap2": 0.23343165589070425
}