{
  "No direct optim ancestor": "None",
  "umap1": 0.6523564945013076,
  "umap2": 0.8399081024125248
}