{
  "No direct optim ancestor": "None",
  "umap1": 0.39530480018884995,
  "umap2": 0.863506985265205
}