{
  "No direct optim ancestor": "None",
  "umap1": 0.4954688532531648,
  "umap2": 0.7037259170807815
}