{
  "No direct optim ancestor": "None",
  "umap1": 0.5133353287574502,
  "umap2": 0.704156100507608
}