{
  "No direct optim ancestor": "None",
  "umap1": 0.9497374619363276,
  "umap2": 0.9893651084350663
}