{
  "No direct optim ancestor": "None",
  "umap1": 0.9846546558737197,
  "umap2": 0.412788174756343
}