{
  "No direct optim ancestor": "None",
  "umap1": 0.866531408836558,
  "umap2": 0.3526290284867306
}