{
  "No direct optim ancestor": "None",
  "umap1": 0.226233556824185,
  "umap2": 0.44113883809472976
}