{
  "No direct optim ancestor": "None",
  "umap1": 0.21407122334356632,
  "umap2": 0.1492412820385045
}