{
  "No direct optim ancestor": "None",
  "umap1": 0.40434609935446597,
  "umap2": 0.9162231931065731
}