{
  "No direct optim ancestor": "None",
  "umap1": 0.2060997951991712,
  "umap2": 0.9513973083122237
}