{
  "No direct optim ancestor": "None",
  "umap1": 0.07143410436425979,
  "umap2": 0.44473797356323386
}