{
  "No direct optim ancestor": "None",
  "umap1": 0.26560693510339495,
  "umap2": 0.5023178658464449
}