{
  "No direct optim ancestor": "None",
  "umap1": 0.11819364778931951,
  "umap2": 0.5663985519134963
}