{
  "No direct optim ancestor": "None",
  "umap1": 0.15212146264532989,
  "umap2": 0.21735919033285267
}