{
  "No direct optim ancestor": "None",
  "umap1": 0.07495355054395336,
  "umap2": 0.7925013617647277
}