{
  "No direct optim ancestor": "None",
  "umap1": 0.9346046579731252,
  "umap2": 0.2783113773167698
}