{
  "No direct optim ancestor": "None",
  "umap1": 0.5339301654973687,
  "umap2": 0.849505793466873
}