{
  "No direct optim ancestor": "None",
  "umap1": 0.706419167601737,
  "umap2": 0.3963555261925089
}