{
  "No direct optim ancestor": "None",
  "umap1": 0.5572563409431296,
  "umap2": 0.28422736978584473
}