{
  "No direct optim ancestor": "None",
  "umap1": 0.5922648415710381,
  "umap2": 0.23928224627297434
}