{
  "No direct optim ancestor": "None",
  "umap1": 0.1573552756894666,
  "umap2": 0.7100726681061751
}