{
  "No direct optim ancestor": "None",
  "umap1": 0.4632912124075028,
  "umap2": 0.9660526856189744
}