{
  "No direct optim ancestor": "None",
  "umap1": 0.7287818599562492,
  "umap2": 0.8594721542467207
}