{
  "No direct optim ancestor": "None",
  "umap1": 0.20458236048766243,
  "umap2": 0.6450574568295523
}