{
  "No direct optim ancestor": "None",
  "umap1": 0.4886624734350691,
  "umap2": 0.8031002004886132
}