{
  "No direct optim ancestor": "None",
  "umap1": 0.6393491550733016,
  "umap2": 0.5482099730611162
}