{
  "No direct optim ancestor": "None",
  "umap1": 0.7466814436179335,
  "umap2": 0.9347685830190305
}