{
  "No direct optim ancestor": "None",
  "umap1": 0.35649822392419905,
  "umap2": 0.30487752067429175
}