{
  "No direct optim ancestor": "None",
  "umap1": 0.6050639441334935,
  "umap2": 0.8628460660926174
}