{
  "No direct optim ancestor": "None",
  "umap1": 0.11750067347855164,
  "umap2": 0.9413234692430834
}