{
  "No direct optim ancestor": "None",
  "umap1": 0.5389928488524227,
  "umap2": 0.8355596181152656
}