{
  "No direct optim ancestor": "None",
  "umap1": 0.2832990575849683,
  "umap2": 0.7479308599957792
}