{
  "No direct optim ancestor": "None",
  "umap1": 0.24581810392429038,
  "umap2": 0.8078380426288936
}