{
  "No direct optim ancestor": "None",
  "umap1": 0.5550808297735867,
  "umap2": 0.32977566906875244
}