{
  "No direct optim ancestor": "None",
  "umap1": 0.539794141505106,
  "umap2": 0.9690251643756829
}