{
  "No direct optim ancestor": "None",
  "umap1": 0.6590779241468728,
  "umap2": 0.5995733298115916
}