{
  "No direct optim ancestor": "None",
  "umap1": 0.028672033244005135,
  "umap2": 0.48302529953870366
}