{
  "No direct optim ancestor": "None",
  "umap1": 0.5285290180683673,
  "umap2": 0.49579678930770277
}