{
  "No direct optim ancestor": "None",
  "umap1": 0.4183470863519627,
  "umap2": 0.8755780396081897
}