{
  "No direct optim ancestor": "None",
  "umap1": 0.3942585488680901,
  "umap2": 0.3685144188298388
}