{
  "No direct optim ancestor": "None",
  "umap1": 0.8915910255868242,
  "umap2": 0.9469210798241517
}