{
  "No direct optim ancestor": "None",
  "umap1": 0.6929059349705732,
  "umap2": 0.32559894065855677
}