{
  "No direct optim ancestor": "None",
  "umap1": 0.05593374516225447,
  "umap2": 0.02821100458541781
}