{
  "No direct optim ancestor": "None",
  "umap1": 0.4457652293356229,
  "umap2": 0.3642537055913284
}