{
  "No direct optim ancestor": "None",
  "umap1": 0.6790504709117373,
  "umap2": 0.5983602669890316
}