{
  "No direct optim ancestor": "None",
  "umap1": 0.8655699090525614,
  "umap2": 0.21081935229145576
}