{
  "No direct optim ancestor": "None",
  "umap1": 0.4901946817774454,
  "umap2": 0.763717893143207
}