{
  "No direct optim ancestor": "None",
  "umap1": 0.8402892365755472,
  "umap2": 0.7916904748567161
}