{
  "No direct optim ancestor": "None",
  "umap1": 0.39131475889189293,
  "umap2": 0.06347017114529929
}