{
  "No direct optim ancestor": "None",
  "umap1": 0.2600987178445413,
  "umap2": 0.005544425337132952
}