{
  "No direct optim ancestor": "None",
  "umap1": 0.3998322099046917,
  "umap2": 0.5734725042074515
}