{
  "No direct optim ancestor": "None",
  "umap1": 0.7293556669617788,
  "umap2": 0.7963922805094594
}