{
  "No direct optim ancestor": "None",
  "umap1": 0.47481306282460023,
  "umap2": 0.334282546454002
}