{
  "No direct optim ancestor": "None",
  "umap1": 0.6225623138886255,
  "umap2": 0.1455091765904727
}