{
  "No direct optim ancestor": "None",
  "umap1": 0.2411497970655465,
  "umap2": 0.17835580587842192
}