{
  "No direct optim ancestor": "None",
  "umap1": 0.08498961779458247,
  "umap2": 0.6224557112548134
}