{
  "No direct optim ancestor": "None",
  "umap1": 0.5473396704012482,
  "umap2": 0.2718661674656484
}