{
  "No direct optim ancestor": "None",
  "umap1": 0.24248700750011754,
  "umap2": 0.17106168105546093
}