{
  "No direct optim ancestor": "None",
  "umap1": 0.7212875657444807,
  "umap2": 0.3098117483396087
}