{
  "No direct optim ancestor": "None",
  "umap1": 0.5042505534298134,
  "umap2": 0.07929677013465641
}