{
  "No direct optim ancestor": "None",
  "umap1": 0.7173382273462527,
  "umap2": 0.7050140904842525
}