{
  "No direct optim ancestor": "None",
  "umap1": 0.09648160487158475,
  "umap2": 0.051939501678376465
}