{
  "No direct optim ancestor": "None",
  "umap1": 0.1545948537973928,
  "umap2": 0.5661235733487835
}