{
  "No direct optim ancestor": "None",
  "umap1": 0.33512865123353663,
  "umap2": 0.29624628507113093
}