{
  "No direct optim ancestor": "None",
  "umap1": 0.16040754580390515,
  "umap2": 0.7471593659056079
}