{
  "No direct optim ancestor": "None",
  "umap1": 0.6320333305606907,
  "umap2": 0.5307608816890006
}