{
  "No direct optim ancestor": "None",
  "umap1": 0.7569513166357406,
  "umap2": 0.26168174960600454
}