{
  "No direct optim ancestor": "None",
  "umap1": 0.6035749253033819,
  "umap2": 0.008938557769105793
}