{
  "No direct optim ancestor": "None",
  "umap1": 0.915626547396976,
  "umap2": 0.4931725420885569
}