{
  "No direct optim ancestor": "None",
  "umap1": 0.5260514669642946,
  "umap2": 0.28635418016123726
}