{
  "No direct optim ancestor": "None",
  "umap1": 0.7891922501512281,
  "umap2": 0.07004239071836527
}