{
  "No direct optim ancestor": "None",
  "umap1": 0.325342702033402,
  "umap2": 0.1898070954642107
}