{
  "No direct optim ancestor": "None",
  "umap1": 0.12141206108874147,
  "umap2": 0.37773019609974723
}