{
  "No direct optim ancestor": "None",
  "umap1": 0.9289793450164331,
  "umap2": 0.05439412812211242
}