{
  "No direct optim ancestor": "None",
  "umap1": 0.4972394526575856,
  "umap2": 0.9521676738429106
}