{
  "No direct optim ancestor": "None",
  "umap1": 0.0720853537341195,
  "umap2": 0.019394812568961806
}