{
  "No direct optim ancestor": "None",
  "umap1": 0.30095649810743574,
  "umap2": 0.33065300387972574
}