{
  "No direct optim ancestor": "None",
  "umap1": 0.9264614076118066,
  "umap2": 0.8264250482624619
}