{
  "No direct optim ancestor": "None",
  "umap1": 0.38018630504944817,
  "umap2": 0.5016854941683309
}