{
  "No direct optim ancestor": "None",
  "umap1": 0.9685116618015266,
  "umap2": 0.7077623341956141
}