{
  "No direct optim ancestor": "None",
  "umap1": 0.25613722474193845,
  "umap2": 0.8601309773951467
}