{
  "No direct optim ancestor": "None",
  "umap1": 0.5193927862921108,
  "umap2": 0.7787847670075427
}