{
  "No direct optim ancestor": "None",
  "umap1": 0.5350428742612858,
  "umap2": 0.3009392223659756
}