{
  "No direct optim ancestor": "None",
  "umap1": 0.7101179950566825,
  "umap2": 0.19668152986015341
}