{
  "No direct optim ancestor": "None",
  "umap1": 0.7402089947382716,
  "umap2": 0.8470870869176059
}