{
  "No direct optim ancestor": "None",
  "umap1": 0.5478420480219148,
  "umap2": 0.5672277844846527
}