{
  "No direct optim ancestor": "None",
  "umap1": 0.5595304315081797,
  "umap2": 0.12975870226646657
}