{
  "No direct optim ancestor": "None",
  "umap1": 0.5787451860285874,
  "umap2": 0.13657637031072056
}