{
  "No direct optim ancestor": "None",
  "umap1": 0.3714722901797004,
  "umap2": 0.5920063291903934
}