{
  "No direct optim ancestor": "None",
  "umap1": 0.639651040354354,
  "umap2": 0.6234879631968903
}