{
  "No direct optim ancestor": "None",
  "umap1": 0.5225116281571519,
  "umap2": 0.1354408352332498
}