{
  "No direct optim ancestor": "None",
  "umap1": 0.3998169363929609,
  "umap2": 0.5658504572056628
}