{
  "No direct optim ancestor": "None",
  "umap1": 0.30041705395381246,
  "umap2": 0.2094266930019516
}