{
  "No direct optim ancestor": "None",
  "umap1": 0.05250885632386881,
  "umap2": 0.3946457539440379
}