{
  "No direct optim ancestor": "None",
  "umap1": 0.7101024791345125,
  "umap2": 0.4542821827045469
}