{
  "No direct optim ancestor": "None",
  "umap1": 0.3106827581212317,
  "umap2": 0.3932754792140297
}