{
  "No direct optim ancestor": "None",
  "umap1": 0.4133450364326615,
  "umap2": 0.6805263316104905
}