{
  "No direct optim ancestor": "None",
  "umap1": 0.4691559466788029,
  "umap2": 0.5172237851693191
}