{
  "No direct optim ancestor": "None",
  "umap1": 0.7950384753270668,
  "umap2": 0.2328990231320981
}