{
  "No direct optim ancestor": "None",
  "umap1": 0.21117189459569963,
  "umap2": 0.9332524984107086
}