{
  "No direct optim ancestor": "None",
  "umap1": 0.5844135224088428,
  "umap2": 0.6162413155467548
}