{
  "No direct optim ancestor": "None",
  "umap1": 0.9211515933059878,
  "umap2": 0.223196827127232
}