{
  "No direct optim ancestor": "None",
  "umap1": 0.3225765213678393,
  "umap2": 0.7277306863786289
}