{
  "No direct optim ancestor": "None",
  "umap1": 0.35668720732389814,
  "umap2": 0.6631249266775766
}