{
  "No direct optim ancestor": "None",
  "umap1": 0.11383606527182133,
  "umap2": 0.0506509241272024
}