{
  "No direct optim ancestor": "None",
  "umap1": 0.5124284050228298,
  "umap2": 0.9617815204582283
}