{
  "No direct optim ancestor": "None",
  "umap1": 0.5714964409630495,
  "umap2": 0.04286828382102703
}