{
  "No direct optim ancestor": "None",
  "umap1": 0.22643432167383548,
  "umap2": 0.16144738640122835
}