{
  "No direct optim ancestor": "None",
  "umap1": 0.7543585744324708,
  "umap2": 0.17767206886297682
}