{
  "No direct optim ancestor": "None",
  "umap1": 0.6084668087343049,
  "umap2": 0.03328609632131052
}