{
  "No direct optim ancestor": "None",
  "umap1": 0.13928861491805888,
  "umap2": 0.2558994692749639
}