{
  "No direct optim ancestor": "None",
  "umap1": 0.5473514618817078,
  "umap2": 0.8480361891807728
}