{
  "No direct optim ancestor": "None",
  "umap1": 0.41649426510834786,
  "umap2": 0.6258604243682694
}