{
  "No direct optim ancestor": "None",
  "umap1": 0.06685649776404812,
  "umap2": 0.011869595796469845
}