{
  "No direct optim ancestor": "None",
  "umap1": 0.490713448673441,
  "umap2": 0.8739223584586805
}