{
  "No direct optim ancestor": "None",
  "umap1": 0.8824857578639181,
  "umap2": 0.08787489368415158
}