{
  "No direct optim ancestor": "None",
  "umap1": 0.8347781112113629,
  "umap2": 0.925284206685738
}