{
  "No direct optim ancestor": "None",
  "umap1": 0.8767624412809064,
  "umap2": 0.025822551090903256
}