{
  "No direct optim ancestor": "None",
  "umap1": 0.6570469910398858,
  "umap2": 0.47983193701301474
}