{
  "No direct optim ancestor": "None",
  "umap1": 0.6134664182253112,
  "umap2": 0.012529644888252367
}