{
  "No direct optim ancestor": "None",
  "umap1": 0.7909459505596202,
  "umap2": 0.5594634516327253
}