{
  "No direct optim ancestor": "None",
  "umap1": 0.8333676587190851,
  "umap2": 0.06700426047954389
}