{
  "No direct optim ancestor": "None",
  "umap1": 0.6078824514217676,
  "umap2": 0.3140349284228857
}