{
  "No direct optim ancestor": "None",
  "umap1": 0.46045815948106716,
  "umap2": 0.9535566780001316
}