{
  "No direct optim ancestor": "None",
  "umap1": 0.5435216097226049,
  "umap2": 0.16489313045037057
}