{
  "No direct optim ancestor": "None",
  "umap1": 0.9397850735763549,
  "umap2": 0.12518890873480293
}