{
  "No direct optim ancestor": "None",
  "umap1": 0.21489377665484088,
  "umap2": 0.538268286304364
}