{
  "No direct optim ancestor": "None",
  "umap1": 0.046951960976987395,
  "umap2": 0.07108758430896844
}