{
  "No direct optim ancestor": "None",
  "umap1": 0.4854817502996166,
  "umap2": 0.9517829062496795
}