{
  "No direct optim ancestor": "None",
  "umap1": 0.026920491960339854,
  "umap2": 0.13453280104826293
}