{
  "No direct optim ancestor": "None",
  "umap1": 0.9640413347980442,
  "umap2": 0.7731168227170772
}