{
  "No direct optim ancestor": "None",
  "umap1": 0.7798203721522324,
  "umap2": 0.2957405412969405
}