{
  "No direct optim ancestor": "None",
  "umap1": 0.04788345978800834,
  "umap2": 0.2236674660847977
}