{
  "No direct optim ancestor": "None",
  "umap1": 0.3034845566924024,
  "umap2": 0.18988117988888742
}