{
  "No direct optim ancestor": "None",
  "umap1": 0.09096860377942317,
  "umap2": 0.05840914643675699
}