{
  "No direct optim ancestor": "None",
  "umap1": 0.9914213364583029,
  "umap2": 0.4300516842639962
}