{
  "No direct optim ancestor": "None",
  "umap1": 0.715683392074281,
  "umap2": 0.39638546981709566
}