{
  "No direct optim ancestor": "None",
  "umap1": 0.2354572007131922,
  "umap2": 0.05218638097584205
}