{
  "No direct optim ancestor": "None",
  "umap1": 0.8479110725618536,
  "umap2": 0.03812806240420008
}