{
  "No direct optim ancestor": "None",
  "umap1": 0.6948343406911571,
  "umap2": 0.3051019176485259
}