{
  "No direct optim ancestor": "None",
  "umap1": 0.4815920295521283,
  "umap2": 0.0372526592074367
}