{
  "No direct optim ancestor": "None",
  "umap1": 0.850190064697316,
  "umap2": 0.3195196907335748
}