{
  "No direct optim ancestor": "None",
  "umap1": 0.5567636242758895,
  "umap2": 0.06887089214539877
}