{
  "No direct optim ancestor": "None",
  "umap1": 0.9011081402713087,
  "umap2": 0.8597932041427734
}