{
  "No direct optim ancestor": "None",
  "umap1": 0.9033048695648666,
  "umap2": 0.7531367981162875
}