{
  "No direct optim ancestor": "None",
  "umap1": 0.7416722554831147,
  "umap2": 0.7212056370977442
}