{
  "No direct optim ancestor": "None",
  "umap1": 0.845712926278341,
  "umap2": 0.27011697875932006
}