{
  "No direct optim ancestor": "None",
  "umap1": 0.705303349533391,
  "umap2": 0.3049675022429641
}