{
  "No direct optim ancestor": "None",
  "umap1": 0.2963324707597633,
  "umap2": 0.54064333837121
}