{
  "No direct optim ancestor": "None",
  "umap1": 0.3281321284284625,
  "umap2": 0.5343758682134075
}