{
  "No direct optim ancestor": "None",
  "umap1": 0.9772919624250106,
  "umap2": 0.6063641452640521
}