{
  "No direct optim ancestor": "None",
  "umap1": 0.30397161760710234,
  "umap2": 0.051262375834213114
}