{
  "No direct optim ancestor": "None",
  "umap1": 0.6589365778791896,
  "umap2": 0.7366836616678353
}