{
  "No direct optim ancestor": "None",
  "umap1": 0.6816111189842833,
  "umap2": 0.865850286757398
}