{
  "No direct optim ancestor": "None",
  "umap1": 0.6041856387890429,
  "umap2": 0.09358992408744671
}