{
  "No direct optim ancestor": "None",
  "umap1": 0.29286870394429787,
  "umap2": 0.8732432989605327
}