{
  "No direct optim ancestor": "None",
  "umap1": 0.7031743677714057,
  "umap2": 0.46837226447337144
}