{
  "No direct optim ancestor": "None",
  "umap1": 0.1693371655637249,
  "umap2": 0.6498534724652653
}