{
  "No direct optim ancestor": "None",
  "umap1": 0.4022748176717137,
  "umap2": 0.8461563621816901
}