{
  "No direct optim ancestor": "None",
  "umap1": 0.7767236884095308,
  "umap2": 0.9422949356363172
}