{
  "No direct optim ancestor": "None",
  "umap1": 0.7468348096816508,
  "umap2": 0.03800329649388867
}