{
  "No direct optim ancestor": "None",
  "umap1": 0.974072960001839,
  "umap2": 0.5529702060802775
}