{
  "No direct optim ancestor": "None",
  "umap1": 0.9284053002811401,
  "umap2": 0.5255786975531358
}