{
  "No direct optim ancestor": "None",
  "umap1": 0.6276436425830086,
  "umap2": 0.6307944970779207
}