{
  "No direct optim ancestor": "None",
  "umap1": 0.566032698418316,
  "umap2": 0.8516200389494233
}