{
  "No direct optim ancestor": "None",
  "umap1": 0.11753287045349026,
  "umap2": 0.3320542131343469
}