{
  "No direct optim ancestor": "None",
  "umap1": 0.6408119910873047,
  "umap2": 0.06684660376905982
}