{
  "No direct optim ancestor": "None",
  "umap1": 0.7286100851992886,
  "umap2": 0.506875090106176
}