{
  "No direct optim ancestor": "None",
  "umap1": 0.9017620472055503,
  "umap2": 0.5133248674849353
}