{
  "No direct optim ancestor": "None",
  "umap1": 0.8304338273540095,
  "umap2": 0.5888279025736608
}