{
  "No direct optim ancestor": "None",
  "umap1": 0.36225885587653783,
  "umap2": 0.8783871093217586
}