{
  "No direct optim ancestor": "None",
  "umap1": 0.7517729712906612,
  "umap2": 0.5091507906232458
}