{
  "No direct optim ancestor": "None",
  "umap1": 0.5322187583544383,
  "umap2": 0.4198268681420938
}