{
  "No direct optim ancestor": "None",
  "umap1": 0.1818111845234629,
  "umap2": 0.42035600876570633
}