{
  "No direct optim ancestor": "None",
  "umap1": 0.1832360634533351,
  "umap2": 0.9275922208760384
}