{
  "No direct optim ancestor": "None",
  "umap1": 0.5138922208623584,
  "umap2": 0.434229861540384
}