{
  "No direct optim ancestor": "None",
  "umap1": 0.941317413820184,
  "umap2": 0.6531135140147653
}