{
  "No direct optim ancestor": "None",
  "umap1": 0.3724125953109937,
  "umap2": 0.9389244997235099
}