{
  "No direct optim ancestor": "None",
  "umap1": 0.17238955688282875,
  "umap2": 0.7257049618432141
}