{
  "No direct optim ancestor": "None",
  "umap1": 0.31173991643041377,
  "umap2": 0.29611985815274156
}