{
  "No direct optim ancestor": "None",
  "umap1": 0.5783122636753831,
  "umap2": 0.8693162303306656
}