{
  "No direct optim ancestor": "None",
  "umap1": 0.13697800458052767,
  "umap2": 0.4071707641034562
}