{
  "No direct optim ancestor": "None",
  "umap1": 0.09832958718696638,
  "umap2": 0.7600696826749822
}