{
  "No direct optim ancestor": "None",
  "umap1": 0.12146937089994592,
  "umap2": 0.9603521093190815
}