{
  "No direct optim ancestor": "None",
  "umap1": 0.627177319641769,
  "umap2": 0.3250345768220201
}