{
  "No direct optim ancestor": "None",
  "umap1": 0.27879139353120697,
  "umap2": 0.9176452731963947
}