{
  "No direct optim ancestor": "None",
  "umap1": 0.33803405264478015,
  "umap2": 0.9049460239303907
}