{
  "No direct optim ancestor": "None",
  "umap1": 0.7066818949307189,
  "umap2": 0.6275714625898854
}