{
  "No direct optim ancestor": "None",
  "umap1": 0.3368254638926633,
  "umap2": 0.9822736059060687
}