{
  "No direct optim ancestor": "None",
  "umap1": 0.6500112079576273,
  "umap2": 0.6095618382050494
}