{
  "No direct optim ancestor": "None",
  "umap1": 0.3661359196949794,
  "umap2": 0.7882267473976761
}