{
  "No direct optim ancestor": "None",
  "umap1": 0.7344099074474127,
  "umap2": 0.259525490390739
}