{
  "No direct optim ancestor": "None",
  "umap1": 0.061836415303062164,
  "umap2": 0.9128247029028795
}