{
  "No direct optim ancestor": "None",
  "umap1": 0.6345770720644823,
  "umap2": 0.482920688357512
}