{
  "No direct optim ancestor": "None",
  "umap1": 0.7185371019616373,
  "umap2": 0.5879255252947978
}