{
  "No direct optim ancestor": "None",
  "umap1": 0.07942418018972053,
  "umap2": 0.20231540157479455
}