{
  "No direct optim ancestor": "None",
  "umap1": 0.06749472719717964,
  "umap2": 0.46702820343226736
}