{
  "No direct optim ancestor": "None",
  "umap1": 0.18664478652746097,
  "umap2": 0.7810557827980705
}