{
  "No direct optim ancestor": "None",
  "umap1": 0.1586085873913451,
  "umap2": 0.018559015552642943
}