{
  "No direct optim ancestor": "None",
  "umap1": 0.010992843741777891,
  "umap2": 0.9710858480621901
}