{
  "No direct optim ancestor": "None",
  "umap1": 0.04044269416020119,
  "umap2": 0.018433134100748982
}