{
  "No direct optim ancestor": "None",
  "umap1": 0.5853745681859601,
  "umap2": 0.10404822745216469
}