{
  "No direct optim ancestor": "None",
  "umap1": 0.08682624176773035,
  "umap2": 0.6365497035680339
}