{
  "No direct optim ancestor": "None",
  "umap1": 0.13080866068477515,
  "umap2": 0.7973167168587687
}