{
  "No direct optim ancestor": "None",
  "umap1": 0.7638775325878528,
  "umap2": 0.773510801982649
}