{
  "No direct optim ancestor": "None",
  "umap1": 0.5788741799632323,
  "umap2": 0.6473167152453788
}