{
  "No direct optim ancestor": "None",
  "umap1": 0.5325986160911265,
  "umap2": 0.13102295536534847
}