{
  "No direct optim ancestor": "None",
  "umap1": 0.270714176531504,
  "umap2": 0.83804850001316
}