{
  "No direct optim ancestor": "None",
  "umap1": 0.15504758857839307,
  "umap2": 0.19989269558231593
}