{
  "No direct optim ancestor": "None",
  "umap1": 0.886310906015116,
  "umap2": 0.20326682823600573
}