{
  "No direct optim ancestor": "None",
  "umap1": 0.4370415181175086,
  "umap2": 0.09493310145721601
}