{
  "No direct optim ancestor": "None",
  "umap1": 0.6972779096611806,
  "umap2": 0.25726746748243934
}