{
  "No direct optim ancestor": "None",
  "umap1": 0.5393732794275662,
  "umap2": 0.7755923396532979
}