{
  "No direct optim ancestor": "None",
  "umap1": 0.35483488031456856,
  "umap2": 0.5695617536981504
}