{
  "No direct optim ancestor": "None",
  "umap1": 0.047802992507945286,
  "umap2": 0.27197489510207973
}