{
  "No direct optim ancestor": "None",
  "umap1": 0.3499248170152416,
  "umap2": 0.20734013208978241
}