{
  "No direct optim ancestor": "None",
  "umap1": 0.18287258085372848,
  "umap2": 0.8504514446932663
}