{
  "No direct optim ancestor": "None",
  "umap1": 0.7069880026385527,
  "umap2": 0.3967002080389219
}