{
  "No direct optim ancestor": "None",
  "umap1": 0.37919512173654746,
  "umap2": 0.5912111202934354
}