{
  "No direct optim ancestor": "None",
  "umap1": 0.23694106496653278,
  "umap2": 0.542725267330804
}