{
  "No direct optim ancestor": "None",
  "umap1": 0.4531922574706937,
  "umap2": 0.41416626469113293
}