{
  "No direct optim ancestor": "None",
  "umap1": 0.2202458377349924,
  "umap2": 0.9058908764229612
}