{
  "No direct optim ancestor": "None",
  "umap1": 0.46520258274143733,
  "umap2": 0.005782062828001422
}