{
  "No direct optim ancestor": "None",
  "umap1": 0.026172016989465696,
  "umap2": 0.4279059996111082
}