{
  "No direct optim ancestor": "None",
  "umap1": 0.14008293515884185,
  "umap2": 0.4222681935491003
}