{
  "No direct optim ancestor": "None",
  "umap1": 0.37048011987669216,
  "umap2": 0.7733642439835353
}