{
  "No direct optim ancestor": "None",
  "umap1": 0.9975171464100455,
  "umap2": 0.6690687157728443
}