{
  "No direct optim ancestor": "None",
  "umap1": 0.19965859490279347,
  "umap2": 0.7970814528917803
}