{
  "No direct optim ancestor": "None",
  "umap1": 0.9129087335168564,
  "umap2": 0.988553688383297
}