{
  "No direct optim ancestor": "None",
  "umap1": 0.2881944526833834,
  "umap2": 0.9140887412326293
}