{
  "No direct optim ancestor": "None",
  "umap1": 0.860836987685613,
  "umap2": 0.03844987233245423
}