{
  "No direct optim ancestor": "None",
  "umap1": 0.26785355255669074,
  "umap2": 0.7591576456691232
}