{
  "No direct optim ancestor": "None",
  "umap1": 0.7872144634570427,
  "umap2": 0.27829173331729795
}