{
  "No direct optim ancestor": "None",
  "umap1": 0.6899612936177415,
  "umap2": 0.4764706501341417
}