{
  "No direct optim ancestor": "None",
  "umap1": 0.39889991106253164,
  "umap2": 0.8656577629216716
}