{
  "No direct optim ancestor": "None",
  "umap1": 0.3420610064554578,
  "umap2": 0.9668977284317377
}