{
  "No direct optim ancestor": "None",
  "umap1": 0.6220927598292835,
  "umap2": 0.7906404135432522
}