{
  "No direct optim ancestor": "None",
  "umap1": 0.293322341905751,
  "umap2": 0.03109054256691135
}