{
  "No direct optim ancestor": "None",
  "umap1": 0.3947908068641698,
  "umap2": 0.550865779975124
}