{
  "No direct optim ancestor": "None",
  "umap1": 0.46011036279118833,
  "umap2": 0.6796914796792338
}