{
  "No direct optim ancestor": "None",
  "umap1": 0.01791437990547018,
  "umap2": 0.8298720842332546
}