{
  "No direct optim ancestor": "None",
  "umap1": 0.5378429424771939,
  "umap2": 0.8211513540142994
}