{
  "No direct optim ancestor": "None",
  "umap1": 0.36841338917346256,
  "umap2": 0.15664896689864483
}