{
  "No direct optim ancestor": "None",
  "umap1": 0.5936253277503656,
  "umap2": 0.006031835951590292
}