{
  "No direct optim ancestor": "None",
  "umap1": 0.5987475138830898,
  "umap2": 0.578171526668234
}