{
  "No direct optim ancestor": "None",
  "umap1": 0.2583459067946079,
  "umap2": 0.2320842261664564
}