{
  "No direct optim ancestor": "None",
  "umap1": 0.2999440584080981,
  "umap2": 0.9782036809882757
}