{
  "No direct optim ancestor": "None",
  "umap1": 0.11234052607290179,
  "umap2": 0.643124816137319
}