{
  "No direct optim ancestor": "None",
  "umap1": 0.0014194891789280906,
  "umap2": 0.6250163910801116
}