{
  "No direct optim ancestor": "None",
  "umap1": 0.5422260918492005,
  "umap2": 0.047488479777402004
}