{
  "No direct optim ancestor": "None",
  "umap1": 0.8595040840548689,
  "umap2": 0.3943771034308241
}