{
  "No direct optim ancestor": "None",
  "umap1": 0.6313564240472332,
  "umap2": 0.8384211562417351
}