{
  "No direct optim ancestor": "None",
  "umap1": 0.5793087897462532,
  "umap2": 0.12794088105337398
}