{
  "No direct optim ancestor": "None",
  "umap1": 0.7485634491183547,
  "umap2": 0.5557338014779573
}