{
  "No direct optim ancestor": "None",
  "umap1": 0.8274386104742211,
  "umap2": 0.9072505990905505
}