{
  "No direct optim ancestor": "None",
  "umap1": 0.24481988947770905,
  "umap2": 0.9605843084908614
}