{
  "No direct optim ancestor": "None",
  "umap1": 0.04631826457016641,
  "umap2": 0.0623500445545091
}