{
  "No direct optim ancestor": "None",
  "umap1": 0.65626606646996,
  "umap2": 0.7996580102340832
}