{
  "No direct optim ancestor": "None",
  "umap1": 0.5184257082974383,
  "umap2": 0.5483360294131098
}