{
  "No direct optim ancestor": "None",
  "umap1": 0.8779736954025127,
  "umap2": 0.3368314783766
}