{
  "No direct optim ancestor": "None",
  "umap1": 0.8370438863264188,
  "umap2": 0.5454048755466442
}