{
  "No direct optim ancestor": "None",
  "umap1": 0.9272351447997224,
  "umap2": 0.492838742845345
}