{
  "No direct optim ancestor": "None",
  "umap1": 0.14203756706645232,
  "umap2": 0.3447322686287313
}