{
  "Direct optim goal": "a close-up photo of a red maple leaf with green veins",
  "umap1": 0.24221029541937755,
  "umap2": 0.14970314988619915
}