{
  "No direct optim ancestor": "None",
  "umap1": 0.6658001060818467,
  "umap2": 0.6986605261467869
}