{
  "No direct optim ancestor": "None",
  "umap1": 0.6496066849047244,
  "umap2": 0.33377000473745455
}