{
  "No direct optim ancestor": "None",
  "umap1": 0.5455724026720812,
  "umap2": 0.937882030780286
}