{
  "No direct optim ancestor": "None",
  "umap1": 0.2715240324437729,
  "umap2": 0.6587352139158665
}