{
  "No direct optim ancestor": "None",
  "umap1": 0.978376142518769,
  "umap2": 0.8615703649513045
}