{
  "No direct optim ancestor": "None",
  "umap1": 0.0830133343995395,
  "umap2": 0.005527846798572655
}