{
  "No direct optim ancestor": "None",
  "umap1": 0.8658857857663693,
  "umap2": 0.47160571494011194
}