{
  "No direct optim ancestor": "None",
  "umap1": 0.2100824768449675,
  "umap2": 0.488163374823394
}