{
  "No direct optim ancestor": "None",
  "umap1": 0.8074030857858373,
  "umap2": 0.02140782418117726
}