{
  "No direct optim ancestor": "None",
  "umap1": 0.5667980795677366,
  "umap2": 0.10411737319293024
}