{
  "No direct optim ancestor": "None",
  "umap1": 0.41168316156630824,
  "umap2": 0.44010880949943465
}