{
  "No direct optim ancestor": "None",
  "umap1": 0.8168787831743759,
  "umap2": 0.34319095595748117
}