{
  "No direct optim ancestor": "None",
  "umap1": 0.014540816739080697,
  "umap2": 0.23997046079107354
}