{
  "No direct optim ancestor": "None",
  "umap1": 0.020912478539765966,
  "umap2": 0.12386954768274627
}