{
  "No direct optim ancestor": "None",
  "umap1": 0.3177209773273133,
  "umap2": 0.6570241616361522
}