{
  "No direct optim ancestor": "None",
  "umap1": 0.8169957609470062,
  "umap2": 0.7802243615010238
}