{
  "No direct optim ancestor": "None",
  "umap1": 0.9879415310379818,
  "umap2": 0.21000132600169052
}