{
  "No direct optim ancestor": "None",
  "umap1": 0.14274296103187456,
  "umap2": 0.4206967654576339
}