{
  "No direct optim ancestor": "None",
  "umap1": 0.17077768150881256,
  "umap2": 0.09472173919139948
}