{
  "No direct optim ancestor": "None",
  "umap1": 0.9536828000065117,
  "umap2": 0.40208126284543766
}