{
  "No direct optim ancestor": "None",
  "umap1": 0.7464833767983735,
  "umap2": 0.44099557784104704
}