{
  "No direct optim ancestor": "None",
  "umap1": 0.3709160967356683,
  "umap2": 0.16584070616306168
}