{
  "No direct optim ancestor": "None",
  "umap1": 0.5515814062899039,
  "umap2": 0.7607985740025363
}