{
  "No direct optim ancestor": "None",
  "umap1": 0.16406713504553738,
  "umap2": 0.5386649199313388
}