{
  "No direct optim ancestor": "None",
  "umap1": 0.7997905079316204,
  "umap2": 0.43747573217788416
}