{
  "No direct optim ancestor": "None",
  "umap1": 0.2786895341936648,
  "umap2": 0.03589468524877393
}