{
  "No direct optim ancestor": "None",
  "umap1": 0.8550791913183473,
  "umap2": 0.7369021858354939
}