{
  "No direct optim ancestor": "None",
  "umap1": 0.7577704300502889,
  "umap2": 0.2536954050420941
}