{
  "No direct optim ancestor": "None",
  "umap1": 0.7343509329817769,
  "umap2": 0.35055446628899956
}