{
  "No direct optim ancestor": "None",
  "umap1": 0.8224299888284822,
  "umap2": 0.4107732653193632
}