{
  "No direct optim ancestor": "None",
  "umap1": 0.07479805441177467,
  "umap2": 0.39372293563189387
}