{
  "No direct optim ancestor": "None",
  "umap1": 0.1509444243657918,
  "umap2": 0.7524157937891865
}