{
  "No direct optim ancestor": "None",
  "umap1": 0.20408232134442783,
  "umap2": 0.5627585160472697
}