{
  "No direct optim ancestor": "None",
  "umap1": 0.8588461687594331,
  "umap2": 0.12181273812136628
}