{
  "No direct optim ancestor": "None",
  "umap1": 0.2347121780327397,
  "umap2": 0.8762614711995266
}