{
  "No direct optim ancestor": "None",
  "umap1": 0.0743120567437946,
  "umap2": 0.9305313296211748
}