{
  "No direct optim ancestor": "None",
  "umap1": 0.2353562064873519,
  "umap2": 0.6981780100123453
}