{
  "No direct optim ancestor": "None",
  "umap1": 0.8632757575539419,
  "umap2": 0.21765979153586024
}