{
  "No direct optim ancestor": "None",
  "umap1": 0.0684772710237268,
  "umap2": 0.9156622447647226
}