{
  "No direct optim ancestor": "None",
  "umap1": 0.5239391344006062,
  "umap2": 0.6532463356807183
}