{
  "No direct optim ancestor": "None",
  "umap1": 0.19059577485250923,
  "umap2": 0.5563306250332337
}