{
  "No direct optim ancestor": "None",
  "umap1": 0.4398785176393464,
  "umap2": 0.9789312649205013
}