{
  "No direct optim ancestor": "None",
  "umap1": 0.864726425695476,
  "umap2": 0.983264469963299
}