{
  "No direct optim ancestor": "None",
  "umap1": 0.8444192691650856,
  "umap2": 0.2548460518000928
}