{
  "No direct optim ancestor": "None",
  "umap1": 0.08485668229251997,
  "umap2": 0.28481436205409993
}