{
  "No direct optim ancestor": "None",
  "umap1": 0.23877656202791675,
  "umap2": 0.09189669864755079
}