{
  "No direct optim ancestor": "None",
  "umap1": 0.3358816714931373,
  "umap2": 0.5850629172479329
}