{
  "No direct optim ancestor": "None",
  "umap1": 0.7568368882890504,
  "umap2": 0.15988777445272062
}