{
  "No direct optim ancestor": "None",
  "umap1": 0.390797683082311,
  "umap2": 0.5336592622263726
}