{
  "No direct optim ancestor": "None",
  "umap1": 0.31655347905450626,
  "umap2": 0.038719047080726265
}