{
  "No direct optim ancestor": "None",
  "umap1": 0.9809155815182695,
  "umap2": 0.23133456065779878
}