{
  "No direct optim ancestor": "None",
  "umap1": 0.8477518865034172,
  "umap2": 0.6485196879845476
}