{
  "No direct optim ancestor": "None",
  "umap1": 0.6282282709570193,
  "umap2": 0.7225151385995074
}