{
  "No direct optim ancestor": "None",
  "umap1": 0.5718799920653714,
  "umap2": 0.7113764453739148
}