{
  "No direct optim ancestor": "None",
  "umap1": 0.8190253966551397,
  "umap2": 0.023745774757009563
}