{
  "No direct optim ancestor": "None",
  "umap1": 0.13005398689064462,
  "umap2": 0.7913488242447284
}