{
  "No direct optim ancestor": "None",
  "umap1": 0.3525385124394448,
  "umap2": 0.3895461160582836
}