{
  "No direct optim ancestor": "None",
  "umap1": 0.20602656025380772,
  "umap2": 0.6557836525184495
}