{
  "No direct optim ancestor": "None",
  "umap1": 0.2267479723919844,
  "umap2": 0.7320230921501205
}