{
  "No direct optim ancestor": "None",
  "umap1": 0.5469428413016862,
  "umap2": 0.7503912746128285
}