{
  "No direct optim ancestor": "None",
  "umap1": 0.45501148923186274,
  "umap2": 0.9274321016364833
}