{
  "No direct optim ancestor": "None",
  "umap1": 0.5453768790086719,
  "umap2": 0.7060110354134251
}