{
  "No direct optim ancestor": "None",
  "umap1": 0.07659292759215675,
  "umap2": 0.7768489784273757
}