{
  "No direct optim ancestor": "None",
  "umap1": 0.5628195932803548,
  "umap2": 0.33287063894070545
}