{
  "No direct optim ancestor": "None",
  "umap1": 0.5827496323640238,
  "umap2": 0.378482743935625
}