{
  "No direct optim ancestor": "None",
  "umap1": 0.6751444484869591,
  "umap2": 0.14017625560826785
}