{
  "No direct optim ancestor": "None",
  "umap1": 0.40962669166418164,
  "umap2": 0.6962219157647452
}