{
  "No direct optim ancestor": "None",
  "umap1": 0.07418562869874634,
  "umap2": 0.9662065884576715
}