{
  "No direct optim ancestor": "None",
  "umap1": 0.5774272142190613,
  "umap2": 0.5299888973438934
}