{
  "No direct optim ancestor": "None",
  "umap1": 0.14410912528446562,
  "umap2": 0.5966402790876683
}