{
  "No direct optim ancestor": "None",
  "umap1": 0.31410103040016224,
  "umap2": 0.8827512415155417
}