{
  "No direct optim ancestor": "None",
  "umap1": 0.19619235304509586,
  "umap2": 0.6387386720221694
}