{
  "No direct optim ancestor": "None",
  "umap1": 0.9634180897433339,
  "umap2": 0.7202793496960411
}