{
  "No direct optim ancestor": "None",
  "umap1": 0.38074931414490376,
  "umap2": 0.026051102486027822
}