{
  "No direct optim ancestor": "None",
  "umap1": 0.8293753254629598,
  "umap2": 0.9822149062344483
}