{
  "No direct optim ancestor": "None",
  "umap1": 0.08577827312729824,
  "umap2": 0.3534821350213623
}