{
  "No direct optim ancestor": "None",
  "umap1": 0.6640314264948616,
  "umap2": 0.5592319695221747
}