{
  "No direct optim ancestor": "None",
  "umap1": 0.7858285194551993,
  "umap2": 0.1166877666858368
}