{
  "No direct optim ancestor": "None",
  "umap1": 0.6484005518831779,
  "umap2": 0.509490846368968
}