{
  "No direct optim ancestor": "None",
  "umap1": 0.5357842759994379,
  "umap2": 0.765971038567583
}