{
  "No direct optim ancestor": "None",
  "umap1": 0.7910399161053895,
  "umap2": 0.038937985230399486
}