{
  "No direct optim ancestor": "None",
  "umap1": 0.19750040496687138,
  "umap2": 0.27780782332209186
}