{
  "No direct optim ancestor": "None",
  "umap1": 0.7481697157748689,
  "umap2": 0.18325091440729968
}