{
  "No direct optim ancestor": "None",
  "umap1": 0.24769027467274396,
  "umap2": 0.99163935324555
}