{
  "No direct optim ancestor": "None",
  "umap1": 0.6464989330234185,
  "umap2": 0.4638816636278057
}