{
  "No direct optim ancestor": "None",
  "umap1": 0.3602885882027197,
  "umap2": 0.5205407101299171
}