{
  "No direct optim ancestor": "None",
  "umap1": 0.8417629049542545,
  "umap2": 0.9921684784522149
}