{
  "No direct optim ancestor": "None",
  "umap1": 0.15059435204141214,
  "umap2": 0.46659809787276585
}