{
  "No direct optim ancestor": "None",
  "umap1": 0.5671649440182086,
  "umap2": 0.8331515057822525
}