{
  "No direct optim ancestor": "None",
  "umap1": 0.7605066976828865,
  "umap2": 0.32812439417214956
}