{
  "No direct optim ancestor": "None",
  "umap1": 0.2603748046988945,
  "umap2": 0.911925256872726
}