{
  "No direct optim ancestor": "None",
  "umap1": 0.6810516915828694,
  "umap2": 0.37317390551957097
}