{
  "No direct optim ancestor": "None",
  "umap1": 0.61962490703064,
  "umap2": 0.9865540783890353
}