{
  "No direct optim ancestor": "None",
  "umap1": 0.35440299956212207,
  "umap2": 0.5359185597529076
}