{
  "No direct optim ancestor": "None",
  "umap1": 0.20041336904499685,
  "umap2": 0.5667445733846549
}