{
  "No direct optim ancestor": "None",
  "umap1": 0.4802376414478954,
  "umap2": 0.9343609375352563
}