{
  "No direct optim ancestor": "None",
  "umap1": 0.4478294416101656,
  "umap2": 0.8473144629177157
}