{
  "No direct optim ancestor": "None",
  "umap1": 0.4476753321735546,
  "umap2": 0.28153837070967924
}