{
  "No direct optim ancestor": "None",
  "umap1": 0.530133156371582,
  "umap2": 0.09473033787958385
}