{
  "No direct optim ancestor": "None",
  "umap1": 0.9448169798499932,
  "umap2": 0.6925467205320214
}