{
  "No direct optim ancestor": "None",
  "umap1": 0.35685664119376426,
  "umap2": 0.7074335905218657
}