{
  "No direct optim ancestor": "None",
  "umap1": 0.8381288343895351,
  "umap2": 0.48031212208423135
}