{
  "No direct optim ancestor": "None",
  "umap1": 0.6052973497778347,
  "umap2": 0.5538710746480432
}