{
  "No direct optim ancestor": "None",
  "umap1": 0.2681017998670324,
  "umap2": 0.44528367719970074
}