{
  "No direct optim ancestor": "None",
  "umap1": 0.8259948843334641,
  "umap2": 0.5221755939543783
}