{
  "No direct optim ancestor": "None",
  "umap1": 0.8093148403160305,
  "umap2": 0.019731788231332148
}