{
  "No direct optim ancestor": "None",
  "umap1": 0.6644405213238741,
  "umap2": 0.7792774564993504
}