{
  "No direct optim ancestor": "None",
  "umap1": 0.1121025579448145,
  "umap2": 0.3839886128061111
}