{
  "No direct optim ancestor": "None",
  "umap1": 0.44370539243494445,
  "umap2": 0.2953191686007117
}