{
  "No direct optim ancestor": "None",
  "umap1": 0.735607993504266,
  "umap2": 0.5333725802086959
}