{
  "No direct optim ancestor": "None",
  "umap1": 0.019147529006046105,
  "umap2": 0.1155459358441524
}