{
  "No direct optim ancestor": "None",
  "umap1": 0.6628301192363057,
  "umap2": 0.7086397124245694
}