{
  "No direct optim ancestor": "None",
  "umap1": 0.7001963127219641,
  "umap2": 0.3512367112641356
}