{
  "No direct optim ancestor": "None",
  "umap1": 0.666441521105193,
  "umap2": 0.0545045201654587
}