{
  "No direct optim ancestor": "None",
  "umap1": 0.017076708009768016,
  "umap2": 0.5088949986157455
}