{
  "No direct optim ancestor": "None",
  "umap1": 0.19496169036587507,
  "umap2": 0.3875551884867876
}