{
  "No direct optim ancestor": "None",
  "umap1": 0.7975868923556412,
  "umap2": 0.5603850850481729
}