{
  "No direct optim ancestor": "None",
  "umap1": 0.7230154516301783,
  "umap2": 0.31705428166956706
}