{
  "No direct optim ancestor": "None",
  "umap1": 0.34437775710385565,
  "umap2": 0.0005138959879319449
}