{
  "No direct optim ancestor": "None",
  "umap1": 0.16976754821150541,
  "umap2": 0.5876609282994048
}