{
  "No direct optim ancestor": "None",
  "umap1": 0.6322264767352562,
  "umap2": 0.7684155357656788
}