{
  "No direct optim ancestor": "None",
  "umap1": 0.08148065899654333,
  "umap2": 0.6037236732205346
}