{
  "No direct optim ancestor": "None",
  "umap1": 0.7923724785324208,
  "umap2": 0.27533588269228193
}