{
  "No direct optim ancestor": "None",
  "umap1": 0.8067399025428997,
  "umap2": 0.5487878806397366
}