{
  "No direct optim ancestor": "None",
  "umap1": 0.9166945654191029,
  "umap2": 0.32559934397244494
}