{
  "No direct optim ancestor": "None",
  "umap1": 0.4890801198517917,
  "umap2": 0.9668932781818029
}