{
  "No direct optim ancestor": "None",
  "umap1": 0.9939211473253748,
  "umap2": 0.34364552971133755
}