{
  "No direct optim ancestor": "None",
  "umap1": 0.2633832487930421,
  "umap2": 0.4216586637243016
}