{
  "No direct optim ancestor": "None",
  "umap1": 0.9333979218549826,
  "umap2": 0.20901973286894038
}