{
  "No direct optim ancestor": "None",
  "umap1": 0.01970400442323772,
  "umap2": 0.18711630380358968
}