{
  "No direct optim ancestor": "None",
  "umap1": 0.3109437861873904,
  "umap2": 0.040562405221026054
}