{
  "No direct optim ancestor": "None",
  "umap1": 0.05986432718173029,
  "umap2": 0.2164112261695904
}