{
  "No direct optim ancestor": "None",
  "umap1": 0.23191364607064513,
  "umap2": 0.25658238745602613
}