{
  "No direct optim ancestor": "None",
  "umap1": 0.10170454541126972,
  "umap2": 0.20432397515004608
}