{
  "No direct optim ancestor": "None",
  "umap1": 0.5642525771346253,
  "umap2": 0.4888500974646083
}