{
  "No direct optim ancestor": "None",
  "umap1": 0.8135357516523619,
  "umap2": 0.06882066093482475
}