{
  "No direct optim ancestor": "None",
  "umap1": 0.25546538447686007,
  "umap2": 0.78526751525168
}