{
  "No direct optim ancestor": "None",
  "umap1": 0.3443631466720658,
  "umap2": 0.5807989152503326
}