{
  "No direct optim ancestor": "None",
  "umap1": 0.6857879484095607,
  "umap2": 0.36598843354064636
}