{
  "No direct optim ancestor": "None",
  "umap1": 0.5632205479867202,
  "umap2": 0.41924730996980775
}