{
  "No direct optim ancestor": "None",
  "umap1": 0.1576249419731861,
  "umap2": 0.16432000565313287
}