{
  "No direct optim ancestor": "None",
  "umap1": 0.9797464951251899,
  "umap2": 0.6792290829329716
}