{
  "No direct optim ancestor": "None",
  "umap1": 0.7596617815903701,
  "umap2": 0.7939945041728205
}