{
  "No direct optim ancestor": "None",
  "umap1": 0.07568567497188661,
  "umap2": 0.6853538180130752
}