{
  "No direct optim ancestor": "None",
  "umap1": 0.3923948428248668,
  "umap2": 0.5250477741610012
}