{
  "No direct optim ancestor": "None",
  "umap1": 0.3277986507757391,
  "umap2": 0.8808349498740276
}