{
  "No direct optim ancestor": "None",
  "umap1": 0.6506797288243497,
  "umap2": 0.9931835713360211
}