{
  "No direct optim ancestor": "None",
  "umap1": 0.03625978294996257,
  "umap2": 0.02123797777868186
}