{
  "No direct optim ancestor": "None",
  "umap1": 0.9312959659612566,
  "umap2": 0.6539881558629204
}