{
  "No direct optim ancestor": "None",
  "umap1": 0.38900008047852563,
  "umap2": 0.6131474320381575
}