{
  "No direct optim ancestor": "None",
  "umap1": 0.7998117400998681,
  "umap2": 0.8593111924486241
}