{
  "No direct optim ancestor": "None",
  "umap1": 0.806811279862156,
  "umap2": 0.9817603833754479
}