{
  "No direct optim ancestor": "None",
  "umap1": 0.8531713960154526,
  "umap2": 0.630339369557947
}