{
  "No direct optim ancestor": "None",
  "umap1": 0.7951179373648711,
  "umap2": 0.9813074057734436
}