{
  "No direct optim ancestor": "None",
  "umap1": 0.24641005238477365,
  "umap2": 0.9981127706005237
}