{
  "No direct optim ancestor": "None",
  "umap1": 0.2190370036592978,
  "umap2": 0.08946273534838611
}