{
  "No direct optim ancestor": "None",
  "umap1": 0.32525113989135135,
  "umap2": 0.9939706009773122
}