{
  "No direct optim ancestor": "None",
  "umap1": 0.8588069259962736,
  "umap2": 0.9679508583011025
}