{
  "No direct optim ancestor": "None",
  "umap1": 0.4231720686639271,
  "umap2": 0.13081466749295445
}