{
  "No direct optim ancestor": "None",
  "umap1": 0.24944320035704193,
  "umap2": 0.8311165052917177
}