{
  "No direct optim ancestor": "None",
  "umap1": 0.8338170935478512,
  "umap2": 0.37901645044947996
}