{
  "No direct optim ancestor": "None",
  "umap1": 0.9108982162901642,
  "umap2": 0.1802669861288244
}