{
  "No direct optim ancestor": "None",
  "umap1": 0.6719177732570761,
  "umap2": 0.3068332060853711
}