{
  "No direct optim ancestor": "None",
  "umap1": 0.8204928864149803,
  "umap2": 0.22672668824067232
}