{
  "No direct optim ancestor": "None",
  "umap1": 0.7106379891751011,
  "umap2": 0.5650392773772128
}