{
  "No direct optim ancestor": "None",
  "umap1": 0.9014223213164099,
  "umap2": 0.8293434417486326
}