{
  "No direct optim ancestor": "None",
  "umap1": 0.6399626364691714,
  "umap2": 0.609196574089595
}