{
  "No direct optim ancestor": "None",
  "umap1": 0.15058971387865994,
  "umap2": 0.6886389738490087
}