{
  "No direct optim ancestor": "None",
  "umap1": 0.8662228822908977,
  "umap2": 0.09859092427540805
}