{
  "No direct optim ancestor": "None",
  "umap1": 0.6719291613667316,
  "umap2": 0.39634659244916404
}