{
  "No direct optim ancestor": "None",
  "umap1": 0.8688879938404461,
  "umap2": 0.26488541880867056
}