{
  "No direct optim ancestor": "None",
  "umap1": 0.2189854390398981,
  "umap2": 0.7580132055462462
}