{
  "No direct optim ancestor": "None",
  "umap1": 0.5263433575590167,
  "umap2": 0.5388739775969306
}