{
  "No direct optim ancestor": "None",
  "umap1": 0.6485704797657387,
  "umap2": 0.7086341760755217
}