{
  "No direct optim ancestor": "None",
  "umap1": 0.641472462752537,
  "umap2": 0.22947413324529964
}