{
  "No direct optim ancestor": "None",
  "umap1": 0.4314237774933092,
  "umap2": 0.08330137088295164
}