{
  "No direct optim ancestor": "None",
  "umap1": 0.9222895899237759,
  "umap2": 0.6207675486505532
}