{
  "No direct optim ancestor": "None",
  "umap1": 0.04068302979429417,
  "umap2": 0.2883077679616173
}