{
  "No direct optim ancestor": "None",
  "umap1": 0.18691993580671984,
  "umap2": 0.4050088863584058
}