{
  "No direct optim ancestor": "None",
  "umap1": 0.1426416044932418,
  "umap2": 0.49860828956867786
}