{
  "No direct optim ancestor": "None",
  "umap1": 0.5279695733871863,
  "umap2": 0.24701260840881611
}