{
  "No direct optim ancestor": "None",
  "umap1": 0.6587070864159607,
  "umap2": 0.7073943037206869
}