{
  "No direct optim ancestor": "None",
  "umap1": 0.11016055242213807,
  "umap2": 0.8345718018627568
}