{
  "No direct optim ancestor": "None",
  "umap1": 0.5836690908480905,
  "umap2": 0.3800788137460588
}