{
  "No direct optim ancestor": "None",
  "umap1": 0.3960863716124917,
  "umap2": 0.37667401606692297
}