{
  "No direct optim ancestor": "None",
  "umap1": 0.8987940015198146,
  "umap2": 0.08841493874639073
}