{
  "No direct optim ancestor": "None",
  "umap1": 0.267652955344695,
  "umap2": 0.29021273543126624
}