{
  "No direct optim ancestor": "None",
  "umap1": 0.28484995440707817,
  "umap2": 0.930078834144013
}