{
  "No direct optim ancestor": "None",
  "umap1": 0.08844452013510273,
  "umap2": 0.897164308066333
}