{
  "No direct optim ancestor": "None",
  "umap1": 0.531087859723779,
  "umap2": 0.9537994599264877
}