{
  "No direct optim ancestor": "None",
  "umap1": 0.5437327573072853,
  "umap2": 0.6833615252705888
}