{
  "No direct optim ancestor": "None",
  "umap1": 0.6769293856234663,
  "umap2": 0.45674629842145276
}