{
  "No direct optim ancestor": "None",
  "umap1": 0.9537015931397181,
  "umap2": 0.24301469178479185
}