{
  "No direct optim ancestor": "None",
  "umap1": 0.5766146328656928,
  "umap2": 0.575523695249368
}