{
  "No direct optim ancestor": "None",
  "umap1": 0.3154753812189933,
  "umap2": 0.6491649253331521
}