{
  "No direct optim ancestor": "None",
  "umap1": 0.2918168481745186,
  "umap2": 0.010879165989251649
}