{
  "No direct optim ancestor": "None",
  "umap1": 0.5642989459015666,
  "umap2": 0.9315882450415485
}