{
  "No direct optim ancestor": "None",
  "umap1": 0.3147153343136727,
  "umap2": 0.9116445744481564
}