{
  "No direct optim ancestor": "None",
  "umap1": 0.719986059013517,
  "umap2": 0.21784066849091177
}