{
  "Ancestor's direct optim goal": "a square with a circle on top",
  "umap1": 0.924696276427328,
  "umap2": 0.9997207635324795
}