{
  "No direct optim ancestor": "None",
  "umap1": 0.25968210740290265,
  "umap2": 0.854426528135306
}