{
  "No direct optim ancestor": "None",
  "umap1": 0.029658536565089988,
  "umap2": 0.2777069217722997
}