{
  "No direct optim ancestor": "None",
  "umap1": 0.8539869619255265,
  "umap2": 0.3563579507817234
}