{
  "No direct optim ancestor": "None",
  "umap1": 0.5110690373387144,
  "umap2": 0.9974047108017032
}