{
  "No direct optim ancestor": "None",
  "umap1": 0.1434535871446473,
  "umap2": 0.1573266864540539
}