{
  "No direct optim ancestor": "None",
  "umap1": 0.7694200468078265,
  "umap2": 0.4234078397062958
}