{
  "No direct optim ancestor": "None",
  "umap1": 0.2839681655263615,
  "umap2": 0.8398359565693986
}