{
  "No direct optim ancestor": "None",
  "umap1": 0.10402011816079881,
  "umap2": 0.28264887674686845
}