{
  "No direct optim ancestor": "None",
  "umap1": 0.9925145537071163,
  "umap2": 0.000951476462859091
}