{
  "No direct optim ancestor": "None",
  "umap1": 0.5461906267545968,
  "umap2": 0.4845218451998622
}