{
  "No direct optim ancestor": "None",
  "umap1": 0.8229404011326782,
  "umap2": 0.9398915875214041
}