{
  "No direct optim ancestor": "None",
  "umap1": 0.3275550744310395,
  "umap2": 0.3815439300846386
}