{
  "No direct optim ancestor": "None",
  "umap1": 0.256240913491137,
  "umap2": 0.11918205782098912
}