{
  "No direct optim ancestor": "None",
  "umap1": 0.5097917646188551,
  "umap2": 0.4045840369944409
}