{
  "No direct optim ancestor": "None",
  "umap1": 0.586526745314015,
  "umap2": 0.39539701154084983
}