{
  "No direct optim ancestor": "None",
  "umap1": 0.6349053880398773,
  "umap2": 0.6832589153515244
}