{
  "No direct optim ancestor": "None",
  "umap1": 0.41888476373234707,
  "umap2": 0.7479431527496068
}