{
  "No direct optim ancestor": "None",
  "umap1": 0.8011514498564046,
  "umap2": 0.0037900331269421494
}