{
  "No direct optim ancestor": "None",
  "umap1": 0.3634791811675354,
  "umap2": 0.6806200108386438
}