{
  "No direct optim ancestor": "None",
  "umap1": 0.3419316624530119,
  "umap2": 0.21827669585337695
}