{
  "No direct optim ancestor": "None",
  "umap1": 0.8836854004449003,
  "umap2": 0.6657272351976203
}