{
  "No direct optim ancestor": "None",
  "umap1": 0.45463788566007934,
  "umap2": 0.8979808704877168
}