{
  "No direct optim ancestor": "None",
  "umap1": 0.4278642514890111,
  "umap2": 0.5781321785133609
}