{
  "No direct optim ancestor": "None",
  "umap1": 0.9070316647512735,
  "umap2": 0.6272715716169026
}