{
  "No direct optim ancestor": "None",
  "umap1": 0.9334077507449927,
  "umap2": 0.4909924933099742
}