{
  "No direct optim ancestor": "None",
  "umap1": 0.8501368469751008,
  "umap2": 0.9519265047983659
}