{
  "No direct optim ancestor": "None",
  "umap1": 0.707249362906012,
  "umap2": 0.9555777469659845
}