{
  "No direct optim ancestor": "None",
  "umap1": 0.5293780531975749,
  "umap2": 0.13454686312730801
}