{
  "No direct optim ancestor": "None",
  "umap1": 0.8799332672824659,
  "umap2": 0.3109728310289407
}