{
  "No direct optim ancestor": "None",
  "umap1": 0.2344953645469543,
  "umap2": 0.2815095527184295
}