{
  "No direct optim ancestor": "None",
  "umap1": 0.9779399662459266,
  "umap2": 0.8562566353006134
}