{
  "No direct optim ancestor": "None",
  "umap1": 0.7863703940408365,
  "umap2": 0.48270519041286075
}