{
  "No direct optim ancestor": "None",
  "umap1": 0.5305661543043751,
  "umap2": 0.14686072947115292
}