{
  "No direct optim ancestor": "None",
  "umap1": 0.02646373043219874,
  "umap2": 0.7569075213224669
}