{
  "No direct optim ancestor": "None",
  "umap1": 0.7981989713793913,
  "umap2": 0.7478902661874635
}