{
  "No direct optim ancestor": "None",
  "umap1": 0.9199115154034296,
  "umap2": 0.44537315848917103
}