{
  "No direct optim ancestor": "None",
  "umap1": 0.8630153404065543,
  "umap2": 0.2852192694223832
}