{
  "No direct optim ancestor": "None",
  "umap1": 0.8811129253337955,
  "umap2": 0.7960178049325884
}