{
  "No direct optim ancestor": "None",
  "umap1": 0.07882484764369058,
  "umap2": 0.2043835713055746
}