{
  "No direct optim ancestor": "None",
  "umap1": 0.33779541609592656,
  "umap2": 0.1664636316936653
}