{
  "No direct optim ancestor": "None",
  "umap1": 0.39131788413962354,
  "umap2": 0.14182849501741435
}