{
  "No direct optim ancestor": "None",
  "umap1": 0.25437129943449444,
  "umap2": 0.5364207000815927
}