{
  "No direct optim ancestor": "None",
  "umap1": 0.36044088056572143,
  "umap2": 0.526711076722433
}