{
  "No direct optim ancestor": "None",
  "umap1": 0.5356652081766201,
  "umap2": 0.6885765764380194
}