{
  "No direct optim ancestor": "None",
  "umap1": 0.8721471610588024,
  "umap2": 0.8845381136922068
}