{
  "No direct optim ancestor": "None",
  "umap1": 0.07639263125534301,
  "umap2": 0.05515842918460301
}