{
  "No direct optim ancestor": "None",
  "umap1": 0.10328160076003212,
  "umap2": 0.9713682045919806
}