{
  "No direct optim ancestor": "None",
  "umap1": 0.2693640693657091,
  "umap2": 0.9854136032768132
}