{
  "No direct optim ancestor": "None",
  "umap1": 0.3461641435691801,
  "umap2": 0.6087489585879117
}