{
  "No direct optim ancestor": "None",
  "umap1": 0.49785362983392134,
  "umap2": 0.09359108897762469
}