{
  "No direct optim ancestor": "None",
  "umap1": 0.49531844171934847,
  "umap2": 0.3711191076108816
}