{
  "No direct optim ancestor": "None",
  "umap1": 0.2468532814089296,
  "umap2": 0.9608418403136056
}