{
  "No direct optim ancestor": "None",
  "umap1": 0.8752165535364828,
  "umap2": 0.9085584906020148
}