{
  "No direct optim ancestor": "None",
  "umap1": 0.165988938754701,
  "umap2": 0.300734322766839
}