{
  "No direct optim ancestor": "None",
  "umap1": 0.4702835240887139,
  "umap2": 0.3384791778122177
}