{
  "No direct optim ancestor": "None",
  "umap1": 0.7704102767656772,
  "umap2": 0.9465544829075901
}