{
  "No direct optim ancestor": "None",
  "umap1": 0.28134566801520255,
  "umap2": 0.34058399487807967
}