{
  "No direct optim ancestor": "None",
  "umap1": 0.8058125638314476,
  "umap2": 0.4771363707555345
}