{
  "No direct optim ancestor": "None",
  "umap1": 0.4884091271841333,
  "umap2": 0.3774571438331825
}