{
  "No direct optim ancestor": "None",
  "umap1": 0.8559642150255702,
  "umap2": 0.72947689774563
}