{
  "No direct optim ancestor": "None",
  "umap1": 0.23477861437870928,
  "umap2": 0.1113575001326158
}