{
  "No direct optim ancestor": "None",
  "umap1": 0.5806844918623212,
  "umap2": 0.6460344170234517
}