{
  "No direct optim ancestor": "None",
  "umap1": 0.824519729407458,
  "umap2": 0.518222364971585
}