{
  "No direct optim ancestor": "None",
  "umap1": 0.8204117335054274,
  "umap2": 0.3737093702709924
}