{
  "No direct optim ancestor": "None",
  "umap1": 0.3268699967193729,
  "umap2": 0.6120677946851971
}