{
  "No direct optim ancestor": "None",
  "umap1": 0.2021623977318937,
  "umap2": 0.37741742860240823
}