{
  "No direct optim ancestor": "None",
  "umap1": 0.6542076358559384,
  "umap2": 0.8975822717235536
}