{
  "No direct optim ancestor": "None",
  "umap1": 0.9559382864833214,
  "umap2": 0.6137775041494957
}