{
  "Direct optim goal": "a photo of a red fish with green fins",
  "umap1": 0.016635814036881524,
  "umap2": 0.37476667891405757
}