{
  "No direct optim ancestor": "None",
  "umap1": 0.9572703497421501,
  "umap2": 0.46859323436857114
}