{
  "No direct optim ancestor": "None",
  "umap1": 0.6542693014169848,
  "umap2": 0.4819192084083087
}