{
  "No direct optim ancestor": "None",
  "umap1": 0.21889216570955616,
  "umap2": 0.19530685262605962
}