{
  "No direct optim ancestor": "None",
  "umap1": 0.4951839644955376,
  "umap2": 0.7906935785497102
}