{
  "No direct optim ancestor": "None",
  "umap1": 0.7029492200350018,
  "umap2": 0.9052581117258253
}