{
  "No direct optim ancestor": "None",
  "umap1": 0.1796842575011569,
  "umap2": 0.7173951965069032
}