{
  "No direct optim ancestor": "None",
  "umap1": 0.7588353509020382,
  "umap2": 0.8168415367819479
}