{
  "No direct optim ancestor": "None",
  "umap1": 0.602975620171464,
  "umap2": 0.31125238947721623
}