{
  "No direct optim ancestor": "None",
  "umap1": 0.1515729367437063,
  "umap2": 0.019564203957162185
}