{
  "No direct optim ancestor": "None",
  "umap1": 0.3639346292965655,
  "umap2": 0.03500809063380639
}