{
  "No direct optim ancestor": "None",
  "umap1": 0.4680510616510656,
  "umap2": 0.7670918229068693
}