{
  "No direct optim ancestor": "None",
  "umap1": 0.09130631264428302,
  "umap2": 0.9724187882334889
}