{
  "No direct optim ancestor": "None",
  "umap1": 0.8880705895603369,
  "umap2": 0.2119003183657322
}