{
  "No direct optim ancestor": "None",
  "umap1": 0.2907485847572093,
  "umap2": 0.02728426454602939
}