{
  "No direct optim ancestor": "None",
  "umap1": 0.791920768768796,
  "umap2": 0.22657463368774822
}