{
  "No direct optim ancestor": "None",
  "umap1": 0.3291776388451281,
  "umap2": 0.4940852002305104
}