{
  "No direct optim ancestor": "None",
  "umap1": 0.6257925707971278,
  "umap2": 0.10546981841447578
}