{
  "No direct optim ancestor": "None",
  "umap1": 0.3007817623534046,
  "umap2": 0.39631251061922323
}