{
  "No direct optim ancestor": "None",
  "umap1": 0.4940693044703256,
  "umap2": 0.9748765526818117
}