{
  "No direct optim ancestor": "None",
  "umap1": 0.14265775135097747,
  "umap2": 0.08383632239568273
}