{
  "Direct optim goal": "a photo of a peacock feather with green barbs and red eye spots",
  "umap1": 0.7132151627077834,
  "umap2": 0.5148876211212927
}