{
  "No direct optim ancestor": "None",
  "umap1": 0.6908637144844847,
  "umap2": 0.020007453398030117
}