{
  "No direct optim ancestor": "None",
  "umap1": 0.9450354340545277,
  "umap2": 0.7061369720391393
}