{
  "No direct optim ancestor": "None",
  "umap1": 0.7276775717770437,
  "umap2": 0.49479191324954774
}