{
  "No direct optim ancestor": "None",
  "umap1": 0.5880373489731161,
  "umap2": 0.2753916816930876
}