{
  "No direct optim ancestor": "None",
  "umap1": 0.28620338954298596,
  "umap2": 0.1474892672920851
}