{
  "No direct optim ancestor": "None",
  "umap1": 0.059049946416562804,
  "umap2": 0.2179019168229014
}