{
  "No direct optim ancestor": "None",
  "umap1": 0.6651403497184318,
  "umap2": 0.3924807377028675
}