{
  "No direct optim ancestor": "None",
  "umap1": 0.45096460838441554,
  "umap2": 0.15255901078882483
}