{
  "No direct optim ancestor": "None",
  "umap1": 0.44827854222366226,
  "umap2": 0.6557256009728074
}