{
  "No direct optim ancestor": "None",
  "umap1": 0.7766501277727509,
  "umap2": 0.959896238229531
}