{
  "No direct optim ancestor": "None",
  "umap1": 0.8818441105812435,
  "umap2": 0.9988669055276769
}