{
  "No direct optim ancestor": "None",
  "umap1": 0.01444876183717847,
  "umap2": 0.2086320350481775
}