{
  "No direct optim ancestor": "None",
  "umap1": 0.9780994075744267,
  "umap2": 0.7525818493437056
}