{
  "No direct optim ancestor": "None",
  "umap1": 0.947153673419738,
  "umap2": 0.45059254541178095
}