{
  "No direct optim ancestor": "None",
  "umap1": 0.6294569758272477,
  "umap2": 0.744040072152086
}