{
  "No direct optim ancestor": "None",
  "umap1": 0.43275217962350054,
  "umap2": 0.9117078158795836
}