{
  "No direct optim ancestor": "None",
  "umap1": 0.05008388996802393,
  "umap2": 0.9115486154769766
}