{
  "No direct optim ancestor": "None",
  "umap1": 0.5757212281292482,
  "umap2": 0.6847648126255262
}