{
  "No direct optim ancestor": "None",
  "umap1": 0.15967827388527134,
  "umap2": 0.6918592639090052
}