{
  "No direct optim ancestor": "None",
  "umap1": 0.9005861547295136,
  "umap2": 0.9830198023130629
}