{
  "No direct optim ancestor": "None",
  "umap1": 0.5921742315943913,
  "umap2": 0.25832463636770575
}