{
  "No direct optim ancestor": "None",
  "umap1": 0.10315639551337052,
  "umap2": 0.3416455867719359
}