{
  "No direct optim ancestor": "None",
  "umap1": 0.5466199811787097,
  "umap2": 0.44284403712265075
}