{
  "No direct optim ancestor": "None",
  "umap1": 0.1623146697646809,
  "umap2": 0.8331095951425265
}