{
  "No direct optim ancestor": "None",
  "umap1": 0.7367319251186034,
  "umap2": 0.5545596805125719
}