{
  "No direct optim ancestor": "None",
  "umap1": 0.40637134954959575,
  "umap2": 0.25110098356340316
}