{
  "No direct optim ancestor": "None",
  "umap1": 0.4616631492205141,
  "umap2": 0.3902798176040675
}