{
  "No direct optim ancestor": "None",
  "umap1": 0.6556300017146448,
  "umap2": 0.8545764351118331
}