{
  "No direct optim ancestor": "None",
  "umap1": 0.5295870447095924,
  "umap2": 0.2655556326873366
}