{
  "No direct optim ancestor": "None",
  "umap1": 0.7335822836659044,
  "umap2": 0.8357744563566942
}