{
  "No direct optim ancestor": "None",
  "umap1": 0.10215774400082633,
  "umap2": 0.9409756922417285
}