{
  "No direct optim ancestor": "None",
  "umap1": 0.6279055382328348,
  "umap2": 0.3141306014586509
}