{
  "No direct optim ancestor": "None",
  "umap1": 0.8378424050915496,
  "umap2": 0.4076336317267121
}