{
  "No direct optim ancestor": "None",
  "umap1": 0.5291086522326589,
  "umap2": 0.5084010564194706
}