{
  "No direct optim ancestor": "None",
  "umap1": 0.4126421026983257,
  "umap2": 0.6305737655790726
}