{
  "No direct optim ancestor": "None",
  "umap1": 0.08157505219036609,
  "umap2": 0.6841392561229636
}