{
  "No direct optim ancestor": "None",
  "umap1": 0.13346748904455663,
  "umap2": 0.8987403732636529
}