{
  "No direct optim ancestor": "None",
  "umap1": 0.28121094237803546,
  "umap2": 0.05419310236793118
}