{
  "No direct optim ancestor": "None",
  "umap1": 0.8548753094884285,
  "umap2": 0.6008341810975478
}