{
  "No direct optim ancestor": "None",
  "umap1": 0.1086042500080836,
  "umap2": 0.3140589045881568
}