{
  "No direct optim ancestor": "None",
  "umap1": 0.2861963185894236,
  "umap2": 0.45056041617854325
}