{
  "No direct optim ancestor": "None",
  "umap1": 0.01652576867693467,
  "umap2": 0.7672071716092734
}