{
  "No direct optim ancestor": "None",
  "umap1": 0.04034425575542733,
  "umap2": 0.6000283044308609
}