{
  "No direct optim ancestor": "None",
  "umap1": 0.3496262037918837,
  "umap2": 0.829390436999574
}