{
  "No direct optim ancestor": "None",
  "umap1": 0.7242856086283941,
  "umap2": 0.9081593181676263
}