{
  "No direct optim ancestor": "None",
  "umap1": 0.8976558297753243,
  "umap2": 0.010868498078081767
}