{
  "No direct optim ancestor": "None",
  "umap1": 0.35146142439429007,
  "umap2": 0.21583355893880662
}