{
  "No direct optim ancestor": "None",
  "umap1": 0.8379063412044647,
  "umap2": 0.41424595994501623
}