{
  "No direct optim ancestor": "None",
  "umap1": 0.672795884550665,
  "umap2": 0.412372054416442
}