{
  "No direct optim ancestor": "None",
  "umap1": 0.7819634707238371,
  "umap2": 0.5414644876720962
}