{
  "No direct optim ancestor": "None",
  "umap1": 0.45026649390384177,
  "umap2": 0.7835370047256917
}