{
  "No direct optim ancestor": "None",
  "umap1": 0.5519294800202766,
  "umap2": 0.011753722991038718
}