{
  "No direct optim ancestor": "None",
  "umap1": 0.9314599920785896,
  "umap2": 0.8752366973757427
}