{
  "Direct optim goal": "a photo of an octopus with red body, green spots, and blue tentacles",
  "umap1": 0.151231985583822,
  "umap2": 0.17631862612694094
}