{
  "No direct optim ancestor": "None",
  "umap1": 0.2353625384385033,
  "umap2": 0.4469225707001627
}