{
  "No direct optim ancestor": "None",
  "umap1": 0.9344604345113818,
  "umap2": 0.08685991009693117
}