{
  "No direct optim ancestor": "None",
  "umap1": 0.8954601304911225,
  "umap2": 0.7432350432110026
}