{
  "No direct optim ancestor": "None",
  "umap1": 0.5904429450272244,
  "umap2": 0.023313421924376576
}