{
  "No direct optim ancestor": "None",
  "umap1": 0.12072614475380039,
  "umap2": 0.8335582319580763
}