{
  "No direct optim ancestor": "None",
  "umap1": 0.463588306869424,
  "umap2": 0.7475945614524556
}