{
  "No direct optim ancestor": "None",
  "umap1": 0.16831761474778928,
  "umap2": 0.32710204101823925
}