{
  "No direct optim ancestor": "None",
  "umap1": 0.8532426612060969,
  "umap2": 0.4545720237982973
}