{
  "No direct optim ancestor": "None",
  "umap1": 0.7519827254339365,
  "umap2": 0.9132084457086225
}