{
  "No direct optim ancestor": "None",
  "umap1": 0.6383513519392258,
  "umap2": 0.057472784951732026
}