{
  "No direct optim ancestor": "None",
  "umap1": 0.4427445517520089,
  "umap2": 0.34228120475869617
}