{
  "No direct optim ancestor": "None",
  "umap1": 0.7208233720663882,
  "umap2": 0.6526168772844526
}