{
  "No direct optim ancestor": "None",
  "umap1": 0.0005196412053199984,
  "umap2": 0.8051444395984186
}