{
  "No direct optim ancestor": "None",
  "umap1": 0.3012258867530896,
  "umap2": 0.286527309069707
}