{
  "No direct optim ancestor": "None",
  "umap1": 0.11470048362636731,
  "umap2": 0.7700225089789791
}