{
  "No direct optim ancestor": "None",
  "umap1": 0.20782865614339696,
  "umap2": 0.06643231469321154
}