{
  "No direct optim ancestor": "None",
  "umap1": 0.17151147086413088,
  "umap2": 0.042568627084035526
}