{
  "No direct optim ancestor": "None",
  "umap1": 0.6911408249297878,
  "umap2": 0.3298190372808817
}