{
  "No direct optim ancestor": "None",
  "umap1": 0.13928775508636548,
  "umap2": 0.007258240399388716
}