{
  "No direct optim ancestor": "None",
  "umap1": 0.23023642064030103,
  "umap2": 0.38232410827814634
}