{
  "No direct optim ancestor": "None",
  "umap1": 0.559004054904418,
  "umap2": 0.9156394419855819
}