{
  "No direct optim ancestor": "None",
  "umap1": 0.46789416272428963,
  "umap2": 0.7365003468695841
}