{
  "No direct optim ancestor": "None",
  "umap1": 0.7712001530080971,
  "umap2": 0.4575722474932241
}