{
  "No direct optim ancestor": "None",
  "umap1": 0.04967506976775704,
  "umap2": 0.3830131294947653
}