{
  "No direct optim ancestor": "None",
  "umap1": 0.649717922451883,
  "umap2": 0.08204771018642931
}