{
  "No direct optim ancestor": "None",
  "umap1": 0.5469746541215645,
  "umap2": 0.15780916319331562
}