{
  "No direct optim ancestor": "None",
  "umap1": 0.9066194646916947,
  "umap2": 0.43019357212193676
}