{
  "No direct optim ancestor": "None",
  "umap1": 0.8955869458541078,
  "umap2": 0.4081943437785619
}