{
  "No direct optim ancestor": "None",
  "umap1": 0.7343176161519235,
  "umap2": 0.26443246815260524
}