{
  "No direct optim ancestor": "None",
  "umap1": 0.9197964404316403,
  "umap2": 0.07700752867349692
}