{
  "No direct optim ancestor": "None",
  "umap1": 0.04095340274154591,
  "umap2": 0.7316876117291143
}