{
  "No direct optim ancestor": "None",
  "umap1": 0.22242744301875184,
  "umap2": 0.5601724906610159
}