{
  "No direct optim ancestor": "None",
  "umap1": 0.36572427189171064,
  "umap2": 0.23852641156981513
}