{
  "No direct optim ancestor": "None",
  "umap1": 0.4922124158255794,
  "umap2": 0.3835598474609604
}