{
  "No direct optim ancestor": "None",
  "umap1": 0.5840074320176758,
  "umap2": 0.3141708876262026
}