{
  "No direct optim ancestor": "None",
  "umap1": 0.714678431952243,
  "umap2": 0.28254476019316765
}