{
  "No direct optim ancestor": "None",
  "umap1": 0.5628697885647843,
  "umap2": 0.98518153591055
}