{
  "No direct optim ancestor": "None",
  "umap1": 0.6652162167429819,
  "umap2": 0.30826309379938566
}