{
  "No direct optim ancestor": "None",
  "umap1": 0.585982157956771,
  "umap2": 0.7586127480525329
}