{
  "No direct optim ancestor": "None",
  "umap1": 0.6578632224571146,
  "umap2": 0.6711495036758456
}