{
  "No direct optim ancestor": "None",
  "umap1": 0.20772106468269314,
  "umap2": 0.7236248982640033
}