{
  "No direct optim ancestor": "None",
  "umap1": 0.5304467729173693,
  "umap2": 0.6684329372174198
}