{
  "No direct optim ancestor": "None",
  "umap1": 0.6737512550129162,
  "umap2": 0.7232882345366227
}