{
  "No direct optim ancestor": "None",
  "umap1": 0.3401155354887392,
  "umap2": 0.9127122808952406
}