{
  "No direct optim ancestor": "None",
  "umap1": 0.04635619035764482,
  "umap2": 0.13908276593368107
}