{
  "No direct optim ancestor": "None",
  "umap1": 0.5484165774816794,
  "umap2": 0.3386700716886586
}