{
  "No direct optim ancestor": "None",
  "umap1": 0.45621817564473033,
  "umap2": 0.7689037353082487
}