{
  "No direct optim ancestor": "None",
  "umap1": 0.555793855419058,
  "umap2": 0.05531766948644379
}