{
  "No direct optim ancestor": "None",
  "umap1": 0.8985963123928785,
  "umap2": 0.3508051088675632
}