{
  "No direct optim ancestor": "None",
  "umap1": 0.14956966422456008,
  "umap2": 0.589260552670091
}