{
  "No direct optim ancestor": "None",
  "umap1": 0.023763543280739485,
  "umap2": 0.24295613341668376
}