{
  "No direct optim ancestor": "None",
  "umap1": 0.630267892963629,
  "umap2": 0.29783909726637703
}