{
  "No direct optim ancestor": "None",
  "umap1": 0.2859295394156004,
  "umap2": 0.24108122260622478
}