{
  "No direct optim ancestor": "None",
  "umap1": 0.7113703836945331,
  "umap2": 0.956009252079861
}