{
  "No direct optim ancestor": "None",
  "umap1": 0.22004162155854035,
  "umap2": 0.9150282467392671
}