{
  "No direct optim ancestor": "None",
  "umap1": 0.9630552588591322,
  "umap2": 0.19630129734985902
}