{
  "No direct optim ancestor": "None",
  "umap1": 0.6844353564273173,
  "umap2": 0.604777632845846
}