{
  "No direct optim ancestor": "None",
  "umap1": 0.6319293894298303,
  "umap2": 0.7949117992546093
}