{
  "No direct optim ancestor": "None",
  "umap1": 0.7941461020479504,
  "umap2": 0.5134751776291842
}