{
  "No direct optim ancestor": "None",
  "umap1": 0.7104543654588973,
  "umap2": 0.766666252319344
}