{
  "No direct optim ancestor": "None",
  "umap1": 0.7108211317136625,
  "umap2": 0.24129074489040114
}