{
  "No direct optim ancestor": "None",
  "umap1": 0.4134050470024483,
  "umap2": 0.8772932960781016
}