{
  "No direct optim ancestor": "None",
  "umap1": 0.9430684821720473,
  "umap2": 0.5040389111183707
}