{
  "No direct optim ancestor": "None",
  "umap1": 0.28015894059210333,
  "umap2": 0.4372139171140026
}