{
  "No direct optim ancestor": "None",
  "umap1": 0.12613456373036092,
  "umap2": 0.13266938082968516
}