{
  "No direct optim ancestor": "None",
  "umap1": 0.6711258925832593,
  "umap2": 0.9023316694035461
}