{
  "No direct optim ancestor": "None",
  "umap1": 0.0869124374530299,
  "umap2": 0.6684927904765942
}