{
  "No direct optim ancestor": "None",
  "umap1": 0.8702657472672379,
  "umap2": 0.24529816348579903
}