{
  "Ancestor's direct optim goal": "a photo of a spider web with red threads and green dew drops",
  "umap1": 0.6840742429477108,
  "umap2": 0.7245089620637535
}