{
  "No direct optim ancestor": "None",
  "umap1": 0.17351230838834997,
  "umap2": 0.935456697851107
}