{
  "No direct optim ancestor": "None",
  "umap1": 0.8954743477269916,
  "umap2": 0.6797540804228633
}