{
  "No direct optim ancestor": "None",
  "umap1": 0.2584280947831895,
  "umap2": 0.7785608632611467
}