{
  "No direct optim ancestor": "None",
  "umap1": 0.9522963516546643,
  "umap2": 0.6055452717927398
}