{
  "No direct optim ancestor": "None",
  "umap1": 0.6240071643463357,
  "umap2": 0.0474086934811867
}