{
  "No direct optim ancestor": "None",
  "umap1": 0.7912558811760176,
  "umap2": 0.39660606896940487
}