{
  "No direct optim ancestor": "None",
  "umap1": 0.6616335239890716,
  "umap2": 0.23060397833120305
}