{
  "No direct optim ancestor": "None",
  "umap1": 0.5683223333117772,
  "umap2": 0.39797723380896644
}