{
  "No direct optim ancestor": "None",
  "umap1": 0.11101912507708034,
  "umap2": 0.1788902258275692
}