{
  "No direct optim ancestor": "None",
  "umap1": 0.08837240668397695,
  "umap2": 0.9715959255047039
}