{
  "No direct optim ancestor": "None",
  "umap1": 0.6842801421681277,
  "umap2": 0.5370416063779649
}