{
  "No direct optim ancestor": "None",
  "umap1": 0.23840957195715518,
  "umap2": 0.4161944391280914
}