{
  "No direct optim ancestor": "None",
  "umap1": 0.9423613422508171,
  "umap2": 0.8438133554767148
}