{
  "No direct optim ancestor": "None",
  "umap1": 0.06650304817586228,
  "umap2": 0.903156872801601
}