{
  "No direct optim ancestor": "None",
  "umap1": 0.3433742184183528,
  "umap2": 0.09983405923999544
}