{
  "No direct optim ancestor": "None",
  "umap1": 0.3551677332485721,
  "umap2": 0.7615681895560188
}