{
  "No direct optim ancestor": "None",
  "umap1": 0.8010210878074385,
  "umap2": 0.09649995606374595
}