{
  "No direct optim ancestor": "None",
  "umap1": 0.514460176682317,
  "umap2": 0.18092982031216687
}