{
  "No direct optim ancestor": "None",
  "umap1": 0.9164777259570893,
  "umap2": 0.6647719651744269
}