{
  "No direct optim ancestor": "None",
  "umap1": 0.671359453277939,
  "umap2": 0.4218420401771048
}