{
  "No direct optim ancestor": "None",
  "umap1": 0.8089661475473715,
  "umap2": 0.9027056488567647
}