{
  "No direct optim ancestor": "None",
  "umap1": 0.26679280349628665,
  "umap2": 0.7874025478966185
}