{
  "No direct optim ancestor": "None",
  "umap1": 0.6071377429695755,
  "umap2": 0.394466750738383
}