{
  "No direct optim ancestor": "None",
  "umap1": 0.48273504288622715,
  "umap2": 0.5959669159127408
}