{
  "No direct optim ancestor": "None",
  "umap1": 0.8103248912809798,
  "umap2": 0.8993367799844382
}