{
  "No direct optim ancestor": "None",
  "umap1": 0.7166812807237072,
  "umap2": 0.6304895395305861
}