{
  "No direct optim ancestor": "None",
  "umap1": 0.4456787591332084,
  "umap2": 0.8363600505773885
}