{
  "No direct optim ancestor": "None",
  "umap1": 0.8294369495127032,
  "umap2": 0.28898308764977665
}