{
  "No direct optim ancestor": "None",
  "umap1": 0.2767246096228593,
  "umap2": 0.4617123162605844
}