{
  "No direct optim ancestor": "None",
  "umap1": 0.32274818615041934,
  "umap2": 0.9039240438120225
}