{
  "No direct optim ancestor": "None",
  "umap1": 0.003976739461990508,
  "umap2": 0.3449763516074199
}