{
  "No direct optim ancestor": "None",
  "umap1": 0.9731065755813075,
  "umap2": 0.1534600436969299
}