{
  "No direct optim ancestor": "None",
  "umap1": 0.6782786010210938,
  "umap2": 0.9617757722428347
}