{
  "No direct optim ancestor": "None",
  "umap1": 0.054256188475949374,
  "umap2": 0.125951910035356
}