{
  "No direct optim ancestor": "None",
  "umap1": 0.3027425533569603,
  "umap2": 0.39627826376161357
}