{
  "No direct optim ancestor": "None",
  "umap1": 0.7579869439729873,
  "umap2": 0.8888108340095089
}