{
  "No direct optim ancestor": "None",
  "umap1": 0.4651309787123473,
  "umap2": 0.4955098251029214
}