{
  "No direct optim ancestor": "None",
  "umap1": 0.7272861929845744,
  "umap2": 0.6463956165272168
}