{
  "No direct optim ancestor": "None",
  "umap1": 0.2592836929371277,
  "umap2": 0.7281688730191395
}