{
  "No direct optim ancestor": "None",
  "umap1": 0.367216157118625,
  "umap2": 0.32442532032790894
}