{
  "No direct optim ancestor": "None",
  "umap1": 0.6652357802537997,
  "umap2": 0.2925600888945641
}