{
  "No direct optim ancestor": "None",
  "umap1": 0.43557369601362483,
  "umap2": 0.6176248764354383
}