{
  "No direct optim ancestor": "None",
  "umap1": 0.36237096606537667,
  "umap2": 0.03168370041814894
}