{
  "No direct optim ancestor": "None",
  "umap1": 0.8863168942654719,
  "umap2": 0.2888677836589453
}