{
  "No direct optim ancestor": "None",
  "umap1": 0.42781107690857334,
  "umap2": 0.14066858142154726
}