{
  "No direct optim ancestor": "None",
  "umap1": 0.38882705225242786,
  "umap2": 0.0020518183147871794
}