{
  "No direct optim ancestor": "None",
  "umap1": 0.4496250056921781,
  "umap2": 0.35410587942361615
}