{
  "No direct optim ancestor": "None",
  "umap1": 0.7491972494780436,
  "umap2": 0.38132186329474826
}