{
  "No direct optim ancestor": "None",
  "umap1": 0.8319695039385059,
  "umap2": 0.446244185097873
}