{
  "No direct optim ancestor": "None",
  "umap1": 0.9379877452817881,
  "umap2": 0.8966366820398791
}