{
  "No direct optim ancestor": "None",
  "umap1": 0.9695679043362342,
  "umap2": 0.7665075013060885
}