{
  "No direct optim ancestor": "None",
  "umap1": 0.6682536835732913,
  "umap2": 0.9466432793679993
}