{
  "No direct optim ancestor": "None",
  "umap1": 0.96029045949814,
  "umap2": 0.5752779666541102
}