{
  "No direct optim ancestor": "None",
  "umap1": 0.15714048389909674,
  "umap2": 0.22224743086361054
}