{
  "No direct optim ancestor": "None",
  "umap1": 0.08242600602664552,
  "umap2": 0.6633464272676592
}