{
  "No direct optim ancestor": "None",
  "umap1": 0.5057004596737015,
  "umap2": 0.4997084286949932
}