{
  "No direct optim ancestor": "None",
  "umap1": 0.15962359425005745,
  "umap2": 0.07084283211020659
}