{
  "No direct optim ancestor": "None",
  "umap1": 0.301948884969248,
  "umap2": 0.22747353481853338
}