{
  "No direct optim ancestor": "None",
  "umap1": 0.7800780237917304,
  "umap2": 0.5318060409333759
}