{
  "No direct optim ancestor": "None",
  "umap1": 0.34331151960047324,
  "umap2": 0.5306255006030146
}