{
  "No direct optim ancestor": "None",
  "umap1": 0.24821433123527736,
  "umap2": 0.8653720192798139
}