{
  "No direct optim ancestor": "None",
  "umap1": 0.9524742299416292,
  "umap2": 0.803796590516526
}