{
  "No direct optim ancestor": "None",
  "umap1": 0.6505182757127638,
  "umap2": 0.5577410679323808
}