{
  "No direct optim ancestor": "None",
  "umap1": 0.37463004598666083,
  "umap2": 0.12828721524278308
}