{
  "No direct optim ancestor": "None",
  "umap1": 0.9316950188220424,
  "umap2": 0.5674972197015492
}