{
  "No direct optim ancestor": "None",
  "umap1": 0.9257916736338871,
  "umap2": 0.19942640614870044
}