{
  "No direct optim ancestor": "None",
  "umap1": 0.9033482979905957,
  "umap2": 0.22146999928458944
}