{
  "No direct optim ancestor": "None",
  "umap1": 0.7902791901231936,
  "umap2": 0.8325202414259991
}