{
  "No direct optim ancestor": "None",
  "umap1": 0.2505853032241101,
  "umap2": 0.28148719220154794
}