{
  "No direct optim ancestor": "None",
  "umap1": 0.327801438094241,
  "umap2": 0.5532818025125574
}