{
  "No direct optim ancestor": "None",
  "umap1": 0.359923616785369,
  "umap2": 0.5029706005461293
}