{
  "No direct optim ancestor": "None",
  "umap1": 0.2564957760297699,
  "umap2": 0.6552119847579637
}