{
  "No direct optim ancestor": "None",
  "umap1": 0.4138891809967613,
  "umap2": 0.5032839997911341
}