{
  "No direct optim ancestor": "None",
  "umap1": 0.29097184431118805,
  "umap2": 0.91882222623594
}