{
  "No direct optim ancestor": "None",
  "umap1": 0.05310344985623461,
  "umap2": 0.25405455367609
}