{
  "No direct optim ancestor": "None",
  "umap1": 0.3880105036826612,
  "umap2": 0.7307774124677308
}