{
  "No direct optim ancestor": "None",
  "umap1": 0.1416810861299337,
  "umap2": 0.7905861617217945
}