{
  "No direct optim ancestor": "None",
  "umap1": 0.3520055837497631,
  "umap2": 0.10185578237631143
}