{
  "No direct optim ancestor": "None",
  "umap1": 0.4118115583358921,
  "umap2": 0.7930685752244898
}