{
  "No direct optim ancestor": "None",
  "umap1": 0.9506887103101807,
  "umap2": 0.8715206809591152
}