{
  "No direct optim ancestor": "None",
  "umap1": 0.8569042163683824,
  "umap2": 0.8842023752707615
}