{
  "No direct optim ancestor": "None",
  "umap1": 0.7720216574156046,
  "umap2": 0.09303476013817558
}