{
  "No direct optim ancestor": "None",
  "umap1": 0.5011962622760763,
  "umap2": 0.5592005437440937
}