{
  "No direct optim ancestor": "None",
  "umap1": 0.39427839860071556,
  "umap2": 0.23561508262329156
}