{
  "No direct optim ancestor": "None",
  "umap1": 0.8992661264296722,
  "umap2": 0.8163489976502768
}