{
  "No direct optim ancestor": "None",
  "umap1": 0.8758757310711367,
  "umap2": 0.6558169434818332
}