{
  "No direct optim ancestor": "None",
  "umap1": 0.7007910336396832,
  "umap2": 0.9944833900206549
}