{
  "No direct optim ancestor": "None",
  "umap1": 0.12694431150046914,
  "umap2": 0.6056610667811013
}