{
  "No direct optim ancestor": "None",
  "umap1": 0.38807334807035887,
  "umap2": 0.5823206474206315
}