{
  "No direct optim ancestor": "None",
  "umap1": 0.17744415847118877,
  "umap2": 0.7105434267505093
}