{
  "No direct optim ancestor": "None",
  "umap1": 0.6953882292717473,
  "umap2": 0.28509455549787577
}