{
  "No direct optim ancestor": "None",
  "umap1": 0.3477867730611701,
  "umap2": 0.8020642287231305
}