{
  "No direct optim ancestor": "None",
  "umap1": 0.1343839869556469,
  "umap2": 0.020487557240729593
}