{
  "No direct optim ancestor": "None",
  "umap1": 0.8222427691833379,
  "umap2": 0.7746825809270308
}