{
  "No direct optim ancestor": "None",
  "umap1": 0.3677137148520444,
  "umap2": 0.9243288662025564
}