{
  "No direct optim ancestor": "None",
  "umap1": 0.9083033477469388,
  "umap2": 0.08890230077697703
}