{
  "No direct optim ancestor": "None",
  "umap1": 0.9622584077793835,
  "umap2": 0.4888093776845496
}