{
  "No direct optim ancestor": "None",
  "umap1": 0.6969457442502557,
  "umap2": 0.43932442342176015
}