{
  "No direct optim ancestor": "None",
  "umap1": 0.01638867780830755,
  "umap2": 0.473121259705755
}