{
  "No direct optim ancestor": "None",
  "umap1": 0.015036131393610708,
  "umap2": 0.14036489467128277
}