{
  "No direct optim ancestor": "None",
  "umap1": 0.9817001870759934,
  "umap2": 0.18435756444287432
}