{
  "No direct optim ancestor": "None",
  "umap1": 0.7837875199836277,
  "umap2": 0.32923186946703
}