{
  "No direct optim ancestor": "None",
  "umap1": 0.05556096456608428,
  "umap2": 0.9707162654163198
}