{
  "No direct optim ancestor": "None",
  "umap1": 0.46017416145506873,
  "umap2": 0.6566017166489687
}