{
  "No direct optim ancestor": "None",
  "umap1": 0.9425631872600507,
  "umap2": 0.7594529811438148
}