{
  "No direct optim ancestor": "None",
  "umap1": 0.9334642435293178,
  "umap2": 0.13580477935657542
}