{
  "No direct optim ancestor": "None",
  "umap1": 0.9471110114434025,
  "umap2": 0.34544500460324457
}