{
  "No direct optim ancestor": "None",
  "umap1": 0.41660252597618097,
  "umap2": 0.03987537704521904
}