{
  "No direct optim ancestor": "None",
  "umap1": 0.7513595823197279,
  "umap2": 0.759356503671703
}