{
  "No direct optim ancestor": "None",
  "umap1": 0.2554829026105342,
  "umap2": 0.19418943830859092
}