{
  "No direct optim ancestor": "None",
  "umap1": 0.822533333013338,
  "umap2": 0.748876633506708
}