{
  "No direct optim ancestor": "None",
  "umap1": 0.36462073071431345,
  "umap2": 0.25984354172077206
}