{
  "No direct optim ancestor": "None",
  "umap1": 0.9960130934140989,
  "umap2": 0.9549047704352825
}