{
  "No direct optim ancestor": "None",
  "umap1": 0.2920387603017873,
  "umap2": 0.37168166777789136
}