{
  "No direct optim ancestor": "None",
  "umap1": 0.44563240312461894,
  "umap2": 0.8605042890311821
}