{
  "No direct optim ancestor": "None",
  "umap1": 0.5401875000291082,
  "umap2": 0.6865380197339198
}