{
  "No direct optim ancestor": "None",
  "umap1": 0.1270866898619456,
  "umap2": 0.05792890220453639
}