{
  "No direct optim ancestor": "None",
  "umap1": 0.2159202172461877,
  "umap2": 0.7720377812012797
}