{
  "No direct optim ancestor": "None",
  "umap1": 0.6442783985387757,
  "umap2": 0.7674564634410961
}