{
  "No direct optim ancestor": "None",
  "umap1": 0.127116515119303,
  "umap2": 0.9262646631110221
}