{
  "No direct optim ancestor": "None",
  "umap1": 0.4721116139403707,
  "umap2": 0.044493328172824254
}