{
  "No direct optim ancestor": "None",
  "umap1": 0.4078820111224134,
  "umap2": 0.929958872886426
}