{
  "No direct optim ancestor": "None",
  "umap1": 0.7394481662928699,
  "umap2": 0.30707311946421056
}