{
  "No direct optim ancestor": "None",
  "umap1": 0.049775425913093696,
  "umap2": 0.0746751920247003
}