{
  "No direct optim ancestor": "None",
  "umap1": 0.2841455587342391,
  "umap2": 0.6182300305934864
}