{
  "No direct optim ancestor": "None",
  "umap1": 0.6497528183574862,
  "umap2": 0.47171028137119286
}