{
  "No direct optim ancestor": "None",
  "umap1": 0.8915654226256522,
  "umap2": 0.8967448406447039
}