{
  "No direct optim ancestor": "None",
  "umap1": 0.60584562364198,
  "umap2": 0.2877450758436815
}