{
  "No direct optim ancestor": "None",
  "umap1": 0.3576667451502201,
  "umap2": 0.3619590445222688
}