{
  "No direct optim ancestor": "None",
  "umap1": 0.8818162072430804,
  "umap2": 0.797199316264436
}