{
  "No direct optim ancestor": "None",
  "umap1": 0.8048989831219453,
  "umap2": 0.2574048577254482
}