{
  "No direct optim ancestor": "None",
  "umap1": 0.8352487583728551,
  "umap2": 0.9423039033339184
}