{
  "No direct optim ancestor": "None",
  "umap1": 0.4411522559114617,
  "umap2": 0.9700785814216872
}