{
  "No direct optim ancestor": "None",
  "umap1": 0.761007176974927,
  "umap2": 0.997331203075452
}