{
  "No direct optim ancestor": "None",
  "umap1": 0.5282492277559704,
  "umap2": 0.7570297178318404
}