{
  "No direct optim ancestor": "None",
  "umap1": 0.1286433860210452,
  "umap2": 0.20242149563859357
}