{
  "No direct optim ancestor": "None",
  "umap1": 0.4953986364344597,
  "umap2": 0.24141331402514965
}