{
  "No direct optim ancestor": "None",
  "umap1": 0.6372653596000063,
  "umap2": 0.6415560667822405
}