{
  "No direct optim ancestor": "None",
  "umap1": 0.34115085261377986,
  "umap2": 0.05781409417956307
}