{
  "No direct optim ancestor": "None",
  "umap1": 0.9460712256204117,
  "umap2": 0.018958998547770722
}