{
  "No direct optim ancestor": "None",
  "umap1": 0.4605414121995849,
  "umap2": 0.688357335312578
}