{
  "No direct optim ancestor": "None",
  "umap1": 0.4826527184917542,
  "umap2": 0.653587832934499
}