{
  "No direct optim ancestor": "None",
  "umap1": 0.1685868531867395,
  "umap2": 0.346090848413552
}