{
  "No direct optim ancestor": "None",
  "umap1": 0.04904637182236282,
  "umap2": 0.5794176684919868
}