{
  "No direct optim ancestor": "None",
  "umap1": 0.7811347413992852,
  "umap2": 0.6935225958069134
}