{
  "No direct optim ancestor": "None",
  "umap1": 0.10467537438779939,
  "umap2": 0.3518523972318013
}