{
  "No direct optim ancestor": "None",
  "umap1": 0.5938575786649268,
  "umap2": 0.6075975961013528
}