{
  "No direct optim ancestor": "None",
  "umap1": 0.1858829759299857,
  "umap2": 0.1281932917357369
}