{
  "No direct optim ancestor": "None",
  "umap1": 0.8062247778912953,
  "umap2": 0.20577192194493998
}