{
  "No direct optim ancestor": "None",
  "umap1": 0.8430792976117881,
  "umap2": 0.7822804676052832
}