{
  "No direct optim ancestor": "None",
  "umap1": 0.011658200517862594,
  "umap2": 0.1566386623814805
}