{
  "No direct optim ancestor": "None",
  "umap1": 0.1285261645880429,
  "umap2": 0.5772830731499821
}