{
  "No direct optim ancestor": "None",
  "umap1": 0.3560148564185994,
  "umap2": 0.44106334849145035
}