{
  "No direct optim ancestor": "None",
  "umap1": 0.9326593525987502,
  "umap2": 0.1094620911373465
}