{
  "No direct optim ancestor": "None",
  "umap1": 0.007933418244160162,
  "umap2": 0.018548548483025784
}