{
  "No direct optim ancestor": "None",
  "umap1": 0.09700807528850475,
  "umap2": 0.4198417156678502
}