{
  "No direct optim ancestor": "None",
  "umap1": 0.49056908834933466,
  "umap2": 0.17924897156433373
}