{
  "No direct optim ancestor": "None",
  "umap1": 0.06579797466915382,
  "umap2": 0.9801503638920712
}