{
  "No direct optim ancestor": "None",
  "umap1": 0.8589517964098717,
  "umap2": 0.5313888762490356
}