{
  "No direct optim ancestor": "None",
  "umap1": 0.6927316625080662,
  "umap2": 0.14865375320042495
}