{
  "No direct optim ancestor": "None",
  "umap1": 0.11899116655919939,
  "umap2": 0.9300952608586471
}