{
  "No direct optim ancestor": "None",
  "umap1": 0.9043252663600598,
  "umap2": 0.22412757323135168
}