{
  "No direct optim ancestor": "None",
  "umap1": 0.20100820053412194,
  "umap2": 0.8452111980797985
}