{
  "No direct optim ancestor": "None",
  "umap1": 0.1718598159769752,
  "umap2": 0.32433503247014206
}