{
  "No direct optim ancestor": "None",
  "umap1": 0.551456229206055,
  "umap2": 0.27645302306083264
}