{
  "No direct optim ancestor": "None",
  "umap1": 0.377906714986179,
  "umap2": 0.02169207776355797
}