{
  "No direct optim ancestor": "None",
  "umap1": 0.7553518583443849,
  "umap2": 0.09922147508304202
}