{
  "No direct optim ancestor": "None",
  "umap1": 0.0025530258975777764,
  "umap2": 0.9122750031678987
}