{
  "No direct optim ancestor": "None",
  "umap1": 0.0018924673198862374,
  "umap2": 0.1562826365590252
}