{
  "No direct optim ancestor": "None",
  "umap1": 0.5099826850699721,
  "umap2": 0.18274809831083372
}