{
  "No direct optim ancestor": "None",
  "umap1": 0.9892143239162121,
  "umap2": 0.45164423578904866
}