{
  "No direct optim ancestor": "None",
  "umap1": 0.420307123692951,
  "umap2": 0.01585104045176866
}