{
  "No direct optim ancestor": "None",
  "umap1": 0.13366179110791143,
  "umap2": 0.3765514851127433
}