{
  "No direct optim ancestor": "None",
  "umap1": 0.971467920834711,
  "umap2": 0.8935072779973945
}