{
  "No direct optim ancestor": "None",
  "umap1": 0.8455921123469718,
  "umap2": 0.2936098386680661
}