{
  "No direct optim ancestor": "None",
  "umap1": 0.07283604088688045,
  "umap2": 0.7666722392547558
}