{
  "No direct optim ancestor": "None",
  "umap1": 0.011496809444483835,
  "umap2": 0.28726346140607406
}