{
  "No direct optim ancestor": "None",
  "umap1": 0.9212541344739239,
  "umap2": 0.06731045776367495
}