{
  "No direct optim ancestor": "None",
  "umap1": 0.3835793912797142,
  "umap2": 0.24659816125842482
}