{
  "No direct optim ancestor": "None",
  "umap1": 0.7880857623663771,
  "umap2": 0.741184207458833
}