{
  "No direct optim ancestor": "None",
  "umap1": 0.1356134208343185,
  "umap2": 0.4321082722435229
}