{
  "No direct optim ancestor": "None",
  "umap1": 0.5840299705147157,
  "umap2": 0.2942630043125708
}