{
  "No direct optim ancestor": "None",
  "umap1": 0.433065339763403,
  "umap2": 0.6637899477404949
}