{
  "No direct optim ancestor": "None",
  "umap1": 0.02722665931572188,
  "umap2": 0.6525448358586575
}