{
  "No direct optim ancestor": "None",
  "umap1": 0.6386815692068241,
  "umap2": 0.42745236989967816
}