{
  "No direct optim ancestor": "None",
  "umap1": 0.5561920741016878,
  "umap2": 0.6252704849867885
}