{
  "No direct optim ancestor": "None",
  "umap1": 0.7341905560407577,
  "umap2": 0.5215190538844363
}