{
  "No direct optim ancestor": "None",
  "umap1": 0.601481238317287,
  "umap2": 0.25121509407639897
}