{
  "No direct optim ancestor": "None",
  "umap1": 0.6720053325260776,
  "umap2": 0.77297837396065
}