{
  "No direct optim ancestor": "None",
  "umap1": 0.7394151074646055,
  "umap2": 0.39541132928003353
}