{
  "No direct optim ancestor": "None",
  "umap1": 0.38412853482481213,
  "umap2": 0.3030339415331079
}