{
  "No direct optim ancestor": "None",
  "umap1": 0.22962798571856313,
  "umap2": 0.841286697524397
}