{
  "No direct optim ancestor": "None",
  "umap1": 0.5426427617831313,
  "umap2": 0.3534317424856226
}