{
  "No direct optim ancestor": "None",
  "umap1": 0.08784889997396417,
  "umap2": 0.5596445650810542
}