{
  "No direct optim ancestor": "None",
  "umap1": 0.7964890559906047,
  "umap2": 0.006151511700640988
}