{
  "No direct optim ancestor": "None",
  "umap1": 0.5544673844155187,
  "umap2": 0.25794747835796716
}