{
  "No direct optim ancestor": "None",
  "umap1": 0.17296134057869972,
  "umap2": 0.5553438364347324
}