{
  "No direct optim ancestor": "None",
  "umap1": 0.8385243967386928,
  "umap2": 0.4683603650398722
}