{
  "No direct optim ancestor": "None",
  "umap1": 0.244260183049815,
  "umap2": 0.7929388973162829
}