{
  "No direct optim ancestor": "None",
  "umap1": 0.0041393896487725845,
  "umap2": 0.5144228693733282
}