{
  "No direct optim ancestor": "None",
  "umap1": 0.2317698419952462,
  "umap2": 0.7458306498566442
}