{
  "No direct optim ancestor": "None",
  "umap1": 0.539568776449514,
  "umap2": 0.6724106952075596
}