{
  "No direct optim ancestor": "None",
  "umap1": 0.8677595157728163,
  "umap2": 0.289769924041685
}