{
  "No direct optim ancestor": "None",
  "umap1": 0.5975592878219237,
  "umap2": 0.5516007496018219
}