{
  "No direct optim ancestor": "None",
  "umap1": 0.45620511514931295,
  "umap2": 0.7832522708997692
}