{
  "No direct optim ancestor": "None",
  "umap1": 0.9805019666296035,
  "umap2": 0.4251630046149252
}