{
  "No direct optim ancestor": "None",
  "umap1": 0.9056726169436677,
  "umap2": 0.8351067654579778
}