{
  "No direct optim ancestor": "None",
  "umap1": 0.379991520706622,
  "umap2": 0.19418817897340546
}