{
  "No direct optim ancestor": "None",
  "umap1": 0.6864417028151448,
  "umap2": 0.5984437434040849
}