{
  "No direct optim ancestor": "None",
  "umap1": 0.11040111171983547,
  "umap2": 0.2630262884395993
}