{
  "No direct optim ancestor": "None",
  "umap1": 0.39675148206038624,
  "umap2": 0.9668578877858297
}