{
  "No direct optim ancestor": "None",
  "umap1": 0.7447814910519637,
  "umap2": 0.7327647976197378
}