{
  "No direct optim ancestor": "None",
  "umap1": 0.8249319047614267,
  "umap2": 0.4394106989425307
}