{
  "No direct optim ancestor": "None",
  "umap1": 0.21112675436002015,
  "umap2": 0.6470064533351374
}