{
  "No direct optim ancestor": "None",
  "umap1": 0.035973714010638425,
  "umap2": 0.4056704368275369
}