{
  "No direct optim ancestor": "None",
  "umap1": 0.539269388680493,
  "umap2": 0.8371785360001172
}