{
  "No direct optim ancestor": "None",
  "umap1": 0.8502188922359503,
  "umap2": 0.6291369221400741
}