{
  "No direct optim ancestor": "None",
  "umap1": 0.5888840210657335,
  "umap2": 0.26837881615184134
}