{
  "No direct optim ancestor": "None",
  "umap1": 0.546275206969641,
  "umap2": 0.3453159379037425
}