{
  "No direct optim ancestor": "None",
  "umap1": 0.9947948546130678,
  "umap2": 0.41645851013603974
}