{
  "No direct optim ancestor": "None",
  "umap1": 0.7134634538375174,
  "umap2": 0.19111633462276156
}