{
  "No direct optim ancestor": "None",
  "umap1": 0.6388377666966746,
  "umap2": 0.2248749746862495
}