{
  "No direct optim ancestor": "None",
  "umap1": 0.7495759861008825,
  "umap2": 0.0232892313251456
}