{
  "No direct optim ancestor": "None",
  "umap1": 0.5405687738669903,
  "umap2": 0.5526835173899971
}