{
  "No direct optim ancestor": "None",
  "umap1": 0.9340077638627328,
  "umap2": 0.3156393904329373
}