{
  "No direct optim ancestor": "None",
  "umap1": 0.8338498591029531,
  "umap2": 0.0414092064838224
}