{
  "No direct optim ancestor": "None",
  "umap1": 0.02828049572168667,
  "umap2": 0.008068128443831535
}