{
  "No direct optim ancestor": "None",
  "umap1": 0.0229977432486681,
  "umap2": 0.06237135549903372
}