{
  "No direct optim ancestor": "None",
  "umap1": 0.7746450514658969,
  "umap2": 0.9483751855545042
}