{
  "No direct optim ancestor": "None",
  "umap1": 0.5991310804759329,
  "umap2": 0.08817128760514092
}