{
  "No direct optim ancestor": "None",
  "umap1": 0.4735614155014498,
  "umap2": 0.6143421559299459
}