{
  "No direct optim ancestor": "None",
  "umap1": 0.7911353393400928,
  "umap2": 0.03035049816491109
}