{
  "No direct optim ancestor": "None",
  "umap1": 0.6014717376037678,
  "umap2": 0.6186391165004124
}