{
  "No direct optim ancestor": "None",
  "umap1": 0.8122556962543888,
  "umap2": 0.6780000237031967
}