{
  "No direct optim ancestor": "None",
  "umap1": 0.4033365322499318,
  "umap2": 0.10288000723698076
}