{
  "No direct optim ancestor": "None",
  "umap1": 0.7495423410862858,
  "umap2": 0.5545218890254761
}