{
  "No direct optim ancestor": "None",
  "umap1": 0.8993364891240249,
  "umap2": 0.5828554242882392
}