{
  "No direct optim ancestor": "None",
  "umap1": 0.45545847564725894,
  "umap2": 0.7669472429375989
}