{
  "No direct optim ancestor": "None",
  "umap1": 0.23966026323408363,
  "umap2": 0.20023442172898342
}