{
  "No direct optim ancestor": "None",
  "umap1": 0.15730045395948666,
  "umap2": 0.25518008347025567
}