{
  "No direct optim ancestor": "None",
  "umap1": 0.04655284168124263,
  "umap2": 0.3103345548217964
}