{
  "No direct optim ancestor": "None",
  "umap1": 0.5136347207471212,
  "umap2": 0.8420588719763916
}