{
  "No direct optim ancestor": "None",
  "umap1": 0.15816292769843654,
  "umap2": 0.08445377356873407
}