{
  "No direct optim ancestor": "None",
  "umap1": 0.5557623531009267,
  "umap2": 0.0354021622662567
}