{
  "No direct optim ancestor": "None",
  "umap1": 0.03660043448124062,
  "umap2": 0.8021402981637414
}