{
  "No direct optim ancestor": "None",
  "umap1": 0.10654282715075813,
  "umap2": 0.9868678207538849
}