{
  "No direct optim ancestor": "None",
  "umap1": 0.1071288008310658,
  "umap2": 0.33630568342434886
}