{
  "No direct optim ancestor": "None",
  "umap1": 0.6730462104588946,
  "umap2": 0.4232185453827195
}