{
  "No direct optim ancestor": "None",
  "umap1": 0.9130167105769376,
  "umap2": 0.4137738377430351
}