{
  "No direct optim ancestor": "None",
  "umap1": 0.13289650218977445,
  "umap2": 0.44179420617977894
}