{
  "No direct optim ancestor": "None",
  "umap1": 0.7161655630399071,
  "umap2": 0.6788757923072889
}