{
  "No direct optim ancestor": "None",
  "umap1": 0.19978983502461634,
  "umap2": 0.10525954476407251
}