{
  "No direct optim ancestor": "None",
  "umap1": 0.4664562891520734,
  "umap2": 0.5991329877986957
}