{
  "No direct optim ancestor": "None",
  "umap1": 0.5696151755897597,
  "umap2": 0.26338690601712655
}