{
  "No direct optim ancestor": "None",
  "umap1": 0.09072416095417568,
  "umap2": 0.6103647202135281
}