{
  "No direct optim ancestor": "None",
  "umap1": 0.5794669253996029,
  "umap2": 0.4822573185766468
}