{
  "No direct optim ancestor": "None",
  "umap1": 0.8959015346068612,
  "umap2": 0.8232920383065696
}