{
  "No direct optim ancestor": "None",
  "umap1": 0.7115521231605367,
  "umap2": 0.8349775333618286
}