{
  "No direct optim ancestor": "None",
  "umap1": 0.3723781428802051,
  "umap2": 0.4217683666856865
}