{
  "No direct optim ancestor": "None",
  "umap1": 0.5646047391657653,
  "umap2": 0.3818643233238529
}