{
  "No direct optim ancestor": "None",
  "umap1": 0.7470301574983166,
  "umap2": 0.6977023171943917
}