{
  "No direct optim ancestor": "None",
  "umap1": 0.400481970857268,
  "umap2": 0.2884623749312637
}