{
  "No direct optim ancestor": "None",
  "umap1": 0.677078433182756,
  "umap2": 0.8935882649989512
}