{
  "No direct optim ancestor": "None",
  "umap1": 0.709368344755625,
  "umap2": 0.9201461319814415
}