{
  "No direct optim ancestor": "None",
  "umap1": 0.8596480989165154,
  "umap2": 0.8621679624169585
}