{
  "No direct optim ancestor": "None",
  "umap1": 0.9529575289288497,
  "umap2": 0.5441970857624329
}