{
  "No direct optim ancestor": "None",
  "umap1": 0.9146622803302499,
  "umap2": 0.08594377623002447
}