{
  "No direct optim ancestor": "None",
  "umap1": 0.31454988751795043,
  "umap2": 0.5442081286746226
}