{
  "No direct optim ancestor": "None",
  "umap1": 0.42044984861519197,
  "umap2": 0.7021904966918514
}