{
  "No direct optim ancestor": "None",
  "umap1": 0.6034181460819484,
  "umap2": 0.6793581514071557
}