{
  "No direct optim ancestor": "None",
  "umap1": 0.7200406953035227,
  "umap2": 0.7179462911862781
}