{
  "No direct optim ancestor": "None",
  "umap1": 0.5160659040609579,
  "umap2": 0.1270539105084637
}