{
  "No direct optim ancestor": "None",
  "umap1": 0.8194041495952799,
  "umap2": 0.5642065653244959
}