{
  "No direct optim ancestor": "None",
  "umap1": 0.6331431503690981,
  "umap2": 0.9628808145853117
}