{
  "No direct optim ancestor": "None",
  "umap1": 0.09122587372116975,
  "umap2": 0.7191383675344527
}