{
  "No direct optim ancestor": "None",
  "umap1": 0.2339046788630299,
  "umap2": 0.3104246602381555
}