{
  "No direct optim ancestor": "None",
  "umap1": 0.8787584778864077,
  "umap2": 0.6412704704550383
}