{
  "No direct optim ancestor": "None",
  "umap1": 0.5239303818249823,
  "umap2": 0.4813806951006798
}