{
  "No direct optim ancestor": "None",
  "umap1": 0.17680731216892998,
  "umap2": 0.2277703884857526
}