{
  "No direct optim ancestor": "None",
  "umap1": 0.6934813955588636,
  "umap2": 0.7415811179726111
}