{
  "No direct optim ancestor": "None",
  "umap1": 0.5812703322035175,
  "umap2": 0.7707356749324179
}