{
  "No direct optim ancestor": "None",
  "umap1": 0.5158986377920899,
  "umap2": 0.48092770764232384
}