{
  "No direct optim ancestor": "None",
  "umap1": 0.8177915414829255,
  "umap2": 0.442889745643152
}