{
  "No direct optim ancestor": "None",
  "umap1": 0.6893740365237632,
  "umap2": 0.8976940086681536
}