{
  "No direct optim ancestor": "None",
  "umap1": 0.10084373855293927,
  "umap2": 0.9981737336974174
}