{
  "No direct optim ancestor": "None",
  "umap1": 0.003014368605300799,
  "umap2": 0.2838019543411533
}