{
  "No direct optim ancestor": "None",
  "umap1": 0.8972393841912143,
  "umap2": 0.696108234747321
}