{
  "No direct optim ancestor": "None",
  "umap1": 0.4622660695135429,
  "umap2": 0.31679551839954234
}