{
  "No direct optim ancestor": "None",
  "umap1": 0.8392797806644197,
  "umap2": 0.1941855802023602
}