{
  "No direct optim ancestor": "None",
  "umap1": 0.987690067902601,
  "umap2": 0.2856569345069666
}