{
  "No direct optim ancestor": "None",
  "umap1": 0.11259613994510997,
  "umap2": 0.09705807465253213
}