{
  "No direct optim ancestor": "None",
  "umap1": 0.39443439269169256,
  "umap2": 0.00952163622056923
}