{
  "No direct optim ancestor": "None",
  "umap1": 0.8590679630733302,
  "umap2": 0.7452358736058501
}