{
  "No direct optim ancestor": "None",
  "umap1": 0.32725015379767175,
  "umap2": 0.4730047870080971
}