{
  "No direct optim ancestor": "None",
  "umap1": 0.12064335892481026,
  "umap2": 0.5986446000403934
}