{
  "No direct optim ancestor": "None",
  "umap1": 0.9265433491876262,
  "umap2": 0.8695432967120285
}