{
  "No direct optim ancestor": "None",
  "umap1": 0.8696172114418729,
  "umap2": 0.4744337807944222
}