{
  "No direct optim ancestor": "None",
  "umap1": 0.7703897747427652,
  "umap2": 0.7341969321078422
}