{
  "No direct optim ancestor": "None",
  "umap1": 0.25138847145104337,
  "umap2": 0.2788541096314241
}