{
  "No direct optim ancestor": "None",
  "umap1": 0.3923022935027679,
  "umap2": 0.13238361238022855
}