{
  "No direct optim ancestor": "None",
  "umap1": 0.34120561727186705,
  "umap2": 0.6730117175879854
}