{
  "No direct optim ancestor": "None",
  "umap1": 0.9616256146902091,
  "umap2": 0.13080558666037834
}