{
  "No direct optim ancestor": "None",
  "umap1": 0.31782680709862987,
  "umap2": 0.11020641828159916
}