{
  "No direct optim ancestor": "None",
  "umap1": 0.07720069518655759,
  "umap2": 0.9706158290894168
}