{
  "No direct optim ancestor": "None",
  "umap1": 0.9383222371456247,
  "umap2": 0.5970690293888304
}