{
  "No direct optim ancestor": "None",
  "umap1": 0.04851960715463999,
  "umap2": 0.027310021288882935
}