{
  "No direct optim ancestor": "None",
  "umap1": 0.7562560451908603,
  "umap2": 0.530389643340771
}