{
  "No direct optim ancestor": "None",
  "umap1": 0.5865302358978329,
  "umap2": 0.1952497882675296
}