{
  "No direct optim ancestor": "None",
  "umap1": 0.4269755080623917,
  "umap2": 0.9155418772453037
}