{
  "No direct optim ancestor": "None",
  "umap1": 0.7654987675013251,
  "umap2": 0.922970512109786
}