{
  "No direct optim ancestor": "None",
  "umap1": 0.2120486925726759,
  "umap2": 0.1644674332589564
}