{
  "No direct optim ancestor": "None",
  "umap1": 0.5122781169398201,
  "umap2": 0.9471558552349645
}