{
  "No direct optim ancestor": "None",
  "umap1": 0.877291118897256,
  "umap2": 0.8934054714186436
}