{
  "No direct optim ancestor": "None",
  "umap1": 0.7236743033150418,
  "umap2": 0.4168355346509701
}