{
  "No direct optim ancestor": "None",
  "umap1": 0.9717393487802534,
  "umap2": 0.3619983169448886
}