{
  "No direct optim ancestor": "None",
  "umap1": 0.12610567544410645,
  "umap2": 0.13421212004680916
}