{
  "No direct optim ancestor": "None",
  "umap1": 0.8449081994876944,
  "umap2": 0.9255934789235132
}