{
  "No direct optim ancestor": "None",
  "umap1": 0.4422817693835088,
  "umap2": 0.5213400835794811
}