{
  "No direct optim ancestor": "None",
  "umap1": 0.7598013938708227,
  "umap2": 0.5342045465823433
}