{
  "No direct optim ancestor": "None",
  "umap1": 0.8953477787743683,
  "umap2": 0.5036855891518688
}