{
  "No direct optim ancestor": "None",
  "umap1": 0.14972760454720413,
  "umap2": 0.7454402040575742
}