{
  "No direct optim ancestor": "None",
  "umap1": 0.37303008557237205,
  "umap2": 0.46526835613991246
}