{
  "No direct optim ancestor": "None",
  "umap1": 0.03323581725086,
  "umap2": 0.21773089199385853
}