{
  "No direct optim ancestor": "None",
  "umap1": 0.20120128788740688,
  "umap2": 0.35147286465234573
}