{
  "No direct optim ancestor": "None",
  "umap1": 0.6557900251279066,
  "umap2": 0.8077108699238057
}