{
  "No direct optim ancestor": "None",
  "umap1": 0.6020464798574409,
  "umap2": 0.9616652192289912
}