{
  "No direct optim ancestor": "None",
  "umap1": 0.745000686935206,
  "umap2": 0.002105653905578042
}