{
  "No direct optim ancestor": "None",
  "umap1": 0.33647153642254757,
  "umap2": 0.7248222108948289
}