{
  "No direct optim ancestor": "None",
  "umap1": 0.6163440129143577,
  "umap2": 0.8295538996221197
}