{
  "No direct optim ancestor": "None",
  "umap1": 0.005819163122599891,
  "umap2": 0.20976484900135905
}