{
  "No direct optim ancestor": "None",
  "umap1": 0.05941432321163109,
  "umap2": 0.8115166161258555
}