{
  "No direct optim ancestor": "None",
  "umap1": 0.5914695754326516,
  "umap2": 0.6561898351048898
}