{
  "No direct optim ancestor": "None",
  "umap1": 0.3065663467364885,
  "umap2": 0.3190311259699482
}