{
  "No direct optim ancestor": "None",
  "umap1": 0.3367831019792712,
  "umap2": 0.41033386850940534
}