{
  "No direct optim ancestor": "None",
  "umap1": 0.9900090642405621,
  "umap2": 0.8892995775688454
}