{
  "No direct optim ancestor": "None",
  "umap1": 0.044419375682847595,
  "umap2": 0.9118598832572087
}