{
  "No direct optim ancestor": "None",
  "umap1": 0.5702711555169285,
  "umap2": 0.594326028154484
}