{
  "No direct optim ancestor": "None",
  "umap1": 0.8639165767267949,
  "umap2": 0.46140198521562914
}