{
  "No direct optim ancestor": "None",
  "umap1": 0.5489501530076665,
  "umap2": 0.9442912699079306
}