{
  "No direct optim ancestor": "None",
  "umap1": 0.030815793151780735,
  "umap2": 0.857175842352148
}