{
  "No direct optim ancestor": "None",
  "umap1": 0.07571498237153484,
  "umap2": 0.8736645418904333
}