{
  "No direct optim ancestor": "None",
  "umap1": 0.9449293498003325,
  "umap2": 0.4714751213468622
}