{
  "No direct optim ancestor": "None",
  "umap1": 0.7053893304213806,
  "umap2": 0.005172555312773053
}