{
  "No direct optim ancestor": "None",
  "umap1": 0.5765409999147393,
  "umap2": 0.3183690739258034
}