{
  "No direct optim ancestor": "None",
  "umap1": 0.5158998809246975,
  "umap2": 0.9435411042584231
}