{
  "No direct optim ancestor": "None",
  "umap1": 0.6300962644532809,
  "umap2": 0.5086254217833737
}