{
  "No direct optim ancestor": "None",
  "umap1": 0.4354798017053991,
  "umap2": 0.43279956191673075
}