{
  "No direct optim ancestor": "None",
  "umap1": 0.0027209336231029946,
  "umap2": 0.7658947232022797
}