{
  "No direct optim ancestor": "None",
  "umap1": 0.9600645780918632,
  "umap2": 0.4781791709441976
}