{
  "No direct optim ancestor": "None",
  "umap1": 0.9191897199704362,
  "umap2": 0.4157274130123563
}