{
  "No direct optim ancestor": "None",
  "umap1": 0.07453064390314179,
  "umap2": 0.5891658997903643
}