{
  "No direct optim ancestor": "None",
  "umap1": 0.31013474408804564,
  "umap2": 0.2284107463455285
}