{
  "No direct optim ancestor": "None",
  "umap1": 0.7909959921853534,
  "umap2": 0.6254353666037838
}