{
  "No direct optim ancestor": "None",
  "umap1": 0.5951955996321071,
  "umap2": 0.6788483809328111
}