{
  "No direct optim ancestor": "None",
  "umap1": 0.5156289398104401,
  "umap2": 0.3006759635371361
}