{
  "No direct optim ancestor": "None",
  "umap1": 0.6349471416274151,
  "umap2": 0.5701896900186345
}