{
  "No direct optim ancestor": "None",
  "umap1": 0.7547915857638041,
  "umap2": 0.7933442275199858
}