{
  "No direct optim ancestor": "None",
  "umap1": 0.46260151251312687,
  "umap2": 0.3156137541573938
}