{
  "No direct optim ancestor": "None",
  "umap1": 0.764369490420448,
  "umap2": 0.391810462219474
}