{
  "No direct optim ancestor": "None",
  "umap1": 0.7447665658086331,
  "umap2": 0.18514043315495354
}