{
  "No direct optim ancestor": "None",
  "umap1": 0.4761628215554823,
  "umap2": 0.5132605038435816
}