{
  "No direct optim ancestor": "None",
  "umap1": 0.11431662545897892,
  "umap2": 0.5712293349560427
}