{
  "No direct optim ancestor": "None",
  "umap1": 0.1350176728698843,
  "umap2": 0.6461251825726232
}