{
  "No direct optim ancestor": "None",
  "umap1": 0.10980731802861299,
  "umap2": 0.5924156804609445
}