{
  "No direct optim ancestor": "None",
  "umap1": 0.10801857628128886,
  "umap2": 0.7355280385240562
}