{
  "No direct optim ancestor": "None",
  "umap1": 0.8121462299707867,
  "umap2": 0.7961708442294363
}