{
  "No direct optim ancestor": "None",
  "umap1": 0.9922226242138245,
  "umap2": 0.8345881219626103
}