{
  "No direct optim ancestor": "None",
  "umap1": 0.16991733999097725,
  "umap2": 0.4356955379507045
}