{
  "No direct optim ancestor": "None",
  "umap1": 0.20788921100509417,
  "umap2": 0.7019233991576517
}