{
  "No direct optim ancestor": "None",
  "umap1": 0.004175298165357222,
  "umap2": 0.7685898689460838
}