{
  "No direct optim ancestor": "None",
  "umap1": 0.6311002811084799,
  "umap2": 0.9272898630217371
}