{
  "No direct optim ancestor": "None",
  "umap1": 0.9294833624335768,
  "umap2": 0.887323600511308
}