{
  "No direct optim ancestor": "None",
  "umap1": 0.18478887285076018,
  "umap2": 0.3099089034563125
}