{
  "No direct optim ancestor": "None",
  "umap1": 0.9850156398894018,
  "umap2": 0.6804602489712742
}