{
  "No direct optim ancestor": "None",
  "umap1": 0.593592581373512,
  "umap2": 0.054100410187810866
}