{
  "No direct optim ancestor": "None",
  "umap1": 0.5237259525061009,
  "umap2": 0.14231990645361248
}