{
  "No direct optim ancestor": "None",
  "umap1": 0.9813160053675464,
  "umap2": 0.5699958264486819
}