{
  "No direct optim ancestor": "None",
  "umap1": 0.8922141419193997,
  "umap2": 0.8060833623487818
}