{
  "No direct optim ancestor": "None",
  "umap1": 0.22326496976528476,
  "umap2": 0.5210729979640641
}