{
  "No direct optim ancestor": "None",
  "umap1": 0.14660125823336922,
  "umap2": 0.13379318672373053
}