{
  "No direct optim ancestor": "None",
  "umap1": 0.9412877760302547,
  "umap2": 0.7457974025352502
}