{
  "No direct optim ancestor": "None",
  "umap1": 0.7623819120869392,
  "umap2": 0.04562163290512489
}