{
  "No direct optim ancestor": "None",
  "umap1": 0.7439136504265191,
  "umap2": 0.9594104558707125
}