{
  "No direct optim ancestor": "None",
  "umap1": 0.7295240253390324,
  "umap2": 0.7358216963824542
}