{
  "No direct optim ancestor": "None",
  "umap1": 0.33973559595257263,
  "umap2": 0.4646918443384782
}