{
  "No direct optim ancestor": "None",
  "umap1": 0.7409446411391758,
  "umap2": 0.8236147651902277
}