{
  "No direct optim ancestor": "None",
  "umap1": 0.9173953907350011,
  "umap2": 0.3001603798381155
}