{
  "No direct optim ancestor": "None",
  "umap1": 0.14476179725154315,
  "umap2": 0.14052843318966812
}