{
  "No direct optim ancestor": "None",
  "umap1": 0.8875768093875126,
  "umap2": 0.5378377880212103
}