{
  "No direct optim ancestor": "None",
  "umap1": 0.8386041912395543,
  "umap2": 0.9463807842634615
}