{
  "No direct optim ancestor": "None",
  "umap1": 0.2149358440767789,
  "umap2": 0.7963243351821648
}