{
  "No direct optim ancestor": "None",
  "umap1": 0.8514436355882945,
  "umap2": 0.24177712549984776
}