{
  "No direct optim ancestor": "None",
  "umap1": 0.15540273482345357,
  "umap2": 0.36141723951365645
}