{
  "No direct optim ancestor": "None",
  "umap1": 0.03140432565070794,
  "umap2": 0.7696266468368747
}