{
  "No direct optim ancestor": "None",
  "umap1": 0.5260530235663032,
  "umap2": 0.7588583211908397
}