{
  "No direct optim ancestor": "None",
  "umap1": 0.8975952249063607,
  "umap2": 0.589043744750453
}