{
  "No direct optim ancestor": "None",
  "umap1": 0.7566920050797901,
  "umap2": 0.018219915863095015
}