{
  "No direct optim ancestor": "None",
  "umap1": 0.5913588113366974,
  "umap2": 0.965977372667631
}