{
  "No direct optim ancestor": "None",
  "umap1": 0.8212212506464883,
  "umap2": 0.7758525774167626
}