{
  "No direct optim ancestor": "None",
  "umap1": 0.6442634014095252,
  "umap2": 0.4760858385807938
}