{
  "No direct optim ancestor": "None",
  "umap1": 0.07667512962490697,
  "umap2": 0.35886172865943955
}