{
  "No direct optim ancestor": "None",
  "umap1": 0.25815777493392267,
  "umap2": 0.32820037563961235
}