{
  "No direct optim ancestor": "None",
  "umap1": 0.20101386385635311,
  "umap2": 0.6490199995079575
}