{
  "No direct optim ancestor": "None",
  "umap1": 0.8624338432774563,
  "umap2": 0.13853186130227924
}