{
  "No direct optim ancestor": "None",
  "umap1": 0.20394092682887055,
  "umap2": 0.21575935253730738
}