{
  "No direct optim ancestor": "None",
  "umap1": 0.8928228846343031,
  "umap2": 0.9456460502351638
}