{
  "No direct optim ancestor": "None",
  "umap1": 0.11905488483911275,
  "umap2": 0.3603549666809155
}