{
  "No direct optim ancestor": "None",
  "umap1": 0.9638408158445304,
  "umap2": 0.6070177623378197
}