{
  "No direct optim ancestor": "None",
  "umap1": 0.15977049644939867,
  "umap2": 0.09493733692462758
}