{
  "No direct optim ancestor": "None",
  "umap1": 0.41274782076216976,
  "umap2": 0.33770582969025764
}