{
  "No direct optim ancestor": "None",
  "umap1": 0.3243685437445145,
  "umap2": 0.07646810257783099
}