{
  "No direct optim ancestor": "None",
  "umap1": 0.9148853413977276,
  "umap2": 0.6666139665856026
}