{
  "No direct optim ancestor": "None",
  "umap1": 0.8329507279489791,
  "umap2": 0.664008070847864
}