{
  "No direct optim ancestor": "None",
  "umap1": 0.06362775248930885,
  "umap2": 0.7700830526425453
}