{
  "No direct optim ancestor": "None",
  "umap1": 0.22610818688229506,
  "umap2": 0.3502803232071554
}