{
  "No direct optim ancestor": "None",
  "umap1": 0.24402741079051493,
  "umap2": 0.9183162952844366
}