{
  "No direct optim ancestor": "None",
  "umap1": 0.28608001329641686,
  "umap2": 0.2152581550850765
}