{
  "No direct optim ancestor": "None",
  "umap1": 0.0868779289927859,
  "umap2": 0.5889331460816737
}