{
  "No direct optim ancestor": "None",
  "umap1": 0.5126558548119696,
  "umap2": 0.23986537007151087
}