{
  "No direct optim ancestor": "None",
  "umap1": 0.9200435473983501,
  "umap2": 0.4366839355508334
}