{
  "No direct optim ancestor": "None",
  "umap1": 0.706788379917588,
  "umap2": 0.41362902361136433
}