{
  "No direct optim ancestor": "None",
  "umap1": 0.4620453454310357,
  "umap2": 0.5675778781954354
}