{
  "No direct optim ancestor": "None",
  "umap1": 0.04291292270905067,
  "umap2": 0.3678131966531839
}