{
  "No direct optim ancestor": "None",
  "umap1": 0.47823999760753044,
  "umap2": 0.43893371311327667
}