{
  "No direct optim ancestor": "None",
  "umap1": 0.13211909950772505,
  "umap2": 0.5541114989814393
}