{
  "No direct optim ancestor": "None",
  "umap1": 0.34700044657690543,
  "umap2": 0.19342594598436913
}