{
  "No direct optim ancestor": "None",
  "umap1": 0.9187094100723098,
  "umap2": 0.307550631099612
}