{
  "No direct optim ancestor": "None",
  "umap1": 0.421580516832059,
  "umap2": 0.012306744786323542
}