{
  "No direct optim ancestor": "None",
  "umap1": 0.3411086955482855,
  "umap2": 0.6450223448127205
}