{
  "No direct optim ancestor": "None",
  "umap1": 0.4442318323166422,
  "umap2": 0.5919612713280625
}