{
  "No direct optim ancestor": "None",
  "umap1": 0.2789161982728887,
  "umap2": 0.6911171118793703
}