{
  "No direct optim ancestor": "None",
  "umap1": 0.30095204938994036,
  "umap2": 0.5722376676010834
}