{
  "No direct optim ancestor": "None",
  "umap1": 0.3547667592559175,
  "umap2": 0.7218355146827574
}