{
  "Direct optim goal": "a photo of Romanesco broccoli with red buds and green spirals",
  "umap1": 0.06143551966600036,
  "umap2": 0.6301069336814177
}