{
  "No direct optim ancestor": "None",
  "umap1": 0.8398508768494019,
  "umap2": 0.4516496301894425
}