{
  "No direct optim ancestor": "None",
  "umap1": 0.6365043627689658,
  "umap2": 0.7180457270236354
}