{
  "No direct optim ancestor": "None",
  "umap1": 0.7703832999509145,
  "umap2": 0.2761828092275648
}