{
  "No direct optim ancestor": "None",
  "umap1": 0.6155666044471119,
  "umap2": 0.05574222447944044
}