{
  "No direct optim ancestor": "None",
  "umap1": 0.5920121248703342,
  "umap2": 0.6943157310764666
}