{
  "No direct optim ancestor": "None",
  "umap1": 0.026505429588771223,
  "umap2": 0.35749522869683303
}