{
  "No direct optim ancestor": "None",
  "umap1": 0.9893152035427787,
  "umap2": 0.4436774638941281
}