{
  "No direct optim ancestor": "None",
  "umap1": 0.8407386466096214,
  "umap2": 0.14741456002056508
}