{
  "No direct optim ancestor": "None",
  "umap1": 0.25825986833698067,
  "umap2": 0.21588618656665504
}