{
  "No direct optim ancestor": "None",
  "umap1": 0.028423169724853148,
  "umap2": 0.8236903340242667
}