{
  "No direct optim ancestor": "None",
  "umap1": 0.11477641539642669,
  "umap2": 0.40332597361961087
}