{
  "No direct optim ancestor": "None",
  "umap1": 0.9010877894690973,
  "umap2": 0.3843242644039777
}