{
  "No direct optim ancestor": "None",
  "umap1": 0.09277920015130514,
  "umap2": 0.4814626505285815
}