{
  "No direct optim ancestor": "None",
  "umap1": 0.3768428416861729,
  "umap2": 0.30134385908350536
}