{
  "No direct optim ancestor": "None",
  "umap1": 0.9441315018832738,
  "umap2": 0.5008079525529404
}