{
  "No direct optim ancestor": "None",
  "umap1": 0.10607865447800746,
  "umap2": 0.1918274846702155
}