{
  "No direct optim ancestor": "None",
  "umap1": 0.00708173190261252,
  "umap2": 0.9615661543216042
}