{
  "No direct optim ancestor": "None",
  "umap1": 0.7226293105618677,
  "umap2": 0.24892475475874676
}