{
  "No direct optim ancestor": "None",
  "umap1": 0.6233099225269789,
  "umap2": 0.6408631863034803
}