{
  "No direct optim ancestor": "None",
  "umap1": 0.3502322607463645,
  "umap2": 0.33398481645397604
}