{
  "No direct optim ancestor": "None",
  "umap1": 0.3107221921302802,
  "umap2": 0.5783567516978784
}