{
  "No direct optim ancestor": "None",
  "umap1": 0.9975013488942411,
  "umap2": 0.02089399239630907
}