{
  "No direct optim ancestor": "None",
  "umap1": 0.46395861119912496,
  "umap2": 0.7138431547373905
}