{
  "No direct optim ancestor": "None",
  "umap1": 0.672992939385703,
  "umap2": 0.785295209218811
}