{
  "No direct optim ancestor": "None",
  "umap1": 0.877454770117685,
  "umap2": 0.9403183729754513
}