{
  "No direct optim ancestor": "None",
  "umap1": 0.20747418024442876,
  "umap2": 0.8213646045928894
}