{
  "No direct optim ancestor": "None",
  "umap1": 0.061156526964367464,
  "umap2": 0.06967647482643191
}