{
  "No direct optim ancestor": "None",
  "umap1": 0.3622687639292842,
  "umap2": 0.8189857729386628
}