{
  "No direct optim ancestor": "None",
  "umap1": 0.17052820279624736,
  "umap2": 0.33078035076669265
}