{
  "No direct optim ancestor": "None",
  "umap1": 0.99273002511394,
  "umap2": 0.6201438614781347
}