{
  "No direct optim ancestor": "None",
  "umap1": 0.18881278193090234,
  "umap2": 0.7185757641958717
}