{
  "No direct optim ancestor": "None",
  "umap1": 0.23349593390213308,
  "umap2": 0.6517809849106178
}