{
  "No direct optim ancestor": "None",
  "umap1": 0.8254865305168497,
  "umap2": 0.033383406575346
}