{
  "No direct optim ancestor": "None",
  "umap1": 0.6995874615976332,
  "umap2": 0.8160660102737134
}