{
  "No direct optim ancestor": "None",
  "umap1": 0.433960027205204,
  "umap2": 0.00011245258758429966
}