{
  "No direct optim ancestor": "None",
  "umap1": 0.8695070420315769,
  "umap2": 0.48551336498492115
}