{
  "No direct optim ancestor": "None",
  "umap1": 0.7000691946451527,
  "umap2": 0.12536723888993173
}