{
  "No direct optim ancestor": "None",
  "umap1": 0.33182772385881343,
  "umap2": 0.5909863752403475
}