{
  "No direct optim ancestor": "None",
  "umap1": 0.6319386687281903,
  "umap2": 0.3672574018839009
}