{
  "No direct optim ancestor": "None",
  "umap1": 0.02844043979704114,
  "umap2": 0.4667881775016186
}