{
  "No direct optim ancestor": "None",
  "umap1": 0.8220119346232845,
  "umap2": 0.7102212880407937
}