{
  "No direct optim ancestor": "None",
  "umap1": 0.05696014298519969,
  "umap2": 0.7964684466533186
}