{
  "No direct optim ancestor": "None",
  "umap1": 0.5651481525050283,
  "umap2": 0.8829308070048059
}