{
  "No direct optim ancestor": "None",
  "umap1": 0.5702863559701143,
  "umap2": 0.08056619430750522
}