{
  "No direct optim ancestor": "None",
  "umap1": 0.8431752305639405,
  "umap2": 0.5275546244872473
}