{
  "No direct optim ancestor": "None",
  "umap1": 0.16838958816677152,
  "umap2": 0.9572194476490129
}