{
  "No direct optim ancestor": "None",
  "umap1": 0.5810698026785153,
  "umap2": 0.715976546058373
}