{
  "No direct optim ancestor": "None",
  "umap1": 0.37386934651752934,
  "umap2": 0.6180791452363256
}