{
  "No direct optim ancestor": "None",
  "umap1": 0.24958961834662508,
  "umap2": 0.6801127446369446
}