{
  "No direct optim ancestor": "None",
  "umap1": 0.1664016880178838,
  "umap2": 0.4219546927632275
}