{
  "No direct optim ancestor": "None",
  "umap1": 0.9143458122005486,
  "umap2": 0.651165622557
}