{
  "No direct optim ancestor": "None",
  "umap1": 0.6347572774772976,
  "umap2": 0.4411123548664495
}