{
  "No direct optim ancestor": "None",
  "umap1": 0.9314282637297631,
  "umap2": 0.8309829494483174
}