{
  "No direct optim ancestor": "None",
  "umap1": 0.16587200973603133,
  "umap2": 0.8928428812209349
}