{
  "No direct optim ancestor": "None",
  "umap1": 0.8481138390233832,
  "umap2": 0.612863645881507
}