{
  "No direct optim ancestor": "None",
  "umap1": 0.03246311068097962,
  "umap2": 0.4738431816388523
}