{
  "No direct optim ancestor": "None",
  "umap1": 0.592153420064911,
  "umap2": 0.5773177221423257
}