{
  "No direct optim ancestor": "None",
  "umap1": 0.4910262395898619,
  "umap2": 0.9603158361739245
}