{
  "No direct optim ancestor": "None",
  "umap1": 0.2812401954078839,
  "umap2": 0.20675906103601294
}