{
  "No direct optim ancestor": "None",
  "umap1": 0.9641897913392807,
  "umap2": 0.6205730827398117
}