{
  "No direct optim ancestor": "None",
  "umap1": 0.8071601174842366,
  "umap2": 0.8196598437279576
}