{
  "No direct optim ancestor": "None",
  "umap1": 0.5888842153239505,
  "umap2": 0.3231636991664103
}