{
  "No direct optim ancestor": "None",
  "umap1": 0.13166189042139498,
  "umap2": 0.177084729591777
}