{
  "No direct optim ancestor": "None",
  "umap1": 0.2945302640227765,
  "umap2": 0.2422124607258449
}