{
  "No direct optim ancestor": "None",
  "umap1": 0.6469610394018377,
  "umap2": 0.37832683748277607
}