{
  "No direct optim ancestor": "None",
  "umap1": 0.676413226613915,
  "umap2": 0.5243357401767262
}