{
  "No direct optim ancestor": "None",
  "umap1": 0.612929148268689,
  "umap2": 0.0548986114095541
}