{
  "No direct optim ancestor": "None",
  "umap1": 0.042480340303133746,
  "umap2": 0.8460632123448727
}