{
  "No direct optim ancestor": "None",
  "umap1": 0.8303402625102527,
  "umap2": 0.8783018095596191
}