{
  "No direct optim ancestor": "None",
  "umap1": 0.49654283529028287,
  "umap2": 0.13285083449583857
}