{
  "No direct optim ancestor": "None",
  "umap1": 0.7930091298299667,
  "umap2": 0.17312413346305788
}