{
  "No direct optim ancestor": "None",
  "umap1": 0.7983742470673177,
  "umap2": 0.3796663985682739
}