{
  "No direct optim ancestor": "None",
  "umap1": 0.2697412199140702,
  "umap2": 0.6904511513650373
}