{
  "No direct optim ancestor": "None",
  "umap1": 0.14020229066083756,
  "umap2": 0.20788659078291938
}