{
  "No direct optim ancestor": "None",
  "umap1": 0.16272757526912862,
  "umap2": 0.5389698213189581
}