{
  "No direct optim ancestor": "None",
  "umap1": 0.541334597633171,
  "umap2": 0.548694981303645
}