{
  "No direct optim ancestor": "None",
  "umap1": 0.1719730593249562,
  "umap2": 0.7847642286287297
}