{
  "No direct optim ancestor": "None",
  "umap1": 0.3592214440509248,
  "umap2": 0.036331875710184036
}