{
  "No direct optim ancestor": "None",
  "umap1": 0.20847759037279723,
  "umap2": 0.1070724282499701
}