{
  "No direct optim ancestor": "None",
  "umap1": 0.1143476228089566,
  "umap2": 0.7067981395362334
}