{
  "No direct optim ancestor": "None",
  "umap1": 0.29942847156415686,
  "umap2": 0.03270689485803813
}