{
  "No direct optim ancestor": "None",
  "umap1": 0.363579618463689,
  "umap2": 0.9364434576217562
}