{
  "No direct optim ancestor": "None",
  "umap1": 0.6751102275602787,
  "umap2": 0.7493157998036082
}