{
  "No direct optim ancestor": "None",
  "umap1": 0.8761797602198151,
  "umap2": 0.5592155491446793
}