{
  "No direct optim ancestor": "None",
  "umap1": 0.6438514688328547,
  "umap2": 0.3144558211217606
}