{
  "No direct optim ancestor": "None",
  "umap1": 0.19121554856698797,
  "umap2": 0.9995779747044451
}