{
  "No direct optim ancestor": "None",
  "umap1": 0.5418816078632844,
  "umap2": 0.9632584371494309
}