{
  "No direct optim ancestor": "None",
  "umap1": 0.2741844604742908,
  "umap2": 0.4698697564773181
}