{
  "No direct optim ancestor": "None",
  "umap1": 0.7110705692354368,
  "umap2": 0.7092520325183502
}