{
  "No direct optim ancestor": "None",
  "umap1": 0.07419032833357131,
  "umap2": 0.9816813645010314
}