{
  "No direct optim ancestor": "None",
  "umap1": 0.32076432300047086,
  "umap2": 0.4011425309008724
}