{
  "No direct optim ancestor": "None",
  "umap1": 0.8921587356278703,
  "umap2": 0.2703724805475217
}