{
  "No direct optim ancestor": "None",
  "umap1": 0.373735684171156,
  "umap2": 0.8528399210090917
}