{
  "No direct optim ancestor": "None",
  "umap1": 0.6222294632713116,
  "umap2": 0.10649341589923911
}