{
  "No direct optim ancestor": "None",
  "umap1": 0.5274916895466826,
  "umap2": 0.25744472437956945
}