{
  "No direct optim ancestor": "None",
  "umap1": 0.058036408016009955,
  "umap2": 0.3994666979925052
}