{
  "No direct optim ancestor": "None",
  "umap1": 0.45126743911629663,
  "umap2": 0.8116073488421103
}