{
  "No direct optim ancestor": "None",
  "umap1": 0.9497890372087607,
  "umap2": 0.7365110931199528
}