{
  "No direct optim ancestor": "None",
  "umap1": 0.9477313779536001,
  "umap2": 0.40396327494191
}