{
  "No direct optim ancestor": "None",
  "umap1": 0.6680294305686711,
  "umap2": 0.27637543736304715
}