{
  "No direct optim ancestor": "None",
  "umap1": 0.4420818242939105,
  "umap2": 0.5193033770065006
}