{
  "No direct optim ancestor": "None",
  "umap1": 0.8831936115789853,
  "umap2": 0.01812690196925426
}