{
  "No direct optim ancestor": "None",
  "umap1": 0.7280388098508024,
  "umap2": 0.7851856144749527
}