{
  "No direct optim ancestor": "None",
  "umap1": 0.09504372764963376,
  "umap2": 0.23038680984083748
}