{
  "No direct optim ancestor": "None",
  "umap1": 0.3298230426399392,
  "umap2": 0.5554701062135962
}