{
  "No direct optim ancestor": "None",
  "umap1": 0.6886503071155412,
  "umap2": 0.41164201001103984
}