{
  "No direct optim ancestor": "None",
  "umap1": 0.9746313938684135,
  "umap2": 0.8688430103012259
}