{
  "No direct optim ancestor": "None",
  "umap1": 0.28265015113824365,
  "umap2": 0.6317170362243152
}