{
  "No direct optim ancestor": "None",
  "umap1": 0.514168263096104,
  "umap2": 0.14139451644273604
}