{
  "No direct optim ancestor": "None",
  "umap1": 0.12947976040228493,
  "umap2": 0.9678756582728816
}