{
  "No direct optim ancestor": "None",
  "umap1": 0.07207132284906159,
  "umap2": 0.6995546613484885
}