{
  "No direct optim ancestor": "None",
  "umap1": 0.5978135735820598,
  "umap2": 0.2188995609487555
}