{
  "No direct optim ancestor": "None",
  "umap1": 0.27588666328463063,
  "umap2": 0.5659353144112402
}