{
  "No direct optim ancestor": "None",
  "umap1": 0.14048345807592655,
  "umap2": 0.10266216568462927
}