{
  "No direct optim ancestor": "None",
  "umap1": 0.9334951969709987,
  "umap2": 0.16682578695510142
}