{
  "No direct optim ancestor": "None",
  "umap1": 0.6015207428939868,
  "umap2": 0.397162202246631
}