{
  "No direct optim ancestor": "None",
  "umap1": 0.7247970946839121,
  "umap2": 0.9917133887111581
}