{
  "No direct optim ancestor": "None",
  "umap1": 0.5712250356894101,
  "umap2": 0.4050874997647811
}