{
  "No direct optim ancestor": "None",
  "umap1": 0.4550200919882219,
  "umap2": 0.9831305682742109
}