{
  "No direct optim ancestor": "None",
  "umap1": 0.3876755060422793,
  "umap2": 0.037428297880681805
}