{
  "No direct optim ancestor": "None",
  "umap1": 0.5027240083521114,
  "umap2": 0.8424306555138615
}