{
  "No direct optim ancestor": "None",
  "umap1": 0.45403890409773706,
  "umap2": 0.4085919573195175
}