{
  "No direct optim ancestor": "None",
  "umap1": 0.7716324693833692,
  "umap2": 0.039332553111257496
}