{
  "No direct optim ancestor": "None",
  "umap1": 0.29076409016383353,
  "umap2": 0.12883666814667094
}