{
  "No direct optim ancestor": "None",
  "umap1": 0.19640272619473054,
  "umap2": 0.14372963673811157
}