{
  "No direct optim ancestor": "None",
  "umap1": 0.9524850844123139,
  "umap2": 0.2086582019540908
}