{
  "No direct optim ancestor": "None",
  "umap1": 0.07173319670575806,
  "umap2": 0.082878822058851
}