{
  "No direct optim ancestor": "None",
  "umap1": 0.9400998938456022,
  "umap2": 0.19883171954732926
}