{
  "No direct optim ancestor": "None",
  "umap1": 0.43911492422931186,
  "umap2": 0.41109078363219387
}