{
  "No direct optim ancestor": "None",
  "umap1": 0.7934346962493366,
  "umap2": 0.972752066124308
}