{
  "No direct optim ancestor": "None",
  "umap1": 0.9019902979065487,
  "umap2": 0.4211166704389748
}