{
  "No direct optim ancestor": "None",
  "umap1": 0.3330218165983293,
  "umap2": 0.37695647624535844
}