{
  "No direct optim ancestor": "None",
  "umap1": 0.9002726854491415,
  "umap2": 0.9252648383306524
}