{
  "No direct optim ancestor": "None",
  "umap1": 0.2988930316562939,
  "umap2": 0.043455490582327894
}