{
  "No direct optim ancestor": "None",
  "umap1": 0.5924431551750562,
  "umap2": 0.16869449629531286
}