{
  "No direct optim ancestor": "None",
  "umap1": 0.6790097538436394,
  "umap2": 0.7671600319571729
}