{
  "No direct optim ancestor": "None",
  "umap1": 0.17569928645120114,
  "umap2": 0.97665559493883
}