{
  "No direct optim ancestor": "None",
  "umap1": 0.3426245460305487,
  "umap2": 0.08873139145469366
}