{
  "No direct optim ancestor": "None",
  "umap1": 0.7000720894274324,
  "umap2": 0.02678615997166156
}