{
  "No direct optim ancestor": "None",
  "umap1": 0.6403050431728293,
  "umap2": 0.042514991050328854
}