{
  "No direct optim ancestor": "None",
  "umap1": 0.6200767943522175,
  "umap2": 0.4066090888682693
}