{
  "No direct optim ancestor": "None",
  "umap1": 0.9707762931863018,
  "umap2": 0.3949188306291729
}