{
  "No direct optim ancestor": "None",
  "umap1": 0.23337156640545265,
  "umap2": 0.6034035561138166
}