{
  "No direct optim ancestor": "None",
  "umap1": 0.5981987761169586,
  "umap2": 0.23080036147109373
}