{
  "No direct optim ancestor": "None",
  "umap1": 0.785901496250796,
  "umap2": 0.6950625398740133
}