{
  "No direct optim ancestor": "None",
  "umap1": 0.07948920983627206,
  "umap2": 0.3362045496860072
}