{
  "No direct optim ancestor": "None",
  "umap1": 0.40170788641566113,
  "umap2": 0.757099305623326
}