{
  "No direct optim ancestor": "None",
  "umap1": 0.39977751139852824,
  "umap2": 0.6007133908534265
}