{
  "No direct optim ancestor": "None",
  "umap1": 0.10330201125509508,
  "umap2": 0.637391657275849
}