{
  "No direct optim ancestor": "None",
  "umap1": 0.7486913514509383,
  "umap2": 0.9766384995494768
}