{
  "No direct optim ancestor": "None",
  "umap1": 0.8233710005438252,
  "umap2": 0.5576549151147248
}