{
  "No direct optim ancestor": "None",
  "umap1": 0.3150314309820029,
  "umap2": 0.5435333841234484
}