{
  "No direct optim ancestor": "None",
  "umap1": 0.09389584051126365,
  "umap2": 0.4902666370058736
}