{
  "No direct optim ancestor": "None",
  "umap1": 0.49462313056435525,
  "umap2": 0.46058905561073826
}