{
  "No direct optim ancestor": "None",
  "umap1": 0.4350155685802184,
  "umap2": 0.925493026161348
}