{
  "No direct optim ancestor": "None",
  "umap1": 0.7930612760949151,
  "umap2": 0.5423969692956123
}