{
  "No direct optim ancestor": "None",
  "umap1": 0.34930170459291243,
  "umap2": 0.20350117262634904
}