{
  "No direct optim ancestor": "None",
  "umap1": 0.7715133960393392,
  "umap2": 0.35789744193173734
}