{
  "No direct optim ancestor": "None",
  "umap1": 0.07510395132594605,
  "umap2": 0.6511057667822968
}