{
  "No direct optim ancestor": "None",
  "umap1": 0.038259049893444974,
  "umap2": 0.5563153452007689
}