{
  "No direct optim ancestor": "None",
  "umap1": 0.6573873587429279,
  "umap2": 0.9623906971409365
}