{
  "No direct optim ancestor": "None",
  "umap1": 0.9238284160587172,
  "umap2": 0.5048695076493639
}