{
  "No direct optim ancestor": "None",
  "umap1": 0.5139096980496464,
  "umap2": 0.047617178921397496
}