{
  "No direct optim ancestor": "None",
  "umap1": 0.8673579124295614,
  "umap2": 0.6735918693858722
}