{
  "No direct optim ancestor": "None",
  "umap1": 0.038668135335498066,
  "umap2": 0.4584804086727452
}