{
  "No direct optim ancestor": "None",
  "umap1": 0.15241309628641697,
  "umap2": 0.8765290028481654
}