{
  "Ancestor's direct optim goal": "a photo of a red jellyfish bell with eight translucent green tentacles",
  "umap1": 0.9190734004086001,
  "umap2": 0.23274209463614914
}