{
  "No direct optim ancestor": "None",
  "umap1": 0.29757836717635566,
  "umap2": 0.26339334260594527
}