{
  "No direct optim ancestor": "None",
  "umap1": 0.7789155201873014,
  "umap2": 0.051119744775667386
}