{
  "No direct optim ancestor": "None",
  "umap1": 0.4470934412153166,
  "umap2": 0.19630615619961644
}