{
  "No direct optim ancestor": "None",
  "umap1": 0.9623619461388282,
  "umap2": 0.629518366208868
}