{
  "No direct optim ancestor": "None",
  "umap1": 0.446516492562403,
  "umap2": 0.004751059420122772
}