{
  "No direct optim ancestor": "None",
  "umap1": 0.08514041971320363,
  "umap2": 0.3354620155224074
}