{
  "No direct optim ancestor": "None",
  "umap1": 0.8753038623454652,
  "umap2": 0.6232360010356429
}