{
  "No direct optim ancestor": "None",
  "umap1": 0.474930880168996,
  "umap2": 0.10694915234481472
}