{
  "No direct optim ancestor": "None",
  "umap1": 0.7790553440537836,
  "umap2": 0.5041921400235745
}