{
  "No direct optim ancestor": "None",
  "umap1": 0.1020119077713274,
  "umap2": 0.10783857710836675
}