{
  "No direct optim ancestor": "None",
  "umap1": 0.2722609124402722,
  "umap2": 0.9485462046285367
}