{
  "No direct optim ancestor": "None",
  "umap1": 0.2737395109202442,
  "umap2": 0.10877588955910245
}