{
  "No direct optim ancestor": "None",
  "umap1": 0.29285810099849396,
  "umap2": 0.19476317597630333
}