{
  "No direct optim ancestor": "None",
  "umap1": 0.8385995526958849,
  "umap2": 0.3732434144888206
}