{
  "No direct optim ancestor": "None",
  "umap1": 0.5100640417075546,
  "umap2": 0.17420399588469526
}