{
  "No direct optim ancestor": "None",
  "umap1": 0.8528995688153729,
  "umap2": 0.4545069191175437
}