{
  "No direct optim ancestor": "None",
  "umap1": 0.5315247716059668,
  "umap2": 0.8696563827835678
}