{
  "No direct optim ancestor": "None",
  "umap1": 0.9924779175610599,
  "umap2": 0.9177912945726667
}