{
  "No direct optim ancestor": "None",
  "umap1": 0.00580572567201354,
  "umap2": 0.20743041440207233
}