{
  "No direct optim ancestor": "None",
  "umap1": 0.6674873866248684,
  "umap2": 0.07194226191388697
}