{
  "No direct optim ancestor": "None",
  "umap1": 0.5222483021325784,
  "umap2": 0.7486665063490677
}