{
  "No direct optim ancestor": "None",
  "umap1": 0.054704340402695895,
  "umap2": 0.15126587628128085
}