{
  "No direct optim ancestor": "None",
  "umap1": 0.41757818652158996,
  "umap2": 0.2833883584425442
}