{
  "No direct optim ancestor": "None",
  "umap1": 0.2606867871159503,
  "umap2": 0.9470883909134257
}