{
  "No direct optim ancestor": "None",
  "umap1": 0.3645409623860246,
  "umap2": 0.44496359071366187
}