{
  "No direct optim ancestor": "None",
  "umap1": 0.5961578138474806,
  "umap2": 0.4408913266186153
}