{
  "No direct optim ancestor": "None",
  "umap1": 0.40835259100003807,
  "umap2": 0.4529488742349512
}