{
  "No direct optim ancestor": "None",
  "umap1": 0.0070338055201837335,
  "umap2": 0.40819480128628016
}