{
  "No direct optim ancestor": "None",
  "umap1": 0.15087165950457282,
  "umap2": 0.4102559816976351
}