{
  "No direct optim ancestor": "None",
  "umap1": 0.8911712297098131,
  "umap2": 0.7163731404301192
}