{
  "Direct optim goal": "a photo of red branching coral with green polyps",
  "umap1": 0.8008690981529877,
  "umap2": 0.12265041302218982
}