{
  "No direct optim ancestor": "None",
  "umap1": 0.21095658792561733,
  "umap2": 0.9055120500357158
}