{
  "No direct optim ancestor": "None",
  "umap1": 0.6039314960870429,
  "umap2": 0.6669255053503521
}