{
  "No direct optim ancestor": "None",
  "umap1": 0.8039250466169291,
  "umap2": 0.011520878161265236
}