{
  "No direct optim ancestor": "None",
  "umap1": 0.741677815960043,
  "umap2": 0.9670726049021501
}