{
  "No direct optim ancestor": "None",
  "umap1": 0.5927135542058967,
  "umap2": 0.8103879059675013
}