{
  "No direct optim ancestor": "None",
  "umap1": 0.23173486760471063,
  "umap2": 0.590311066155454
}