{
  "No direct optim ancestor": "None",
  "umap1": 0.8574369723255559,
  "umap2": 0.29733950806288256
}