{
  "No direct optim ancestor": "None",
  "umap1": 0.5906125208746899,
  "umap2": 0.9809124955759879
}