{
  "No direct optim ancestor": "None",
  "umap1": 0.48599138616210447,
  "umap2": 0.4829339331467828
}