{
  "No direct optim ancestor": "None",
  "umap1": 0.16243821697664973,
  "umap2": 0.9926394382520679
}