{
  "No direct optim ancestor": "None",
  "umap1": 0.09663808403125773,
  "umap2": 0.6317716217832857
}