{
  "No direct optim ancestor": "None",
  "umap1": 0.8256956517405368,
  "umap2": 0.6938109383154084
}