{
  "No direct optim ancestor": "None",
  "umap1": 0.4609451756549452,
  "umap2": 0.7200490760952897
}