{
  "No direct optim ancestor": "None",
  "umap1": 0.8051103908701197,
  "umap2": 0.3803434990982144
}