{
  "No direct optim ancestor": "None",
  "umap1": 0.8949814620837241,
  "umap2": 0.28595168296720974
}