{
  "No direct optim ancestor": "None",
  "umap1": 0.23491900159874568,
  "umap2": 0.5740192425695406
}