{
  "No direct optim ancestor": "None",
  "umap1": 0.02178684724719282,
  "umap2": 0.407689284458135
}