{
  "No direct optim ancestor": "None",
  "umap1": 0.8925291008122165,
  "umap2": 0.354153487773067
}