{
  "No direct optim ancestor": "None",
  "umap1": 0.4204947225923362,
  "umap2": 0.8446769283152138
}