{
  "No direct optim ancestor": "None",
  "umap1": 0.8709221019896997,
  "umap2": 0.9665191608020689
}