{
  "No direct optim ancestor": "None",
  "umap1": 0.6369243119640261,
  "umap2": 0.9789490087801208
}