{
  "No direct optim ancestor": "None",
  "umap1": 0.369362456427594,
  "umap2": 0.12062290594115299
}