{
  "No direct optim ancestor": "None",
  "umap1": 0.9573412924671689,
  "umap2": 0.9790353808590891
}