{
  "No direct optim ancestor": "None",
  "umap1": 0.33688927712754957,
  "umap2": 0.8354015231309304
}