{
  "No direct optim ancestor": "None",
  "umap1": 0.6450690881425606,
  "umap2": 0.8387169188729232
}