{
  "No direct optim ancestor": "None",
  "umap1": 0.10743017460247761,
  "umap2": 0.7072670591857788
}