{
  "No direct optim ancestor": "None",
  "umap1": 0.5063258641491699,
  "umap2": 0.33947097208734733
}