{
  "No direct optim ancestor": "None",
  "umap1": 0.558158681110961,
  "umap2": 0.03139527978047896
}