{
  "No direct optim ancestor": "None",
  "umap1": 0.0798538256768303,
  "umap2": 0.6011609585753126
}