{
  "No direct optim ancestor": "None",
  "umap1": 0.485322368421059,
  "umap2": 0.5624062121124425
}