{
  "No direct optim ancestor": "None",
  "umap1": 0.927169119392312,
  "umap2": 0.8352068496946663
}