{
  "No direct optim ancestor": "None",
  "umap1": 0.8513530900831939,
  "umap2": 0.5074158717387045
}