{
  "No direct optim ancestor": "None",
  "umap1": 0.745620543015055,
  "umap2": 0.9588973166562232
}