{
  "No direct optim ancestor": "None",
  "umap1": 0.26116222373100284,
  "umap2": 0.6736415531659609
}