{
  "No direct optim ancestor": "None",
  "umap1": 0.6756392257718302,
  "umap2": 0.7690775483551979
}