{
  "No direct optim ancestor": "None",
  "umap1": 0.5924484539844144,
  "umap2": 0.9383280366289709
}