{
  "No direct optim ancestor": "None",
  "umap1": 0.14734303740738675,
  "umap2": 0.7178519267741402
}