{
  "No direct optim ancestor": "None",
  "umap1": 0.5827305270775909,
  "umap2": 0.16072852505446678
}