{
  "No direct optim ancestor": "None",
  "umap1": 0.7471685245497911,
  "umap2": 0.9027988879621394
}