{
  "No direct optim ancestor": "None",
  "umap1": 0.511185672721211,
  "umap2": 0.6679873644171657
}