{
  "No direct optim ancestor": "None",
  "umap1": 0.7358446476655763,
  "umap2": 0.9469657776797689
}