{
  "No direct optim ancestor": "None",
  "umap1": 0.3443822311848437,
  "umap2": 0.3769659644594565
}