{
  "No direct optim ancestor": "None",
  "umap1": 0.7554717057467163,
  "umap2": 0.17602482234551076
}