{
  "No direct optim ancestor": "None",
  "umap1": 0.33129519488441284,
  "umap2": 0.6760844454119423
}