{
  "No direct optim ancestor": "None",
  "umap1": 0.3207155618336248,
  "umap2": 0.3321539349936875
}