{
  "No direct optim ancestor": "None",
  "umap1": 0.6353187951373216,
  "umap2": 0.3440174989679705
}