{
  "No direct optim ancestor": "None",
  "umap1": 0.857022012938281,
  "umap2": 0.4746002089839797
}