{
  "No direct optim ancestor": "None",
  "umap1": 0.3584454423490767,
  "umap2": 0.13110586863404816
}