{
  "No direct optim ancestor": "None",
  "umap1": 0.843678124468786,
  "umap2": 0.7206089716276869
}