{
  "No direct optim ancestor": "None",
  "umap1": 0.686497078012398,
  "umap2": 0.33317225584684085
}