{
  "No direct optim ancestor": "None",
  "umap1": 0.7719652077184199,
  "umap2": 0.6739546676960138
}