{
  "No direct optim ancestor": "None",
  "umap1": 0.37244464765487717,
  "umap2": 0.7609668249576212
}