{
  "No direct optim ancestor": "None",
  "umap1": 0.6597413618911427,
  "umap2": 0.7460882774583585
}