{
  "No direct optim ancestor": "None",
  "umap1": 0.8211219675420472,
  "umap2": 0.284754343653555
}