{
  "No direct optim ancestor": "None",
  "umap1": 0.9396130849040061,
  "umap2": 0.6566569878461053
}