{
  "No direct optim ancestor": "None",
  "umap1": 0.8076153183797841,
  "umap2": 0.8657121544635892
}