{
  "No direct optim ancestor": "None",
  "umap1": 0.43178672329433043,
  "umap2": 0.5700057462595954
}