{
  "No direct optim ancestor": "None",
  "umap1": 0.4563661666725257,
  "umap2": 0.7180983628131653
}