{
  "No direct optim ancestor": "None",
  "umap1": 0.09302491322085327,
  "umap2": 0.18410767750588175
}