{
  "No direct optim ancestor": "None",
  "umap1": 0.19829138232125698,
  "umap2": 0.3183830484783735
}