{
  "No direct optim ancestor": "None",
  "umap1": 0.6941060229867801,
  "umap2": 0.28602579412149176
}