{
  "No direct optim ancestor": "None",
  "umap1": 0.6789280952361484,
  "umap2": 0.8756447352136392
}