{
  "No direct optim ancestor": "None",
  "umap1": 0.7879845655854629,
  "umap2": 0.015751440952900597
}