{
  "No direct optim ancestor": "None",
  "umap1": 0.8107527148199595,
  "umap2": 0.06743892210456359
}