{
  "No direct optim ancestor": "None",
  "umap1": 0.8714919493435251,
  "umap2": 0.16099424232108195
}