{
  "No direct optim ancestor": "None",
  "umap1": 0.6461573492362943,
  "umap2": 0.03464224199070398
}