{
  "No direct optim ancestor": "None",
  "umap1": 0.4944198060869852,
  "umap2": 0.3763819937633165
}