{
  "No direct optim ancestor": "None",
  "umap1": 0.9390589244530807,
  "umap2": 0.15088409224939248
}