{
  "No direct optim ancestor": "None",
  "umap1": 0.7966370184083185,
  "umap2": 0.09196379442557823
}