{
  "No direct optim ancestor": "None",
  "umap1": 0.6284493670792342,
  "umap2": 0.6173986631160919
}