{
  "No direct optim ancestor": "None",
  "umap1": 0.7061245635459324,
  "umap2": 0.27218929797512037
}