{
  "No direct optim ancestor": "None",
  "umap1": 0.6224303269888989,
  "umap2": 0.021119966666504952
}