{
  "No direct optim ancestor": "None",
  "umap1": 0.2691088955255925,
  "umap2": 0.040070645135259375
}