{
  "No direct optim ancestor": "None",
  "umap1": 0.25001769051060985,
  "umap2": 0.6915151459375855
}