{
  "No direct optim ancestor": "None",
  "umap1": 0.7619999988034422,
  "umap2": 0.2213164018931878
}