{
  "No direct optim ancestor": "None",
  "umap1": 0.09540964895468995,
  "umap2": 0.37580658814228896
}