{
  "No direct optim ancestor": "None",
  "umap1": 0.9624595959470365,
  "umap2": 0.17239887306457213
}