{
  "No direct optim ancestor": "None",
  "umap1": 0.8201955105224724,
  "umap2": 0.47962791141130023
}