{
  "No direct optim ancestor": "None",
  "umap1": 0.9130714775402627,
  "umap2": 0.5174535148203828
}