{
  "No direct optim ancestor": "None",
  "umap1": 0.6981163496108141,
  "umap2": 0.9251715557661411
}