{
  "No direct optim ancestor": "None",
  "umap1": 0.9757538854147201,
  "umap2": 0.20369151972327004
}