{
  "No direct optim ancestor": "None",
  "umap1": 0.4148807072806323,
  "umap2": 0.03703548406537738
}