{
  "No direct optim ancestor": "None",
  "umap1": 0.6585278512400793,
  "umap2": 0.15551118899158867
}