{
  "No direct optim ancestor": "None",
  "umap1": 0.5470684885522339,
  "umap2": 0.2556229538303183
}