{
  "No direct optim ancestor": "None",
  "umap1": 0.8360376590018592,
  "umap2": 0.5445771328014177
}