{
  "No direct optim ancestor": "None",
  "umap1": 0.3146381569325095,
  "umap2": 0.0023568083124748673
}