{
  "No direct optim ancestor": "None",
  "umap1": 0.6733630569665003,
  "umap2": 0.8515970726058177
}