{
  "No direct optim ancestor": "None",
  "umap1": 0.568339803121112,
  "umap2": 0.9514698164187307
}