{
  "No direct optim ancestor": "None",
  "umap1": 0.8668926162206299,
  "umap2": 0.7790385229873125
}