{
  "No direct optim ancestor": "None",
  "umap1": 0.8157934261746277,
  "umap2": 0.2911963177105298
}