{
  "No direct optim ancestor": "None",
  "umap1": 0.6566221291546068,
  "umap2": 0.7590915248421222
}