{
  "No direct optim ancestor": "None",
  "umap1": 0.06505888471963306,
  "umap2": 0.33893146140628905
}