{
  "No direct optim ancestor": "None",
  "umap1": 0.1911622288280812,
  "umap2": 0.5357331389352782
}