{
  "No direct optim ancestor": "None",
  "umap1": 0.9701604500266652,
  "umap2": 0.8489362066906867
}