{
  "No direct optim ancestor": "None",
  "umap1": 0.6527318606651374,
  "umap2": 0.07415190778287484
}