{
  "No direct optim ancestor": "None",
  "umap1": 0.2821898274268032,
  "umap2": 0.5858881774998642
}