{
  "No direct optim ancestor": "None",
  "umap1": 0.5901231770592874,
  "umap2": 0.5952798941096656
}