{
  "No direct optim ancestor": "None",
  "umap1": 0.19329542705910496,
  "umap2": 0.41357827221133625
}