{
  "No direct optim ancestor": "None",
  "umap1": 0.9187215866929839,
  "umap2": 0.3438799827652963
}