{
  "No direct optim ancestor": "None",
  "umap1": 0.6587577899114855,
  "umap2": 0.9237404004216978
}