{
  "No direct optim ancestor": "None",
  "umap1": 0.3769428861656756,
  "umap2": 0.164778718014579
}