{
  "No direct optim ancestor": "None",
  "umap1": 0.6669542116701334,
  "umap2": 0.2451087599084696
}