{
  "No direct optim ancestor": "None",
  "umap1": 0.24409303533742377,
  "umap2": 0.26766402404304346
}