{
  "No direct optim ancestor": "None",
  "umap1": 0.023397830857959767,
  "umap2": 0.1692292671651936
}