{
  "No direct optim ancestor": "None",
  "umap1": 0.4823166020217452,
  "umap2": 0.9355112449805091
}