{
  "No direct optim ancestor": "None",
  "umap1": 0.23276519049172062,
  "umap2": 0.8306478879969232
}