{
  "No direct optim ancestor": "None",
  "umap1": 0.7104678625473546,
  "umap2": 0.5510492144425625
}