{
  "No direct optim ancestor": "None",
  "umap1": 0.49841127493240545,
  "umap2": 0.4228124675294923
}