{
  "No direct optim ancestor": "None",
  "umap1": 0.009455122478090883,
  "umap2": 0.026461192754397178
}