{
  "No direct optim ancestor": "None",
  "umap1": 0.08743569650638516,
  "umap2": 0.9486389311351084
}