{
  "No direct optim ancestor": "None",
  "umap1": 0.9118491188674255,
  "umap2": 0.5885376477938223
}