{
  "No direct optim ancestor": "None",
  "umap1": 0.18325072154110666,
  "umap2": 0.4925980556746862
}