{
  "No direct optim ancestor": "None",
  "umap1": 0.7629739322250773,
  "umap2": 0.7308672433652634
}