{
  "No direct optim ancestor": "None",
  "umap1": 0.37971861174250054,
  "umap2": 0.39786869165625394
}