{
  "No direct optim ancestor": "None",
  "umap1": 0.15803973500158142,
  "umap2": 0.21596731457925233
}