{
  "No direct optim ancestor": "None",
  "umap1": 0.5690832725893937,
  "umap2": 0.29880621862023604
}