{
  "No direct optim ancestor": "None",
  "umap1": 0.4654753611320799,
  "umap2": 0.5680452965084452
}