{
  "No direct optim ancestor": "None",
  "umap1": 0.08848265720930748,
  "umap2": 0.39061377393644414
}