{
  "No direct optim ancestor": "None",
  "umap1": 0.43560861709521714,
  "umap2": 0.7149974121172612
}