{
  "No direct optim ancestor": "None",
  "umap1": 0.5180945267096919,
  "umap2": 0.18481772580044664
}