{
  "No direct optim ancestor": "None",
  "umap1": 0.6088176328257912,
  "umap2": 0.4255878030283379
}