{
  "No direct optim ancestor": "None",
  "umap1": 0.45745379835115463,
  "umap2": 0.3569280599976613
}