{
  "No direct optim ancestor": "None",
  "umap1": 0.30582462949501676,
  "umap2": 0.4227102104028959
}