{
  "No direct optim ancestor": "None",
  "umap1": 0.5127638911472125,
  "umap2": 0.4654791811477421
}