{
  "No direct optim ancestor": "None",
  "umap1": 0.933742027568895,
  "umap2": 0.8813380519117969
}