{
  "No direct optim ancestor": "None",
  "umap1": 0.41312500185897005,
  "umap2": 0.2328404077376437
}