{
  "No direct optim ancestor": "None",
  "umap1": 0.4730231649056854,
  "umap2": 0.14451642396949627
}