{
  "No direct optim ancestor": "None",
  "umap1": 0.5161595023655602,
  "umap2": 0.1836157482446713
}