{
  "No direct optim ancestor": "None",
  "umap1": 0.3538004830285981,
  "umap2": 0.35823566872870194
}