{
  "No direct optim ancestor": "None",
  "umap1": 0.5698601564974675,
  "umap2": 0.9170986164326147
}