{
  "No direct optim ancestor": "None",
  "umap1": 0.08408581270046911,
  "umap2": 0.5818342224898765
}