{
  "No direct optim ancestor": "None",
  "umap1": 0.522830026561307,
  "umap2": 0.5704961675076212
}