{
  "No direct optim ancestor": "None",
  "umap1": 0.6192258211105703,
  "umap2": 0.15335640657337324
}