{
  "No direct optim ancestor": "None",
  "umap1": 0.7774763946162131,
  "umap2": 0.0646428931963704
}