{
  "No direct optim ancestor": "None",
  "umap1": 0.952869426629714,
  "umap2": 0.13277210627380054
}