{
  "No direct optim ancestor": "None",
  "umap1": 0.9341188213812738,
  "umap2": 0.4541460286410778
}