{
  "No direct optim ancestor": "None",
  "umap1": 0.5068832513911639,
  "umap2": 0.5428986608794139
}