{
  "No direct optim ancestor": "None",
  "umap1": 0.11578920369132739,
  "umap2": 0.9912584363217214
}