{
  "No direct optim ancestor": "None",
  "umap1": 0.9173266512287994,
  "umap2": 0.83069569719834
}