{
  "No direct optim ancestor": "None",
  "umap1": 0.2998326378016807,
  "umap2": 0.35714686377797344
}