{
  "No direct optim ancestor": "None",
  "umap1": 0.09745429889018065,
  "umap2": 0.6525393175447567
}