{
  "No direct optim ancestor": "None",
  "umap1": 0.348487384675933,
  "umap2": 0.9145992629506852
}