{
  "No direct optim ancestor": "None",
  "umap1": 0.8016511947028833,
  "umap2": 0.7564171347025797
}