{
  "No direct optim ancestor": "None",
  "umap1": 0.551162581153451,
  "umap2": 0.25137788279671625
}