{
  "No direct optim ancestor": "None",
  "umap1": 0.35718858908712736,
  "umap2": 0.15791550780779962
}