{
  "No direct optim ancestor": "None",
  "umap1": 0.23724173020146488,
  "umap2": 0.43328841947667474
}