{
  "No direct optim ancestor": "None",
  "umap1": 0.5521832643645026,
  "umap2": 0.29482108346735647
}