{
  "No direct optim ancestor": "None",
  "umap1": 0.9492126899342596,
  "umap2": 0.08506022226636012
}