{
  "No direct optim ancestor": "None",
  "umap1": 0.3949933585693285,
  "umap2": 0.8787397248877693
}