{
  "No direct optim ancestor": "None",
  "umap1": 0.22634570867842174,
  "umap2": 0.09414435363006535
}