{
  "No direct optim ancestor": "None",
  "umap1": 0.6655266551762878,
  "umap2": 0.059519743887170296
}