{
  "No direct optim ancestor": "None",
  "umap1": 0.23812536327336076,
  "umap2": 0.2493855671496722
}