{
  "No direct optim ancestor": "None",
  "umap1": 0.6643470999239822,
  "umap2": 0.6447056538011842
}