{
  "No direct optim ancestor": "None",
  "umap1": 0.552853518285131,
  "umap2": 0.5458219057683277
}