{
  "No direct optim ancestor": "None",
  "umap1": 0.8069384214608872,
  "umap2": 0.9076720822868858
}