{
  "No direct optim ancestor": "None",
  "umap1": 0.5449857573870106,
  "umap2": 0.20606428301716517
}