{
  "No direct optim ancestor": "None",
  "umap1": 0.6898000868411281,
  "umap2": 0.7782007374759462
}