{
  "No direct optim ancestor": "None",
  "umap1": 0.8814203105332163,
  "umap2": 0.3083769485122655
}