{
  "No direct optim ancestor": "None",
  "umap1": 0.35709075083354613,
  "umap2": 0.699721853943551
}