{
  "No direct optim ancestor": "None",
  "umap1": 0.18190153785796648,
  "umap2": 0.27202835700331174
}