{
  "No direct optim ancestor": "None",
  "umap1": 0.33991613174043,
  "umap2": 0.6611368851699492
}