{
  "No direct optim ancestor": "None",
  "umap1": 0.6118631553867365,
  "umap2": 0.9962582067678697
}