{
  "No direct optim ancestor": "None",
  "umap1": 0.9758959351507888,
  "umap2": 0.9843199827146664
}