{
  "No direct optim ancestor": "None",
  "umap1": 0.5349102472063265,
  "umap2": 0.6667914301220468
}