{
  "No direct optim ancestor": "None",
  "umap1": 0.2106128242018288,
  "umap2": 0.4972465982581096
}