{
  "No direct optim ancestor": "None",
  "umap1": 0.025022797164511723,
  "umap2": 0.36403040573883494
}