{
  "No direct optim ancestor": "None",
  "umap1": 0.19518025166879982,
  "umap2": 0.5557272998126418
}