{
  "No direct optim ancestor": "None",
  "umap1": 0.6569580542872074,
  "umap2": 0.46078295631041577
}