{
  "No direct optim ancestor": "None",
  "umap1": 0.2549941518192542,
  "umap2": 0.8149583760591235
}