{
  "No direct optim ancestor": "None",
  "umap1": 0.6565270344097122,
  "umap2": 0.21783224734055173
}