{
  "No direct optim ancestor": "None",
  "umap1": 0.18400731666511017,
  "umap2": 0.7422852043689785
}