{
  "No direct optim ancestor": "None",
  "umap1": 0.5890352495233319,
  "umap2": 0.9699005184951479
}