{
  "No direct optim ancestor": "None",
  "umap1": 0.25506324041715733,
  "umap2": 0.1109851384798427
}