{
  "No direct optim ancestor": "None",
  "umap1": 0.8428832431476183,
  "umap2": 0.830222750660256
}