{
  "No direct optim ancestor": "None",
  "umap1": 0.9427605486890953,
  "umap2": 0.039403535038105564
}