{
  "No direct optim ancestor": "None",
  "umap1": 0.11212825244219204,
  "umap2": 0.09256592529120222
}