{
  "No direct optim ancestor": "None",
  "umap1": 0.709882826786016,
  "umap2": 0.5344490152391408
}