{
  "No direct optim ancestor": "None",
  "umap1": 0.11037287345313407,
  "umap2": 0.21214493172922066
}