{
  "No direct optim ancestor": "None",
  "umap1": 0.335691793902935,
  "umap2": 0.23890464705278425
}