{
  "No direct optim ancestor": "None",
  "umap1": 0.27710019032235567,
  "umap2": 0.6997505499684333
}