{
  "No direct optim ancestor": "None",
  "umap1": 0.6671258478648797,
  "umap2": 0.9163674379702184
}