{
  "No direct optim ancestor": "None",
  "umap1": 0.6797097211816648,
  "umap2": 0.4862620686487874
}