{
  "No direct optim ancestor": "None",
  "umap1": 0.8263324415620003,
  "umap2": 0.5575628389465824
}