{
  "No direct optim ancestor": "None",
  "umap1": 0.31767291800257014,
  "umap2": 0.19882719498449175
}