{
  "No direct optim ancestor": "None",
  "umap1": 0.3709703531746351,
  "umap2": 0.7150791900740318
}