{
  "No direct optim ancestor": "None",
  "umap1": 0.22274410830194713,
  "umap2": 0.09429988207685047
}