{
  "No direct optim ancestor": "None",
  "umap1": 0.7371530961888706,
  "umap2": 0.31227236280734527
}