{
  "No direct optim ancestor": "None",
  "umap1": 0.742348286732422,
  "umap2": 0.5373620008596353
}