{
  "No direct optim ancestor": "None",
  "umap1": 0.7861346582315963,
  "umap2": 0.21426894158662413
}