{
  "No direct optim ancestor": "None",
  "umap1": 0.7029167123039018,
  "umap2": 0.5552028369437492
}