{
  "No direct optim ancestor": "None",
  "umap1": 0.20811336200881014,
  "umap2": 0.7988573832658213
}