{
  "No direct optim ancestor": "None",
  "umap1": 0.8424701589111985,
  "umap2": 0.6420573534090732
}