{
  "No direct optim ancestor": "None",
  "umap1": 0.851264012756862,
  "umap2": 0.03395580768009754
}