{
  "No direct optim ancestor": "None",
  "umap1": 0.47240344884224295,
  "umap2": 0.09616388925715269
}