{
  "No direct optim ancestor": "None",
  "umap1": 0.6570194411980177,
  "umap2": 0.7295570461674443
}