{
  "No direct optim ancestor": "None",
  "umap1": 0.16346704301129578,
  "umap2": 0.11769573625301644
}