{
  "No direct optim ancestor": "None",
  "umap1": 0.3863632949170429,
  "umap2": 0.3383475303125293
}