{
  "No direct optim ancestor": "None",
  "umap1": 0.3055213191243479,
  "umap2": 0.953454179646253
}