{
  "No direct optim ancestor": "None",
  "umap1": 0.1986215855229978,
  "umap2": 0.38395190021920234
}