{
  "No direct optim ancestor": "None",
  "umap1": 0.5160405200843495,
  "umap2": 0.40613671374498894
}