{
  "No direct optim ancestor": "None",
  "umap1": 0.1042401178673884,
  "umap2": 0.23487149559382192
}