{
  "No direct optim ancestor": "None",
  "umap1": 0.470259446145986,
  "umap2": 0.7888778353757561
}