{
  "No direct optim ancestor": "None",
  "umap1": 0.5024264941744166,
  "umap2": 0.49015126100562456
}