{
  "No direct optim ancestor": "None",
  "umap1": 0.7265866071739009,
  "umap2": 0.49709834615291526
}