{
  "No direct optim ancestor": "None",
  "umap1": 0.059353457363982676,
  "umap2": 0.20405190052494948
}