{
  "No direct optim ancestor": "None",
  "umap1": 0.9657332542799976,
  "umap2": 0.42255819800223415
}