{
  "No direct optim ancestor": "None",
  "umap1": 0.04386554494946415,
  "umap2": 0.8157544105825246
}