{
  "No direct optim ancestor": "None",
  "umap1": 0.27757154212069113,
  "umap2": 0.0005334989501445397
}