{
  "No direct optim ancestor": "None",
  "umap1": 0.04345116544630334,
  "umap2": 0.8343432427211815
}