{
  "No direct optim ancestor": "None",
  "umap1": 0.4458932132866936,
  "umap2": 0.14853239524070627
}