{
  "No direct optim ancestor": "None",
  "umap1": 0.7888807797113712,
  "umap2": 0.789623051803883
}