{
  "No direct optim ancestor": "None",
  "umap1": 0.3030061713131752,
  "umap2": 0.5547127879016253
}