{
  "No direct optim ancestor": "None",
  "umap1": 0.11783778642296872,
  "umap2": 0.8572059019822369
}