{
  "No direct optim ancestor": "None",
  "umap1": 0.832136012615337,
  "umap2": 0.47320542853328396
}