{
  "No direct optim ancestor": "None",
  "umap1": 0.03937166060191688,
  "umap2": 0.21419152479517845
}