{
  "No direct optim ancestor": "None",
  "umap1": 0.4894457787618498,
  "umap2": 0.9901979226655572
}