{
  "No direct optim ancestor": "None",
  "umap1": 0.5201902240225454,
  "umap2": 0.9320845889635516
}