{
  "No direct optim ancestor": "None",
  "umap1": 0.959071961270394,
  "umap2": 0.6647827330246525
}