{
  "No direct optim ancestor": "None",
  "umap1": 0.13998183961335453,
  "umap2": 0.6917858304360927
}