{
  "No direct optim ancestor": "None",
  "umap1": 0.8053001005485989,
  "umap2": 0.2581487536493555
}