{
  "No direct optim ancestor": "None",
  "umap1": 0.04240239793107892,
  "umap2": 0.20474642674138577
}