{
  "No direct optim ancestor": "None",
  "umap1": 0.943799854734178,
  "umap2": 0.7080216726866662
}