{
  "No direct optim ancestor": "None",
  "umap1": 0.597775851521419,
  "umap2": 0.039506067786465815
}