{
  "No direct optim ancestor": "None",
  "umap1": 0.4949363335046446,
  "umap2": 0.6071945770724405
}