{
  "No direct optim ancestor": "None",
  "umap1": 0.37355272304321485,
  "umap2": 0.4633895489363842
}