{
  "No direct optim ancestor": "None",
  "umap1": 0.35617941498705974,
  "umap2": 0.5373772038664429
}