{
  "No direct optim ancestor": "None",
  "umap1": 0.627176299799658,
  "umap2": 0.06267597641525724
}