{
  "No direct optim ancestor": "None",
  "umap1": 0.05838465899378831,
  "umap2": 0.07657625918102196
}