{
  "No direct optim ancestor": "None",
  "umap1": 0.5160163159841602,
  "umap2": 0.09953779919450645
}