{
  "No direct optim ancestor": "None",
  "umap1": 0.3376945315643841,
  "umap2": 0.18714780091569905
}