{
  "No direct optim ancestor": "None",
  "umap1": 0.8759226727544747,
  "umap2": 0.7820577140650006
}