{
  "No direct optim ancestor": "None",
  "umap1": 0.9556022643171203,
  "umap2": 0.22193173789938148
}