{
  "No direct optim ancestor": "None",
  "umap1": 0.6368601102020819,
  "umap2": 0.5503809111718415
}