{
  "No direct optim ancestor": "None",
  "umap1": 0.06956471335331982,
  "umap2": 0.5205131363334589
}