{
  "No direct optim ancestor": "None",
  "umap1": 0.018075393683549934,
  "umap2": 0.40072094660605373
}