{
  "No direct optim ancestor": "None",
  "umap1": 0.7606690307809384,
  "umap2": 0.21442990881630597
}