{
  "No direct optim ancestor": "None",
  "umap1": 0.43754833459344356,
  "umap2": 0.033385354171585946
}