{
  "No direct optim ancestor": "None",
  "umap1": 0.3640377670070919,
  "umap2": 0.4650170380397213
}