{
  "No direct optim ancestor": "None",
  "umap1": 0.46529821623557055,
  "umap2": 0.9689123281402594
}