{
  "No direct optim ancestor": "None",
  "umap1": 0.46289008044898905,
  "umap2": 0.48594580404928556
}