{
  "No direct optim ancestor": "None",
  "umap1": 0.9123072839698061,
  "umap2": 0.3053080503530967
}