{
  "No direct optim ancestor": "None",
  "umap1": 0.6475764649515281,
  "umap2": 0.8238055811443205
}