{
  "No direct optim ancestor": "None",
  "umap1": 0.43825566827337004,
  "umap2": 0.47179517308389685
}