{
  "No direct optim ancestor": "None",
  "umap1": 0.10921875558613381,
  "umap2": 0.3996914591227376
}