{
  "No direct optim ancestor": "None",
  "umap1": 0.7983639451801077,
  "umap2": 0.6352767036613298
}