{
  "No direct optim ancestor": "None",
  "umap1": 0.9531526446475862,
  "umap2": 0.5637285427663977
}