{
  "No direct optim ancestor": "None",
  "umap1": 0.8303728040877401,
  "umap2": 0.2700803438567617
}