{
  "No direct optim ancestor": "None",
  "umap1": 0.5888827015156944,
  "umap2": 0.47523006022609726
}