{
  "No direct optim ancestor": "None",
  "umap1": 0.31551462819851295,
  "umap2": 0.1620537859356007
}