{
  "No direct optim ancestor": "None",
  "umap1": 0.4303285795631554,
  "umap2": 0.6623708905977619
}