{
  "No direct optim ancestor": "None",
  "umap1": 0.47919471606853437,
  "umap2": 0.7154924660220305
}