{
  "No direct optim ancestor": "None",
  "umap1": 0.054154091969300544,
  "umap2": 0.49038514928508903
}