{
  "No direct optim ancestor": "None",
  "umap1": 0.42192984553223134,
  "umap2": 0.6325589823510196
}