{
  "No direct optim ancestor": "None",
  "umap1": 0.5952394028344994,
  "umap2": 0.01150637787123665
}