{
  "No direct optim ancestor": "None",
  "umap1": 0.9221691956343708,
  "umap2": 0.7847120709753471
}