{
  "No direct optim ancestor": "None",
  "umap1": 0.4934414120678128,
  "umap2": 0.2520875543260437
}