{
  "No direct optim ancestor": "None",
  "umap1": 0.5708736911043452,
  "umap2": 0.6496020732236651
}