{
  "No direct optim ancestor": "None",
  "umap1": 0.5715749059120809,
  "umap2": 0.9152762415831295
}