{
  "No direct optim ancestor": "None",
  "umap1": 0.5754018321799492,
  "umap2": 0.02382654991864952
}