{
  "No direct optim ancestor": "None",
  "umap1": 0.36273087300109297,
  "umap2": 0.711906965508333
}