{
  "No direct optim ancestor": "None",
  "umap1": 0.23170619014628424,
  "umap2": 0.29646856186754256
}