{
  "No direct optim ancestor": "None",
  "umap1": 0.47988372131988477,
  "umap2": 0.11992299008271601
}