{
  "No direct optim ancestor": "None",
  "umap1": 0.25983194125057385,
  "umap2": 0.3316149335087957
}