{
  "No direct optim ancestor": "None",
  "umap1": 0.43466108061357733,
  "umap2": 0.9971700528598006
}