{
  "No direct optim ancestor": "None",
  "umap1": 0.9319964383351254,
  "umap2": 0.3066376724425721
}