{
  "No direct optim ancestor": "None",
  "umap1": 0.10291444105224212,
  "umap2": 0.5054946433442408
}