{
  "No direct optim ancestor": "None",
  "umap1": 0.820597692583597,
  "umap2": 0.5590871022482562
}