{
  "No direct optim ancestor": "None",
  "umap1": 0.7002708291006037,
  "umap2": 0.6087666945759439
}