{
  "No direct optim ancestor": "None",
  "umap1": 0.5600391997744679,
  "umap2": 0.6503824207127908
}