{
  "No direct optim ancestor": "None",
  "umap1": 0.8508625719066919,
  "umap2": 0.8551001240177114
}