{
  "No direct optim ancestor": "None",
  "umap1": 0.2878070242702432,
  "umap2": 0.04711879947542341
}