{
  "No direct optim ancestor": "None",
  "umap1": 0.7298229739236597,
  "umap2": 0.6142360189389496
}