{
  "No direct optim ancestor": "None",
  "umap1": 0.35116443267354236,
  "umap2": 0.5718052277536485
}