{
  "No direct optim ancestor": "None",
  "umap1": 0.6108323759060684,
  "umap2": 0.8033408481355816
}