{
  "No direct optim ancestor": "None",
  "umap1": 0.29601956434629373,
  "umap2": 0.3079102600042568
}