{
  "No direct optim ancestor": "None",
  "umap1": 0.2771621054575708,
  "umap2": 0.03772302808694594
}