{
  "No direct optim ancestor": "None",
  "umap1": 0.5228192425652743,
  "umap2": 0.8527589762497402
}