{
  "No direct optim ancestor": "None",
  "umap1": 0.9099026378374213,
  "umap2": 0.07795621958253363
}