{
  "No direct optim ancestor": "None",
  "umap1": 0.3249204849300341,
  "umap2": 0.7971983530079045
}