{
  "No direct optim ancestor": "None",
  "umap1": 0.9097079098759504,
  "umap2": 0.7521408148975999
}