{
  "No direct optim ancestor": "None",
  "umap1": 0.5086924638946088,
  "umap2": 0.07423721355491153
}