{
  "No direct optim ancestor": "None",
  "umap1": 0.656781240506479,
  "umap2": 0.3886373692567535
}