{
  "No direct optim ancestor": "None",
  "umap1": 0.7759761063508567,
  "umap2": 0.8543423131903152
}