{
  "No direct optim ancestor": "None",
  "umap1": 0.21024337181830366,
  "umap2": 0.02746757766980601
}