{
  "No direct optim ancestor": "None",
  "umap1": 0.5298096476042318,
  "umap2": 0.5531931731274793
}