{
  "No direct optim ancestor": "None",
  "umap1": 0.7236224593970824,
  "umap2": 0.38812595501597913
}