{
  "No direct optim ancestor": "None",
  "umap1": 0.3731221106487048,
  "umap2": 0.7285382381361046
}