{
  "No direct optim ancestor": "None",
  "umap1": 0.8568549864584034,
  "umap2": 0.8145827746077585
}