{
  "No direct optim ancestor": "None",
  "umap1": 0.5438912016916725,
  "umap2": 0.7758937936940334
}