{
  "No direct optim ancestor": "None",
  "umap1": 0.5325464821216667,
  "umap2": 0.35131222656707517
}