{
  "No direct optim ancestor": "None",
  "umap1": 0.759819191434964,
  "umap2": 0.2480990959723538
}