{
  "No direct optim ancestor": "None",
  "umap1": 0.6127080968915962,
  "umap2": 0.03751817489266618
}