{
  "No direct optim ancestor": "None",
  "umap1": 0.8173561289444383,
  "umap2": 0.9336732816877149
}