{
  "No direct optim ancestor": "None",
  "umap1": 0.027210750105247206,
  "umap2": 0.3870107262795579
}