{
  "No direct optim ancestor": "None",
  "umap1": 0.7476657348213853,
  "umap2": 0.9109246420137841
}