{
  "No direct optim ancestor": "None",
  "umap1": 0.8691123324209019,
  "umap2": 0.6138315577392028
}