{
  "No direct optim ancestor": "None",
  "umap1": 0.5516071054871926,
  "umap2": 0.04307994656790859
}