{
  "No direct optim ancestor": "None",
  "umap1": 0.06806414111831338,
  "umap2": 0.1466305204214693
}