{
  "No direct optim ancestor": "None",
  "umap1": 0.8787361575042741,
  "umap2": 0.2099570886210549
}