{
  "No direct optim ancestor": "None",
  "umap1": 0.806990902948346,
  "umap2": 0.7164098375551288
}