{
  "No direct optim ancestor": "None",
  "umap1": 0.7267641274958343,
  "umap2": 0.16122333989365134
}