{
  "No direct optim ancestor": "None",
  "umap1": 0.6687585342556845,
  "umap2": 0.3791865995052556
}