{
  "No direct optim ancestor": "None",
  "umap1": 0.6640864432074615,
  "umap2": 0.5196468765496907
}