{
  "No direct optim ancestor": "None",
  "umap1": 0.10551474982088416,
  "umap2": 0.910462910419194
}