{
  "No direct optim ancestor": "None",
  "umap1": 0.40492850658492685,
  "umap2": 0.8173385140467321
}