{
  "No direct optim ancestor": "None",
  "umap1": 0.6262047313903273,
  "umap2": 0.8582007612957739
}