{
  "No direct optim ancestor": "None",
  "umap1": 0.5781620627402967,
  "umap2": 0.3420995230946626
}