{
  "No direct optim ancestor": "None",
  "umap1": 0.6725343939485727,
  "umap2": 0.6766981990045392
}