{
  "No direct optim ancestor": "None",
  "umap1": 0.4578511156423385,
  "umap2": 0.8134347802073556
}