{
  "No direct optim ancestor": "None",
  "umap1": 0.09917122655322197,
  "umap2": 0.366630450253301
}