{
  "No direct optim ancestor": "None",
  "umap1": 0.9734545701500795,
  "umap2": 0.23074513002226982
}