{
  "No direct optim ancestor": "None",
  "umap1": 0.8713934808638433,
  "umap2": 0.02099205613293864
}