{
  "No direct optim ancestor": "None",
  "umap1": 0.9783092502863404,
  "umap2": 0.6297723256786
}