{
  "No direct optim ancestor": "None",
  "umap1": 0.6782793033995743,
  "umap2": 0.09102339668034631
}