{
  "No direct optim ancestor": "None",
  "umap1": 0.6208692932492925,
  "umap2": 0.8618719177198244
}