{
  "No direct optim ancestor": "None",
  "umap1": 0.3876562927268441,
  "umap2": 0.9977735884476396
}