{
  "No direct optim ancestor": "None",
  "umap1": 0.27160474431979975,
  "umap2": 0.44520993102154716
}