{
  "Direct optim goal": "a close-up photo of a red lightning bolt with green sparks and blue glow",
  "umap1": 0.6157499510853665,
  "umap2": 0.5891433629033912
}