{
  "No direct optim ancestor": "None",
  "umap1": 0.8098491860810424,
  "umap2": 0.7516146733179323
}