{
  "No direct optim ancestor": "None",
  "umap1": 0.10173758393568244,
  "umap2": 0.8871218715106849
}