{
  "No direct optim ancestor": "None",
  "umap1": 0.39754131604274956,
  "umap2": 0.5733073843529033
}