{
  "No direct optim ancestor": "None",
  "umap1": 0.5427372028814088,
  "umap2": 0.5444203047748839
}