{
  "No direct optim ancestor": "None",
  "umap1": 0.2921209050863144,
  "umap2": 0.7941772155287414
}