{
  "No direct optim ancestor": "None",
  "umap1": 0.7861474896097622,
  "umap2": 0.3588400176869274
}