{
  "No direct optim ancestor": "None",
  "umap1": 0.8656175987727972,
  "umap2": 0.549252360050571
}