{
  "No direct optim ancestor": "None",
  "umap1": 0.38250557989667955,
  "umap2": 0.18507607000732984
}