{
  "No direct optim ancestor": "None",
  "umap1": 0.4555196648157238,
  "umap2": 0.9157451333438923
}