{
  "No direct optim ancestor": "None",
  "umap1": 0.6065125127869465,
  "umap2": 0.8961275321256893
}