{
  "No direct optim ancestor": "None",
  "umap1": 0.7052316059019467,
  "umap2": 0.6914573588478649
}