{
  "No direct optim ancestor": "None",
  "umap1": 0.5929208379361754,
  "umap2": 0.9834355450567938
}