{
  "No direct optim ancestor": "None",
  "umap1": 0.7588199809130126,
  "umap2": 0.7688152774075458
}