{
  "No direct optim ancestor": "None",
  "umap1": 0.13747489066352025,
  "umap2": 0.8467695990193084
}