{
  "No direct optim ancestor": "None",
  "umap1": 0.06293773513686107,
  "umap2": 0.5223437641167376
}