{
  "No direct optim ancestor": "None",
  "umap1": 0.4817923883028262,
  "umap2": 0.6038795072538119
}