{
  "No direct optim ancestor": "None",
  "umap1": 0.6980823210421497,
  "umap2": 0.21585717657143477
}