{
  "No direct optim ancestor": "None",
  "umap1": 0.9157299380569527,
  "umap2": 0.9964682446971945
}