{
  "No direct optim ancestor": "None",
  "umap1": 0.41206508741065895,
  "umap2": 0.7899812904042112
}