{
  "No direct optim ancestor": "None",
  "umap1": 0.20420543734830976,
  "umap2": 0.5789984218144054
}