{
  "No direct optim ancestor": "None",
  "umap1": 0.7209253058310499,
  "umap2": 0.7627087382073151
}