{
  "No direct optim ancestor": "None",
  "umap1": 0.9840714322896014,
  "umap2": 0.3942589721732407
}