{
  "No direct optim ancestor": "None",
  "umap1": 0.14616540853719795,
  "umap2": 0.8774759986771562
}