{
  "No direct optim ancestor": "None",
  "umap1": 0.22306997200644507,
  "umap2": 0.1520296989487503
}