{
  "No direct optim ancestor": "None",
  "umap1": 0.5042324192222901,
  "umap2": 0.008276319228194162
}