{
  "No direct optim ancestor": "None",
  "umap1": 0.09141332252518453,
  "umap2": 0.5509533722782566
}