{
  "No direct optim ancestor": "None",
  "umap1": 0.3666605294716728,
  "umap2": 0.07658878764623389
}