{
  "No direct optim ancestor": "None",
  "umap1": 0.7866480441037424,
  "umap2": 0.9940179616962889
}