{
  "No direct optim ancestor": "None",
  "umap1": 0.1416612549811388,
  "umap2": 0.6622670930659759
}