{
  "No direct optim ancestor": "None",
  "umap1": 0.6743670272872616,
  "umap2": 0.5670107792886904
}