{
  "No direct optim ancestor": "None",
  "umap1": 0.9095379226261047,
  "umap2": 0.45786668781047635
}