{
  "No direct optim ancestor": "None",
  "umap1": 0.7981073156813074,
  "umap2": 0.3192165450088196
}