{
  "No direct optim ancestor": "None",
  "umap1": 0.8508864547009989,
  "umap2": 0.08280179103406404
}