{
  "No direct optim ancestor": "None",
  "umap1": 0.23325132434412976,
  "umap2": 0.5747278942952653
}