{
  "No direct optim ancestor": "None",
  "umap1": 0.41381141422939194,
  "umap2": 0.6031837447084942
}