{
  "No direct optim ancestor": "None",
  "umap1": 0.1342878393422191,
  "umap2": 0.12703860923925125
}