{
  "No direct optim ancestor": "None",
  "umap1": 0.4042329989037601,
  "umap2": 0.12011348865063298
}