{
  "No direct optim ancestor": "None",
  "umap1": 0.5589342907474784,
  "umap2": 0.6122843539231521
}