{
  "No direct optim ancestor": "None",
  "umap1": 0.3852705650762044,
  "umap2": 0.3481265909232053
}