{
  "No direct optim ancestor": "None",
  "umap1": 0.6731688821764298,
  "umap2": 0.506240533755574
}