{
  "No direct optim ancestor": "None",
  "umap1": 0.40111092887792676,
  "umap2": 0.8823075937707453
}