{
  "No direct optim ancestor": "None",
  "umap1": 0.13375244712864698,
  "umap2": 0.765967813895255
}