{
  "No direct optim ancestor": "None",
  "umap1": 0.8014902819963803,
  "umap2": 0.7275619799131615
}