{
  "No direct optim ancestor": "None",
  "umap1": 0.36518162751249106,
  "umap2": 0.38480050964285406
}