{
  "No direct optim ancestor": "None",
  "umap1": 0.07154975595231217,
  "umap2": 0.5840484657613355
}