{
  "No direct optim ancestor": "None",
  "umap1": 0.783206068540081,
  "umap2": 0.6748984481200859
}