{
  "No direct optim ancestor": "None",
  "umap1": 0.25709799663850064,
  "umap2": 0.9350850391243818
}