{
  "No direct optim ancestor": "None",
  "umap1": 0.7024767814109089,
  "umap2": 0.35716893796814586
}