{
  "No direct optim ancestor": "None",
  "umap1": 0.013554570860085602,
  "umap2": 0.06347420351334254
}